{
"type": "FeatureCollection",
"name": "kamrup_metro_flood_exposure",
"crs": { "type": "name", "properties": { "name": "urn:ogc:def:crs:OGC:1.3:CRS84" } },
"features": [
{ "type": "Feature", "properties": { "District": "322", "Subdistt": "02127", "Town/Village": "303398", "Name": "Pamehi", "TRU": "Rural", "No_HH": 371, "TOT_P": 1761, "TOT_M": 869, "TOT_F": 892, "P_06": 216, "P_SC": 14, "P_ST": 160, "pc11_s_id": "18", "pc11_d_id": "322", "pc11_sd_id": "02127", "pc11_tv_id": "303398", "tv_name": "Pamehi", "mdds_og": 0, "total_area_sqm": 1254829.9899083092, "total_area_ha": 125.48299899083092, "flood_area_1998": 2253.3425983527777, "flood_pct_1998": 0.17957353717035646, "exposed_pop_1998": 3, "flood_area_1999": 255644.63618213078, "flood_pct_1999": 20.372850365236395, "exposed_pop_1999": 359, "flood_area_2004": 34738.741719366553, "flood_pct_2004": 2.7684022535917334, "exposed_pop_2004": 49, "flood_area_2012": 0.0, "flood_pct_2012": 0.0, "exposed_pop_2012": 0, "flood_area_2013": 0.0, "flood_pct_2013": 0.0, "exposed_pop_2013": 0, "flood_years_exposed": 3, "flood_frequency": 0.6, "max_flood_exposure_pct": 20.372850365236395, "exposure_note": "ESTIMATE: spatial overlap with historical flood inundation polygons only. NOT actual people affected." }, "geometry": { "type": "Polygon", "coordinates": [ [ [ 91.7024723679055, 26.105668950361771 ], [ 91.701733449000059, 26.105427635000034 ], [ 91.700611288000019, 26.105015297000023 ], [ 91.698090171000061, 26.104198228 ], [ 91.695418635000081, 26.103160961000071 ], [ 91.692279825000071, 26.10233855300006 ], [ 91.689915830000061, 26.102005526000038 ], [ 91.684914995, 26.101322510000013 ], [ 91.682657836000033, 26.101109263000044 ], [ 91.681002759000037, 26.101059330000087 ], [ 91.679693591000074, 26.101208657 ], [ 91.678536276000074, 26.101424347 ], [ 91.677066004000011, 26.101845337000018 ], [ 91.675202210000066, 26.102524516000081 ], [ 91.676113506732989, 26.104941877265908 ], [ 91.679204571933496, 26.103382525683028 ], [ 91.680131604789764, 26.103018747217455 ], [ 91.68089988122459, 26.102921535000956 ], [ 91.681663811236007, 26.102880059167433 ], [ 91.682607364638187, 26.103078078190833 ], [ 91.685073966690211, 26.103792694777095 ], [ 91.688113881150727, 26.105145020626264 ], [ 91.690079639064152, 26.106254311887067 ], [ 91.691690494820577, 26.106973364828967 ], [ 91.693549350322286, 26.10834045035153 ], [ 91.696612746081385, 26.110717661590854 ], [ 91.698171546379825, 26.111672684047171 ], [ 91.699212335381034, 26.112007926124914 ], [ 91.699997251072318, 26.11202270828139 ], [ 91.700623834822181, 26.112002999638761 ], [ 91.700947994554397, 26.111874568356708 ], [ 91.701341253695915, 26.11154690486579 ], [ 91.701723520424224, 26.110956853376166 ], [ 91.702026534397078, 26.110407686865322 ], [ 91.702408134727705, 26.108661753836948 ], [ 91.702471017123784, 26.107533208990485 ], [ 91.7024723679055, 26.105668950361771 ] ] ] } },
{ "type": "Feature", "properties": { "District": "322", "Subdistt": "02127", "Town/Village": "303399", "Name": "Char Majir N.C.", "TRU": "Rural", "No_HH": 0, "TOT_P": 0, "TOT_M": 0, "TOT_F": 0, "P_06": 0, "P_SC": 0, "P_ST": 0, "pc11_s_id": "18", "pc11_d_id": "322", "pc11_sd_id": "02127", "pc11_tv_id": "303399", "tv_name": "Char Majir N.C.", "mdds_og": 0, "total_area_sqm": 1979852.3523883612, "total_area_ha": 197.98523523883611, "flood_area_1998": 760565.23558554007, "flood_pct_1998": 38.415250241668026, "exposed_pop_1998": 0, "flood_area_1999": 76372.052785896245, "flood_pct_1999": 3.8574620321442716, "exposed_pop_1999": 0, "flood_area_2004": 85647.131120800273, "flood_pct_2004": 4.3259352657020766, "exposed_pop_2004": 0, "flood_area_2012": 26127.226688082123, "flood_pct_2012": 1.3196553094761831, "exposed_pop_2012": 0, "flood_area_2013": 0.0, "flood_pct_2013": 0.0, "exposed_pop_2013": 0, "flood_years_exposed": 4, "flood_frequency": 0.8, "max_flood_exposure_pct": 38.415250241668026, "exposure_note": "ESTIMATE: spatial overlap with historical flood inundation polygons only. NOT actual people affected." }, "geometry": { "type": "Polygon", "coordinates": [ [ [ 91.583452480247814, 26.141992089363519 ], [ 91.583460329000047, 26.141570115000068 ], [ 91.583548533000055, 26.141191703000022 ], [ 91.58383173200005, 26.140625653 ], [ 91.584467311000054, 26.139779114000028 ], [ 91.58541238300009, 26.138853936000039 ], [ 91.586096340000012, 26.138291386000034 ], [ 91.586829184000067, 26.137975475000097 ], [ 91.588137965, 26.137513585000072 ], [ 91.588680757000063, 26.13719546100004 ], [ 91.588934963000042, 26.136970106000046 ], [ 91.58911423400005, 26.136725182000031 ], [ 91.589281025000076, 26.136289288000025 ], [ 91.588037186000108, 26.136045891000048 ], [ 91.584504626000026, 26.135727365999983 ], [ 91.579423410000075, 26.13534195299998 ], [ 91.57416824000002, 26.135188944000021 ], [ 91.568208976000065, 26.134485224000059 ], [ 91.559715017, 26.133186867000013 ], [ 91.556034156551206, 26.13280917400429 ], [ 91.555323829730995, 26.133338923252758 ], [ 91.557279463976116, 26.134402965124792 ], [ 91.560318726428136, 26.136452908574981 ], [ 91.562405196742432, 26.138045664575849 ], [ 91.564560772761538, 26.139968364748345 ], [ 91.566297708072852, 26.140968770592377 ], [ 91.56819102829337, 26.141745511446235 ], [ 91.57054089294796, 26.14227750810052 ], [ 91.574423867867253, 26.142734382585697 ], [ 91.577436281059562, 26.142771731430248 ], [ 91.581853722171587, 26.142251544673112 ], [ 91.58312600026477, 26.141991527287178 ], [ 91.583452480247814, 26.141992089363519 ] ] ] } },
{ "type": "Feature", "properties": { "District": "322", "Subdistt": "02127", "Town/Village": "303400", "Name": "Chanchali", "TRU": "Rural", "No_HH": 0, "TOT_P": 0, "TOT_M": 0, "TOT_F": 0, "P_06": 0, "P_SC": 0, "P_ST": 0, "pc11_s_id": "18", "pc11_d_id": "322", "pc11_sd_id": "02127", "pc11_tv_id": "303400", "tv_name": "Chanchali", "mdds_og": 0, "total_area_sqm": 2189179.4606774817, "total_area_ha": 218.91794606774818, "flood_area_1998": 149824.1203303888, "flood_pct_1998": 6.8438482555479023, "exposed_pop_1998": 0, "flood_area_1999": 27822.92575287661, "flood_pct_1999": 1.2709294168266267, "exposed_pop_1999": 0, "flood_area_2004": 0.0, "flood_pct_2004": 0.0, "exposed_pop_2004": 0, "flood_area_2012": 0.0, "flood_pct_2012": 0.0, "exposed_pop_2012": 0, "flood_area_2013": 0.0, "flood_pct_2013": 0.0, "exposed_pop_2013": 0, "flood_years_exposed": 2, "flood_frequency": 0.4, "max_flood_exposure_pct": 6.8438482555479023, "exposure_note": "ESTIMATE: spatial overlap with historical flood inundation polygons only. NOT actual people affected." }, "geometry": { "type": "Polygon", "coordinates": [ [ [ 91.595629016565908, 26.145379757269989 ], [ 91.596386812301574, 26.145703920599502 ], [ 91.597792671194881, 26.146351198648972 ], [ 91.600539824853115, 26.147673766830877 ], [ 91.603267375089374, 26.149185162065621 ], [ 91.606038179118698, 26.151475646284091 ], [ 91.608989520250191, 26.15382492278205 ], [ 91.61068043185648, 26.154981770192627 ], [ 91.614312672192085, 26.15685835942579 ], [ 91.615802249874008, 26.157586912805815 ], [ 91.620739508121844, 26.159104793951123 ], [ 91.621669626552119, 26.159467166776381 ], [ 91.622171469000065, 26.159297073000072 ], [ 91.622588308, 26.159187595000073 ], [ 91.622967714000055, 26.159115943000096 ], [ 91.624508288000058, 26.159176279000025 ], [ 91.624884685000026, 26.15917742800012 ], [ 91.625069182000018, 26.159048758000043 ], [ 91.62512991400007, 26.15884559600002 ], [ 91.625307952000057, 26.157868459000085 ], [ 91.625319966000077, 26.157535943000017 ], [ 91.625259624000051, 26.157241317000064 ], [ 91.624448059000059, 26.156352962000014 ], [ 91.623838040000024, 26.155853703 ], [ 91.621969816000075, 26.1547351 ], [ 91.62022837300006, 26.153623594000049 ], [ 91.617688457000042, 26.152582630000072 ], [ 91.614826663000045, 26.151336239000063 ], [ 91.613415667000098, 26.150657796000061 ], [ 91.611750741, 26.149619275000109 ], [ 91.611207303000072, 26.149119055000021 ], [ 91.60786927300002, 26.145534297000069 ], [ 91.606172130000019, 26.142998046000095 ], [ 91.605145853000096, 26.141669981000078 ], [ 91.604350942000053, 26.141004422999988 ], [ 91.603478525000085, 26.140448081000052 ], [ 91.602365643000013, 26.139963996000056 ], [ 91.60006019900004, 26.139142374000109 ], [ 91.598191668000069, 26.138780161000071 ], [ 91.596263454000052, 26.138546288000082 ], [ 91.595897521000055, 26.138543560000034 ], [ 91.595472568000076, 26.138668723 ], [ 91.595093093000031, 26.139087717000027 ], [ 91.594951024000082, 26.139471688000089 ], [ 91.594920099, 26.139856524000045 ], [ 91.594913900000023, 26.140039563000091 ], [ 91.595120479000073, 26.14203939400009 ], [ 91.595384396000057, 26.143859830000078 ], [ 91.595629016565908, 26.145379757269989 ] ] ] } },
{ "type": "Feature", "properties": { "District": "322", "Subdistt": "02127", "Town/Village": "303401", "Name": "Gog", "TRU": "Rural", "No_HH": 328, "TOT_P": 1700, "TOT_M": 877, "TOT_F": 823, "P_06": 176, "P_SC": 16, "P_ST": 717, "pc11_s_id": "18", "pc11_d_id": "322", "pc11_sd_id": "02127", "pc11_tv_id": "303401", "tv_name": "Gog", "mdds_og": 0, "total_area_sqm": 1655070.0385138162, "total_area_ha": 165.50700385138163, "flood_area_1998": 143286.10041596697, "flood_pct_1998": 8.6574040422260268, "exposed_pop_1998": 147, "flood_area_1999": 363007.22353515489, "flood_pct_1999": 21.933043018597584, "exposed_pop_1999": 373, "flood_area_2004": 87829.944148913506, "flood_pct_2004": 5.3067206888586496, "exposed_pop_2004": 90, "flood_area_2012": 0.0, "flood_pct_2012": 0.0, "exposed_pop_2012": 0, "flood_area_2013": 0.0, "flood_pct_2013": 0.0, "exposed_pop_2013": 0, "flood_years_exposed": 3, "flood_frequency": 0.6, "max_flood_exposure_pct": 21.933043018597584, "exposure_note": "ESTIMATE: spatial overlap with historical flood inundation polygons only. NOT actual people affected." }, "geometry": { "type": "Polygon", "coordinates": [ [ [ 91.722933384268316, 26.11029516908685 ], [ 91.723039912000019, 26.109357628000041 ], [ 91.722987003000071, 26.108703100000064 ], [ 91.722775159000051, 26.107797841000036 ], [ 91.721562310000053, 26.104539777000024 ], [ 91.721136055000045, 26.102346845000035 ], [ 91.721133263000084, 26.101299382000054 ], [ 91.721095365000053, 26.101302740000065 ], [ 91.720875017000125, 26.101310491000085 ], [ 91.720458623000042, 26.101407079000083 ], [ 91.719354695, 26.10190501000007 ], [ 91.719113793000062, 26.101962954000069 ], [ 91.718779683000037, 26.10197453500005 ], [ 91.718596377000068, 26.101980880000042 ], [ 91.71783333100008, 26.101843348000031 ], [ 91.715969629000057, 26.10116909100002 ], [ 91.714654789000065, 26.10025964300009 ], [ 91.712275694000041, 26.098098335000053 ], [ 91.711190402000042, 26.097128158000071 ], [ 91.710989530000035, 26.097228935000061 ], [ 91.709772565000065, 26.097919599000097 ], [ 91.708778273000036, 26.098807525000023 ], [ 91.708038774000045, 26.099574642000078 ], [ 91.707200466328501, 26.100380239756316 ], [ 91.707489958095152, 26.101897372665661 ], [ 91.707754701418409, 26.103771876371074 ], [ 91.707690437663643, 26.104572234321211 ], [ 91.707495113009145, 26.106616887059708 ], [ 91.707588399684965, 26.107663909262069 ], [ 91.708083454887571, 26.109139717424057 ], [ 91.7089273328302, 26.109995900790217 ], [ 91.710079707912229, 26.110630915684307 ], [ 91.710893353345654, 26.110836088814526 ], [ 91.712599789049065, 26.11075932987923 ], [ 91.718305514388021, 26.110214166250856 ], [ 91.721675114015341, 26.110143482235948 ], [ 91.722933384268316, 26.11029516908685 ] ] ] } },
{ "type": "Feature", "properties": { "District": "322", "Subdistt": "02127", "Town/Village": "303402", "Name": "Gog N.C.", "TRU": "Rural", "No_HH": 44, "TOT_P": 199, "TOT_M": 99, "TOT_F": 100, "P_06": 23, "P_SC": 0, "P_ST": 121, "pc11_s_id": "18", "pc11_d_id": "322", "pc11_sd_id": "02127", "pc11_tv_id": "303402", "tv_name": "Gog N.C.", "mdds_og": 0, "total_area_sqm": 584618.9854263633, "total_area_ha": 58.461898542636334, "flood_area_1998": 0.0, "flood_pct_1998": 0.0, "exposed_pop_1998": 0, "flood_area_1999": 0.0, "flood_pct_1999": 0.0, "exposed_pop_1999": 0, "flood_area_2004": 0.0, "flood_pct_2004": 0.0, "exposed_pop_2004": 0, "flood_area_2012": 0.0, "flood_pct_2012": 0.0, "exposed_pop_2012": 0, "flood_area_2013": 0.0, "flood_pct_2013": 0.0, "exposed_pop_2013": 0, "flood_years_exposed": 0, "flood_frequency": 0.0, "max_flood_exposure_pct": 0.0, "exposure_note": "ESTIMATE: spatial overlap with historical flood inundation polygons only. NOT actual people affected." }, "geometry": { "type": "Polygon", "coordinates": [ [ [ 91.72113326300007, 26.101299382000036 ], [ 91.721218285000077, 26.10065978800003 ], [ 91.721662148000064, 26.098819352000078 ], [ 91.722722798000063, 26.095281901000078 ], [ 91.72166973700007, 26.095198967000044 ], [ 91.719609304000073, 26.095031801000061 ], [ 91.718706395000083, 26.095064169000068 ], [ 91.716515061000052, 26.095290558000045 ], [ 91.714503643000057, 26.095769314000052 ], [ 91.71238052700005, 26.096531839000079 ], [ 91.711190402000057, 26.097128158000032 ], [ 91.712275694000084, 26.098098335000032 ], [ 91.714654789000065, 26.100259643000072 ], [ 91.715969629000085, 26.101169091000031 ], [ 91.717833331000065, 26.101843348000045 ], [ 91.71859637700004, 26.101980880000042 ], [ 91.718779683000037, 26.101974535000068 ], [ 91.719113793000076, 26.101962954000044 ], [ 91.71935469500005, 26.101905010000053 ], [ 91.72045862300007, 26.101407079000069 ], [ 91.720875017000083, 26.101310491000049 ], [ 91.721095365000053, 26.101302740000051 ], [ 91.72113326300007, 26.101299382000036 ] ] ] } },
{ "type": "Feature", "properties": { "District": "322", "Subdistt": "02127", "Town/Village": "303403", "Name": "Lakhara N.C.", "TRU": "Rural", "No_HH": 9, "TOT_P": 31, "TOT_M": 19, "TOT_F": 12, "P_06": 3, "P_SC": 0, "P_ST": 7, "pc11_s_id": "18", "pc11_d_id": "322", "pc11_sd_id": "02127", "pc11_tv_id": "303403", "tv_name": "Lakhara N.C.", "mdds_og": 0, "total_area_sqm": 808805.4733411005, "total_area_ha": 80.880547334110048, "flood_area_1998": 0.0, "flood_pct_1998": 0.0, "exposed_pop_1998": 0, "flood_area_1999": 30371.629459591451, "flood_pct_1999": 3.7551216529394962, "exposed_pop_1999": 1, "flood_area_2004": 0.0, "flood_pct_2004": 0.0, "exposed_pop_2004": 0, "flood_area_2012": 0.0, "flood_pct_2012": 0.0, "exposed_pop_2012": 0, "flood_area_2013": 0.0, "flood_pct_2013": 0.0, "exposed_pop_2013": 0, "flood_years_exposed": 1, "flood_frequency": 0.2, "max_flood_exposure_pct": 3.7551216529394962, "exposure_note": "ESTIMATE: spatial overlap with historical flood inundation polygons only. NOT actual people affected." }, "geometry": { "type": "Polygon", "coordinates": [ [ [ 91.728550321340308, 26.096826158600361 ], [ 91.727339277000027, 26.096329993000023 ], [ 91.726238496000079, 26.095924032 ], [ 91.723287108000036, 26.095325992 ], [ 91.722722798000063, 26.095281901000078 ], [ 91.721662148000064, 26.098819352000113 ], [ 91.721218285000106, 26.100659788000069 ], [ 91.721133263000084, 26.101299382000054 ], [ 91.721502389000079, 26.101288395000033 ], [ 91.721808609, 26.101277578000026 ], [ 91.722621599000036, 26.10141275600002 ], [ 91.723128005000021, 26.101574953000029 ], [ 91.724035498000063, 26.102068093000064 ], [ 91.726372483000063, 26.103136004000049 ], [ 91.728156416000047, 26.103729699000056 ], [ 91.731420964000066, 26.104844628000023 ], [ 91.732742397000067, 26.105126116000044 ], [ 91.73378773500005, 26.105286736000011 ], [ 91.735008315181602, 26.105339794895688 ], [ 91.734694037200185, 26.104923820677772 ], [ 91.733296465559448, 26.1020709247334 ], [ 91.731219672849733, 26.099412106083886 ], [ 91.730630015263074, 26.09859050165042 ], [ 91.730207314116271, 26.098368889812473 ], [ 91.728810220915051, 26.097470916749455 ], [ 91.7285995754102, 26.097249743780715 ], [ 91.728530122567165, 26.097044662381297 ], [ 91.728550321340308, 26.096826158600361 ] ] ] } },
{ "type": "Feature", "properties": { "District": "322", "Subdistt": "02127", "Town/Village": "303404", "Name": "Lakhara", "TRU": "Rural", "No_HH": 55, "TOT_P": 265, "TOT_M": 144, "TOT_F": 121, "P_06": 34, "P_SC": 6, "P_ST": 20, "pc11_s_id": "18", "pc11_d_id": "322", "pc11_sd_id": "02127", "pc11_tv_id": "303404", "tv_name": "Lakhara", "mdds_og": 0, "total_area_sqm": 1407700.2527710195, "total_area_ha": 140.77002527710195, "flood_area_1998": 140623.21434629787, "flood_pct_1998": 9.9895708670567416, "exposed_pop_1998": 26, "flood_area_1999": 624032.49702224962, "flood_pct_1999": 44.329927183990961, "exposed_pop_1999": 117, "flood_area_2004": 160432.57517316294, "flood_pct_2004": 11.396785278496314, "exposed_pop_2004": 30, "flood_area_2012": 0.0, "flood_pct_2012": 0.0, "exposed_pop_2012": 0, "flood_area_2013": 0.0, "flood_pct_2013": 0.0, "exposed_pop_2013": 0, "flood_years_exposed": 3, "flood_frequency": 0.6, "max_flood_exposure_pct": 44.329927183990961, "exposure_note": "ESTIMATE: spatial overlap with historical flood inundation polygons only. NOT actual people affected." }, "geometry": { "type": "Polygon", "coordinates": [ [ [ 91.735008315181602, 26.105339794895688 ], [ 91.73378773500005, 26.105286736000011 ], [ 91.732742397000067, 26.105126116000044 ], [ 91.731420964000066, 26.104844628000023 ], [ 91.728156416000047, 26.103729699000056 ], [ 91.726372483000063, 26.103136004000049 ], [ 91.724035498000063, 26.102068093000064 ], [ 91.723128005000021, 26.101574953000029 ], [ 91.722621599000036, 26.10141275600002 ], [ 91.721808609, 26.101277578000026 ], [ 91.721502389000079, 26.101288395000033 ], [ 91.721133263000084, 26.101299382000054 ], [ 91.721136055000045, 26.102346845000035 ], [ 91.721562310000053, 26.104539777000024 ], [ 91.722775159000051, 26.107797841000036 ], [ 91.722987003000071, 26.108703100000064 ], [ 91.723039912000019, 26.109357628000041 ], [ 91.722933384268316, 26.11029516908685 ], [ 91.725226858732611, 26.110568999160044 ], [ 91.728343937722641, 26.111050360385857 ], [ 91.730926924637942, 26.111825520231591 ], [ 91.734595065909645, 26.113681914289 ], [ 91.736207634874489, 26.114364322555517 ], [ 91.737197420624469, 26.114434747565607 ], [ 91.738027550630989, 26.114422354008493 ], [ 91.73836382063385, 26.114307614904497 ], [ 91.738915462078992, 26.114037467555118 ], [ 91.739239656884664, 26.113699671402735 ], [ 91.739443185154897, 26.113307940209296 ], [ 91.739568996711895, 26.112695274367503 ], [ 91.739555632786278, 26.112161384640231 ], [ 91.739263169659679, 26.111355506651357 ], [ 91.738867573180016, 26.11028617136979 ], [ 91.738049908676444, 26.109365613632196 ], [ 91.735008315181602, 26.105339794895688 ] ] ] } },
{ "type": "Feature", "properties": { "District": "322", "Subdistt": "02127", "Town/Village": "303405", "Name": "Garbhanga N.C.", "TRU": "Rural", "No_HH": 562, "TOT_P": 2497, "TOT_M": 1300, "TOT_F": 1197, "P_06": 414, "P_SC": 26, "P_ST": 365, "pc11_s_id": "18", "pc11_d_id": "322", "pc11_sd_id": "02127", "pc11_tv_id": "303405", "tv_name": "Garbhanga N.C.", "mdds_og": 0, "total_area_sqm": 1230929.152679181, "total_area_ha": 123.0929152679181, "flood_area_1998": 0.0, "flood_pct_1998": 0.0, "exposed_pop_1998": 0, "flood_area_1999": 191.50019349896718, "flood_pct_1999": 0.015557369250875008, "exposed_pop_1999": 0, "flood_area_2004": 0.0, "flood_pct_2004": 0.0, "exposed_pop_2004": 0, "flood_area_2012": 0.0, "flood_pct_2012": 0.0, "exposed_pop_2012": 0, "flood_area_2013": 0.0, "flood_pct_2013": 0.0, "exposed_pop_2013": 0, "flood_years_exposed": 1, "flood_frequency": 0.2, "max_flood_exposure_pct": 0.015557369250875008, "exposure_note": "ESTIMATE: spatial overlap with historical flood inundation polygons only. NOT actual people affected." }, "geometry": { "type": "Polygon", "coordinates": [ [ [ 91.786124287405983, 26.105079024777211 ], [ 91.785283425000046, 26.105564263000058 ], [ 91.78299369000004, 26.106775525 ], [ 91.779363129000032, 26.108819587000021 ], [ 91.778881757000079, 26.109044812 ], [ 91.778631381000068, 26.109217571 ], [ 91.778158126000079, 26.109392417999988 ], [ 91.777786113000019, 26.109514987000093 ], [ 91.777107663000024, 26.1095891 ], [ 91.776643985000121, 26.109593446000101 ], [ 91.772577, 26.109189112000042 ], [ 91.771931574000035, 26.109280367000043 ], [ 91.771556910000029, 26.109419387000088 ], [ 91.771105345000052, 26.109577606000034 ], [ 91.770327, 26.109924697000064 ], [ 91.769595076000058, 26.110441765000036 ], [ 91.768898808000102, 26.111195638000062 ], [ 91.768346653775097, 26.112130890428276 ], [ 91.768462564695682, 26.112174971597746 ], [ 91.773458595437859, 26.113601280174947 ], [ 91.779829121217034, 26.115213817663641 ], [ 91.784468127402178, 26.115930681655719 ], [ 91.78513111031252, 26.11600500612612 ], [ 91.78539714506222, 26.115927951313989 ], [ 91.785726070301976, 26.11574776135015 ], [ 91.786055152023764, 26.115455665146925 ], [ 91.78650443713012, 26.11488485555169 ], [ 91.786983326119653, 26.113946266407151 ], [ 91.787321918172012, 26.112744503256291 ], [ 91.787325906665359, 26.111645702587172 ], [ 91.787157797294583, 26.109088381423717 ], [ 91.786629825106388, 26.106626466638172 ], [ 91.786124287405983, 26.105079024777211 ] ] ] } },
{ "type": "Feature", "properties": { "District": "322", "Subdistt": "02127", "Town/Village": "303406", "Name": "Mikirpara Chokardoi", "TRU": "Rural", "No_HH": 609, "TOT_P": 2802, "TOT_M": 1409, "TOT_F": 1393, "P_06": 262, "P_SC": 957, "P_ST": 167, "pc11_s_id": "18", "pc11_d_id": "322", "pc11_sd_id": "02127", "pc11_tv_id": "303406", "tv_name": "Mikirpara Chokardoi", "mdds_og": 0, "total_area_sqm": 2572294.6785021857, "total_area_ha": 257.22946785021855, "flood_area_1998": 836746.22101794684, "flood_pct_1998": 32.529174359804429, "exposed_pop_1998": 911, "flood_area_1999": 820487.49616321875, "flood_pct_1999": 31.897103509189627, "exposed_pop_1999": 894, "flood_area_2004": 1024777.602598574, "flood_pct_2004": 39.839043759764294, "exposed_pop_2004": 1116, "flood_area_2012": 0.0, "flood_pct_2012": 0.0, "exposed_pop_2012": 0, "flood_area_2013": 0.0, "flood_pct_2013": 0.0, "exposed_pop_2013": 0, "flood_years_exposed": 3, "flood_frequency": 0.6, "max_flood_exposure_pct": 39.839043759764294, "exposure_note": "ESTIMATE: spatial overlap with historical flood inundation polygons only. NOT actual people affected." }, "geometry": { "type": "Polygon", "coordinates": [ [ [ 91.633687315000032, 26.126350716000047 ], [ 91.630871859000081, 26.125628360000064 ], [ 91.630552807000072, 26.125444175000041 ], [ 91.630200172000059, 26.125223118000065 ], [ 91.628613801000085, 26.12337407800004 ], [ 91.628341084000056, 26.122985163000067 ], [ 91.628244605000077, 26.122725342000024 ], [ 91.628377954000086, 26.117955636000033 ], [ 91.628460663000055, 26.117590258000064 ], [ 91.628618413000083, 26.11735752900006 ], [ 91.62878883500008, 26.117206836000037 ], [ 91.629733673000032, 26.116186474000074 ], [ 91.62985750100006, 26.115985875000035 ], [ 91.629917143000057, 26.115753755000071 ], [ 91.629928729000085, 26.115521060000049 ], [ 91.629825543000038, 26.115306460000056 ], [ 91.627940805000037, 26.112571046000028 ], [ 91.627198492000048, 26.111127602000067 ], [ 91.626065345000086, 26.108229003000076 ], [ 91.625433404000034, 26.106637766000063 ], [ 91.625352895000049, 26.106224724000072 ], [ 91.625640745000055, 26.103737694000074 ], [ 91.624964924000039, 26.103673428000036 ], [ 91.624094460000038, 26.103700015000072 ], [ 91.620366478000051, 26.104101935000074 ], [ 91.617221424000036, 26.104582360000052 ], [ 91.615411461000065, 26.105172844000037 ], [ 91.613920067000038, 26.105885828000055 ], [ 91.612789368000051, 26.106505058000039 ], [ 91.612108384000067, 26.106841253000027 ], [ 91.611297574000048, 26.107704624000064 ], [ 91.611844494000081, 26.108089100000029 ], [ 91.613283008000053, 26.109398980000037 ], [ 91.614670198000056, 26.110529360000044 ], [ 91.615868154000054, 26.111590571000079 ], [ 91.616832688000045, 26.112812683000072 ], [ 91.617633195000053, 26.114100599000039 ], [ 91.61840776300005, 26.115134918000024 ], [ 91.619242823000036, 26.117116845000055 ], [ 91.620404175000033, 26.120600710000076 ], [ 91.621688371000062, 26.12317308300004 ], [ 91.622430013000042, 26.124297647000049 ], [ 91.62309467700004, 26.125933773000042 ], [ 91.623320854000042, 26.127225433000035 ], [ 91.626845146000051, 26.127015320000055 ], [ 91.628842827000085, 26.127029927000024 ], [ 91.632324045000075, 26.126589114000069 ], [ 91.633687315000032, 26.126350716000047 ] ] ] } },
{ "type": "Feature", "properties": { "District": "322", "Subdistt": "02127", "Town/Village": "303407", "Name": "Mirzapur", "TRU": "Rural", "No_HH": 737, "TOT_P": 3355, "TOT_M": 1677, "TOT_F": 1678, "P_06": 314, "P_SC": 109, "P_ST": 18, "pc11_s_id": "18", "pc11_d_id": "322", "pc11_sd_id": "02127", "pc11_tv_id": "303407", "tv_name": "Mirzapur", "mdds_og": 0, "total_area_sqm": 2084291.5575715594, "total_area_ha": 208.42915575715594, "flood_area_1998": 71325.235640268496, "flood_pct_1998": 3.4220373527478394, "exposed_pop_1998": 115, "flood_area_1999": 219925.60793113324, "flood_pct_1999": 10.551576008270743, "exposed_pop_1999": 354, "flood_area_2004": 97074.002260013222, "flood_pct_2004": 4.6574099437947947, "exposed_pop_2004": 156, "flood_area_2012": 1031.6827283714515, "flood_pct_2012": 0.049498004471767915, "exposed_pop_2012": 2, "flood_area_2013": 0.0, "flood_pct_2013": 0.0, "exposed_pop_2013": 0, "flood_years_exposed": 4, "flood_frequency": 0.8, "max_flood_exposure_pct": 10.551576008270743, "exposure_note": "ESTIMATE: spatial overlap with historical flood inundation polygons only. NOT actual people affected." }, "geometry": { "type": "Polygon", "coordinates": [ [ [ 91.594034306000083, 26.108370984000032 ], [ 91.594076118000032, 26.109312602000045 ], [ 91.594764158000032, 26.111141043000032 ], [ 91.595289022000031, 26.111978864000037 ], [ 91.596178493000082, 26.113375823000069 ], [ 91.596814582000036, 26.113590497000075 ], [ 91.596983214000034, 26.113710338000033 ], [ 91.597630884000068, 26.114136897000037 ], [ 91.597866858000032, 26.114243977000058 ], [ 91.598291839000069, 26.114271927000061 ], [ 91.598649942000065, 26.114298677000079 ], [ 91.599820887000078, 26.114328178000051 ], [ 91.60027072400004, 26.114395782000031 ], [ 91.601081718000046, 26.114728816000024 ], [ 91.605338029000052, 26.117450082000062 ], [ 91.606035003000045, 26.11670631800007 ], [ 91.606549616000052, 26.116467422000028 ], [ 91.608546985000032, 26.116106708000075 ], [ 91.611809271000084, 26.115754636000077 ], [ 91.613686792000067, 26.115431674000035 ], [ 91.615561495000065, 26.114990266000063 ], [ 91.616047667000032, 26.114734979000048 ], [ 91.61701781000005, 26.114267920000032 ], [ 91.617633195000053, 26.114100599000039 ], [ 91.616832688000045, 26.112812683000072 ], [ 91.615868154000054, 26.111590571000079 ], [ 91.614670198000056, 26.110529360000044 ], [ 91.613283008000053, 26.109398980000037 ], [ 91.611844494000081, 26.108089100000029 ], [ 91.611297574000048, 26.107704624000064 ], [ 91.610783648000051, 26.107477721000066 ], [ 91.610495578000041, 26.107286011000042 ], [ 91.609971054000084, 26.106901426000036 ], [ 91.609428569000045, 26.106534848000024 ], [ 91.609052703000032, 26.106342373000075 ], [ 91.608500541000069, 26.106233150000037 ], [ 91.605537720000086, 26.105647344000033 ], [ 91.602050824000059, 26.105126465000069 ], [ 91.598938458000077, 26.105109015000039 ], [ 91.596887345000084, 26.105282630000033 ], [ 91.59635320700005, 26.105404338000028 ], [ 91.596078918000046, 26.105579014000057 ], [ 91.595819916000039, 26.105858092000062 ], [ 91.595011458000045, 26.106976319000069 ], [ 91.594034306000083, 26.108370984000032 ] ] ] } },
{ "type": "Feature", "properties": { "District": "322", "Subdistt": "02127", "Town/Village": "303408", "Name": "Kendukuchi", "TRU": "Rural", "No_HH": 200, "TOT_P": 863, "TOT_M": 450, "TOT_F": 413, "P_06": 90, "P_SC": 0, "P_ST": 0, "pc11_s_id": "18", "pc11_d_id": "322", "pc11_sd_id": "02127", "pc11_tv_id": "303408", "tv_name": "Kendukuchi", "mdds_og": 0, "total_area_sqm": 1907882.2139854592, "total_area_ha": 190.78822139854591, "flood_area_1998": 1147110.2670874703, "flood_pct_1998": 60.124794847330811, "exposed_pop_1998": 519, "flood_area_1999": 1096410.7985199203, "flood_pct_1999": 57.467425949193142, "exposed_pop_1999": 496, "flood_area_2004": 1007580.271508968, "flood_pct_2004": 52.811450524725487, "exposed_pop_2004": 456, "flood_area_2012": 930532.00785499532, "flood_pct_2012": 48.773032267603462, "exposed_pop_2012": 421, "flood_area_2013": 83556.296428910064, "flood_pct_2013": 4.379531179462365, "exposed_pop_2013": 38, "flood_years_exposed": 5, "flood_frequency": 1.0, "max_flood_exposure_pct": 60.124794847330811, "exposure_note": "ESTIMATE: spatial overlap with historical flood inundation polygons only. NOT actual people affected." }, "geometry": { "type": "Polygon", "coordinates": [ [ [ 91.58781089200005, 26.110396791000028 ], [ 91.588109379000059, 26.112177988000042 ], [ 91.588429205000068, 26.116523361000077 ], [ 91.588499232000061, 26.117387005000069 ], [ 91.588441265000085, 26.118100944000048 ], [ 91.588261682000052, 26.118783377000057 ], [ 91.588029687000073, 26.119222082000078 ], [ 91.587782048000065, 26.11970634100004 ], [ 91.587684723000052, 26.12023817100004 ], [ 91.587714750000032, 26.125712946000078 ], [ 91.587899049000043, 26.132236932000069 ], [ 91.588123792000033, 26.133501734000049 ], [ 91.588056326000071, 26.134788999000023 ], [ 91.588037186000065, 26.136045891000037 ], [ 91.589281025000048, 26.136289288000057 ], [ 91.590000178000082, 26.135821241000031 ], [ 91.590461812000058, 26.13567297000003 ], [ 91.590809069000045, 26.135523700000078 ], [ 91.592498855000031, 26.135024943000076 ], [ 91.592660642000055, 26.134121176000065 ], [ 91.593488821000051, 26.130759546000036 ], [ 91.594748784000046, 26.124685081000052 ], [ 91.595234534000042, 26.120546751000063 ], [ 91.595575230000065, 26.115927102000057 ], [ 91.595861353000032, 26.114254125000059 ], [ 91.596178493000082, 26.113375823000069 ], [ 91.595289022000031, 26.111978864000037 ], [ 91.594764158000032, 26.111141043000032 ], [ 91.594076118000032, 26.109312602000045 ], [ 91.590389731000073, 26.109507417000032 ], [ 91.589785207000034, 26.10962831300003 ], [ 91.588760754000077, 26.109910267000032 ], [ 91.58781089200005, 26.110396791000028 ] ] ] } },
{ "type": "Feature", "properties": { "District": "322", "Subdistt": "02127", "Town/Village": "303409", "Name": "Agcia", "TRU": "Rural", "No_HH": 325, "TOT_P": 1410, "TOT_M": 703, "TOT_F": 707, "P_06": 117, "P_SC": 0, "P_ST": 1, "pc11_s_id": "18", "pc11_d_id": "322", "pc11_sd_id": "02127", "pc11_tv_id": "303409", "tv_name": "Agcia", "mdds_og": 0, "total_area_sqm": 2788934.1450770334, "total_area_ha": 278.89341450770337, "flood_area_1998": 1119246.6244504414, "flood_pct_1998": 40.131697854039025, "exposed_pop_1998": 566, "flood_area_1999": 1018752.6026327974, "flood_pct_1999": 36.528385025909543, "exposed_pop_1999": 515, "flood_area_2004": 980974.4511103956, "flood_pct_2004": 35.173811932490075, "exposed_pop_2004": 496, "flood_area_2012": 797918.05253649433, "flood_pct_2012": 28.610143195563154, "exposed_pop_2012": 403, "flood_area_2013": 760412.35037395405, "flood_pct_2013": 27.265339044172755, "exposed_pop_2013": 384, "flood_years_exposed": 5, "flood_frequency": 1.0, "max_flood_exposure_pct": 40.131697854039025, "exposure_note": "ESTIMATE: spatial overlap with historical flood inundation polygons only. NOT actual people affected." }, "geometry": { "type": "Polygon", "coordinates": [ [ [ 91.587810892000036, 26.110396791000046 ], [ 91.586869806000067, 26.110452019 ], [ 91.585952330000083, 26.110463449000054 ], [ 91.585471682000019, 26.110413379000086 ], [ 91.584960814000027, 26.110314465000073 ], [ 91.584319444000073, 26.109866418000038 ], [ 91.581529678, 26.107943013000057 ], [ 91.579573085000021, 26.105999649000022 ], [ 91.57840814700009, 26.104483647000087 ], [ 91.577461916000047, 26.103493624000063 ], [ 91.576533371000039, 26.102502812000061 ], [ 91.574574648000066, 26.099308004000044 ], [ 91.574239173000109, 26.098798714 ], [ 91.573847880000073, 26.098462509000075 ], [ 91.572780377000029, 26.097630893000012 ], [ 91.57156126200006, 26.096512117 ], [ 91.570705305000018, 26.095650172 ], [ 91.569893849621479, 26.094804401701843 ], [ 91.569547588150698, 26.094941816311845 ], [ 91.5690053581109, 26.095039303720924 ], [ 91.568735745858021, 26.095088026291435 ], [ 91.567916350159436, 26.095415151987744 ], [ 91.565599151579676, 26.097546151333884 ], [ 91.565076240775937, 26.098237775852695 ], [ 91.564936128199832, 26.098659201760821 ], [ 91.564912660391059, 26.099263615423585 ], [ 91.564998932354939, 26.100232079147201 ], [ 91.56499534765716, 26.100934633126904 ], [ 91.564968373391764, 26.108512763153513 ], [ 91.564821408880988, 26.10918335522765 ], [ 91.564509882824922, 26.109684119326726 ], [ 91.566848315000101, 26.110684906000081 ], [ 91.570435567000089, 26.112062637000033 ], [ 91.571420658000051, 26.112377173000034 ], [ 91.572410786, 26.112568784000079 ], [ 91.573173291000032, 26.112697942000018 ], [ 91.573566047000014, 26.112720959000058 ], [ 91.57716934600009, 26.113588589000081 ], [ 91.58147364000007, 26.114723022000064 ], [ 91.583745314000083, 26.115309388000085 ], [ 91.586556292000054, 26.115878278 ], [ 91.58842920500004, 26.116523361000077 ], [ 91.588109379000031, 26.112177988000074 ], [ 91.587810892000036, 26.110396791000046 ] ] ] } },
{ "type": "Feature", "properties": { "District": "322", "Subdistt": "02127", "Town/Village": "303410", "Name": "Barjhar", "TRU": "Rural", "No_HH": 652, "TOT_P": 3322, "TOT_M": 2205, "TOT_F": 1117, "P_06": 231, "P_SC": 79, "P_ST": 60, "pc11_s_id": "18", "pc11_d_id": "322", "pc11_sd_id": "02127", "pc11_tv_id": "303410", "tv_name": "Barjhar", "mdds_og": 0, "total_area_sqm": 4118517.7244668743, "total_area_ha": 411.85177244668745, "flood_area_1998": 1053347.4831660609, "flood_pct_1998": 25.575888065466867, "exposed_pop_1998": 850, "flood_area_1999": 849925.15033253771, "flood_pct_1999": 20.636675794385638, "exposed_pop_1999": 686, "flood_area_2004": 989682.99259449961, "flood_pct_2004": 24.030077294923142, "exposed_pop_2004": 798, "flood_area_2012": 552357.42645462358, "flood_pct_2012": 13.41155880362574, "exposed_pop_2012": 446, "flood_area_2013": 184286.79383029309, "flood_pct_2013": 4.4745902812436791, "exposed_pop_2013": 149, "flood_years_exposed": 5, "flood_frequency": 1.0, "max_flood_exposure_pct": 25.575888065466867, "exposure_note": "ESTIMATE: spatial overlap with historical flood inundation polygons only. NOT actual people affected." }, "geometry": { "type": "Polygon", "coordinates": [ [ [ 91.587810892000036, 26.110396791000046 ], [ 91.588760754000106, 26.109910267000025 ], [ 91.589785207000048, 26.109628313000055 ], [ 91.590389731000073, 26.109507417 ], [ 91.594076118, 26.109312602000045 ], [ 91.594034306000083, 26.108370984000029 ], [ 91.593381278000052, 26.107735026000078 ], [ 91.593076084000117, 26.107181541000024 ], [ 91.592202372000031, 26.104961915000047 ], [ 91.5914990200001, 26.10266871300011 ], [ 91.591007257000086, 26.1007728700001 ], [ 91.591092906000071, 26.09981128400003 ], [ 91.591197202000089, 26.099340511000069 ], [ 91.591419463000094, 26.099013968000051 ], [ 91.591725222000079, 26.098686493000045 ], [ 91.592068334000047, 26.098441467000022 ], [ 91.595518519000052, 26.096825208000052 ], [ 91.598175867000094, 26.095773845000014 ], [ 91.59757939900004, 26.095445340000012 ], [ 91.596453478000058, 26.094739402000044 ], [ 91.594230729000088, 26.09307966900003 ], [ 91.592771853000073, 26.091842913000018 ], [ 91.590191327000085, 26.089644693000036 ], [ 91.588238042000029, 26.088179549000046 ], [ 91.587092132000066, 26.087401652000075 ], [ 91.586439106000043, 26.087171927000075 ], [ 91.585981067000063, 26.086978003000105 ], [ 91.585508405000041, 26.086730424000049 ], [ 91.585022630000083, 26.086358745000027 ], [ 91.584405231915952, 26.086046410613406 ], [ 91.584206396308247, 26.086318995125524 ], [ 91.583569092639564, 26.086682123381344 ], [ 91.582363004649011, 26.08731572544043 ], [ 91.578865495346392, 26.089042682773655 ], [ 91.574501688901847, 26.091024328110279 ], [ 91.573616888208861, 26.091663033821977 ], [ 91.57325255755957, 26.091926687166911 ], [ 91.572319061275749, 26.092738962932849 ], [ 91.570745155964232, 26.09446505781623 ], [ 91.569893849621479, 26.094804401701843 ], [ 91.570705305000018, 26.095650172 ], [ 91.57156126200006, 26.096512117 ], [ 91.572780377000029, 26.097630893000012 ], [ 91.573847880000073, 26.098462509000075 ], [ 91.574239173000109, 26.098798714 ], [ 91.574574648000066, 26.099308004000044 ], [ 91.576533371000039, 26.102502812000061 ], [ 91.577461916000047, 26.103493624000063 ], [ 91.57840814700009, 26.104483647000087 ], [ 91.579573085000021, 26.105999649000022 ], [ 91.581529678, 26.107943013000057 ], [ 91.584319444000073, 26.109866418000038 ], [ 91.584960814000027, 26.110314465000073 ], [ 91.585471682000019, 26.110413379000086 ], [ 91.585952330000083, 26.110463449000054 ], [ 91.586869806000067, 26.110452019 ], [ 91.587810892000036, 26.110396791000046 ] ] ] } },
{ "type": "Feature", "properties": { "District": "322", "Subdistt": "02127", "Town/Village": "303411", "Name": "Pat Gaon", "TRU": "Rural", "No_HH": 684, "TOT_P": 2772, "TOT_M": 1732, "TOT_F": 1040, "P_06": 324, "P_SC": 72, "P_ST": 880, "pc11_s_id": "18", "pc11_d_id": "322", "pc11_sd_id": "02127", "pc11_tv_id": "303411", "tv_name": "Pat Gaon", "mdds_og": 0, "total_area_sqm": 3090490.2179842223, "total_area_ha": 309.04902179842225, "flood_area_1998": 258146.25992274628, "flood_pct_1998": 8.3529227311750756, "exposed_pop_1998": 232, "flood_area_1999": 382453.754581118, "flood_pct_1999": 12.375180880869253, "exposed_pop_1999": 343, "flood_area_2004": 20377.20879400074, "flood_pct_2004": 0.65935199132556421, "exposed_pop_2004": 18, "flood_area_2012": 23424.972148306919, "flood_pct_2012": 0.7579694642614303, "exposed_pop_2012": 21, "flood_area_2013": 0.0, "flood_pct_2013": 0.0, "exposed_pop_2013": 0, "flood_years_exposed": 4, "flood_frequency": 0.8, "max_flood_exposure_pct": 12.375180880869253, "exposure_note": "ESTIMATE: spatial overlap with historical flood inundation polygons only. NOT actual people affected." }, "geometry": { "type": "Polygon", "coordinates": [ [ [ 91.625640745000055, 26.103737694000074 ], [ 91.626100047000079, 26.103881241000067 ], [ 91.627412569000057, 26.104680192000046 ], [ 91.627556956000035, 26.104708687000027 ], [ 91.627658521000058, 26.104707567000048 ], [ 91.627746852000087, 26.104676505000043 ], [ 91.627795024000079, 26.104602765000038 ], [ 91.62780273900006, 26.104454265000072 ], [ 91.627810459000045, 26.104305762000024 ], [ 91.627626286000066, 26.103376216000072 ], [ 91.627335770000059, 26.102521115000059 ], [ 91.627143889000081, 26.101366040000073 ], [ 91.62624614300006, 26.101118752000048 ], [ 91.625172775000067, 26.100743820000048 ], [ 91.62333880400007, 26.099810421000029 ], [ 91.620382087000053, 26.097796884000047 ], [ 91.619478389000051, 26.097032673000058 ], [ 91.619056853000075, 26.096315981000032 ], [ 91.618488261000039, 26.094982224000034 ], [ 91.61764532400008, 26.091116179000039 ], [ 91.617623200000082, 26.090992292000067 ], [ 91.616805669000087, 26.090761542000052 ], [ 91.616289819000031, 26.09051759700003 ], [ 91.61538392600005, 26.089994337000064 ], [ 91.614045010000041, 26.089532100000042 ], [ 91.612547698000071, 26.089047889000028 ], [ 91.609703288000048, 26.08831146600005 ], [ 91.60678512000004, 26.087892854000074 ], [ 91.604478622000045, 26.087671381000064 ], [ 91.60511815600006, 26.088198056000067 ], [ 91.605392892000054, 26.088544471000034 ], [ 91.605541513000048, 26.088872729000059 ], [ 91.605681890000085, 26.089696815000025 ], [ 91.605546583000034, 26.091913856000076 ], [ 91.60542984600005, 26.092390187000035 ], [ 91.605117881000069, 26.093105757000046 ], [ 91.604498053000043, 26.094763645000057 ], [ 91.604321807000076, 26.094965740000077 ], [ 91.60399768700006, 26.095205256000042 ], [ 91.60330177600008, 26.095518776000063 ], [ 91.602194494000059, 26.095992684000066 ], [ 91.601567759000034, 26.09615784600004 ], [ 91.601050116000067, 26.096180118000063 ], [ 91.600555430000043, 26.096181322000064 ], [ 91.600259906000076, 26.09630448300004 ], [ 91.599718714000062, 26.096818390000067 ], [ 91.601594535000061, 26.098245611000038 ], [ 91.603107443000056, 26.100062341000068 ], [ 91.60585549700005, 26.103321970000025 ], [ 91.607216347000076, 26.104602817000057 ], [ 91.607876592000082, 26.105312169000058 ], [ 91.608285643000045, 26.10581477900007 ], [ 91.608500541000069, 26.106233150000037 ], [ 91.609052703000032, 26.106342373000075 ], [ 91.609428569000045, 26.106534848000024 ], [ 91.609971054000084, 26.106901426000036 ], [ 91.610495578000041, 26.107286011000042 ], [ 91.610783648000051, 26.107477721000066 ], [ 91.611297574000048, 26.107704624000064 ], [ 91.612108384000067, 26.106841253000027 ], [ 91.612789368000051, 26.106505058000039 ], [ 91.613920067000038, 26.105885828000055 ], [ 91.615411461000065, 26.105172844000037 ], [ 91.617221424000036, 26.104582360000052 ], [ 91.620366478000051, 26.104101935000074 ], [ 91.624094460000038, 26.103700015000072 ], [ 91.624964924000039, 26.103673428000036 ], [ 91.625640745000055, 26.103737694000074 ] ] ] } },
{ "type": "Feature", "properties": { "District": "322", "Subdistt": "02127", "Town/Village": "303412", "Name": "Jabe", "TRU": "Rural", "No_HH": 53, "TOT_P": 228, "TOT_M": 114, "TOT_F": 114, "P_06": 24, "P_SC": 0, "P_ST": 175, "pc11_s_id": "18", "pc11_d_id": "322", "pc11_sd_id": "02127", "pc11_tv_id": "303412", "tv_name": "Jabe", "mdds_og": 0, "total_area_sqm": 506392.11831685767, "total_area_ha": 50.639211831685763, "flood_area_1998": 0.0, "flood_pct_1998": 0.0, "exposed_pop_1998": 0, "flood_area_1999": 152158.04463751061, "flood_pct_1999": 30.047474898158445, "exposed_pop_1999": 69, "flood_area_2004": 0.0, "flood_pct_2004": 0.0, "exposed_pop_2004": 0, "flood_area_2012": 0.0, "flood_pct_2012": 0.0, "exposed_pop_2012": 0, "flood_area_2013": 0.0, "flood_pct_2013": 0.0, "exposed_pop_2013": 0, "flood_years_exposed": 1, "flood_frequency": 0.2, "max_flood_exposure_pct": 30.047474898158445, "exposure_note": "ESTIMATE: spatial overlap with historical flood inundation polygons only. NOT actual people affected." }, "geometry": { "type": "Polygon", "coordinates": [ [ [ 91.615905538809628, 26.084346727919179 ], [ 91.615523659689217, 26.084552422656245 ], [ 91.614933787164603, 26.084700310770799 ], [ 91.614421279718357, 26.084726063756854 ], [ 91.613760822104325, 26.084703275835615 ], [ 91.61286667116002, 26.084520744037139 ], [ 91.610888424361377, 26.084404664044055 ], [ 91.609139226793971, 26.084625648155153 ], [ 91.607844058256745, 26.085056087968191 ], [ 91.606918906782212, 26.085550555913446 ], [ 91.605798439646335, 26.086617471119407 ], [ 91.605203101941598, 26.087172129790044 ], [ 91.604960127607882, 26.087391133594025 ], [ 91.604598229624656, 26.087419330937418 ], [ 91.604173551768042, 26.087421923682903 ], [ 91.604478622000045, 26.087671381000106 ], [ 91.606785120000026, 26.087892854000046 ], [ 91.609703288000063, 26.088311466000043 ], [ 91.612547698000043, 26.089047889000046 ], [ 91.614045010000041, 26.089532100000053 ], [ 91.615383926000064, 26.089994337000107 ], [ 91.616289819000059, 26.090517597000058 ], [ 91.616805669000101, 26.090761542000081 ], [ 91.617623200000068, 26.090992292000077 ], [ 91.617252098000094, 26.088931212000073 ], [ 91.616297579000076, 26.086264162000113 ], [ 91.615905538809628, 26.084346727919179 ] ] ] } },
{ "type": "Feature", "properties": { "District": "322", "Subdistt": "02127", "Town/Village": "303413", "Name": "Jogipara", "TRU": "Rural", "No_HH": 1065, "TOT_P": 4482, "TOT_M": 2249, "TOT_F": 2233, "P_06": 394, "P_SC": 232, "P_ST": 79, "pc11_s_id": "18", "pc11_d_id": "322", "pc11_sd_id": "02127", "pc11_tv_id": "303413", "tv_name": "Jogipara", "mdds_og": 0, "total_area_sqm": 1737032.3570143883, "total_area_ha": 173.70323570143884, "flood_area_1998": 57421.590077932669, "flood_pct_1998": 3.3057294440173193, "exposed_pop_1998": 148, "flood_area_1999": 43139.156893657222, "flood_pct_1999": 2.4834975997686546, "exposed_pop_1999": 111, "flood_area_2004": 197868.8636229728, "flood_pct_2004": 11.391201944163543, "exposed_pop_2004": 511, "flood_area_2012": 137158.42017428615, "flood_pct_2012": 7.8961350155868182, "exposed_pop_2012": 354, "flood_area_2013": 0.0, "flood_pct_2013": 0.0, "exposed_pop_2013": 0, "flood_years_exposed": 4, "flood_frequency": 0.8, "max_flood_exposure_pct": 11.391201944163543, "exposure_note": "ESTIMATE: spatial overlap with historical flood inundation polygons only. NOT actual people affected." }, "geometry": { "type": "Polygon", "coordinates": [ [ [ 91.604478622000045, 26.087671381000099 ], [ 91.604173551768042, 26.087421923682896 ], [ 91.599252996628522, 26.085772867423973 ], [ 91.598882025385194, 26.085479790959631 ], [ 91.598843634226412, 26.085352503615145 ], [ 91.598245618000092, 26.085433814000059 ], [ 91.597657675000036, 26.085436279000085 ], [ 91.597038136000023, 26.085368065000036 ], [ 91.595651477000047, 26.084968104999984 ], [ 91.593198235, 26.084130189000021 ], [ 91.590474002000022, 26.083273584000022 ], [ 91.589284591000109, 26.082764885000032 ], [ 91.588947024000063, 26.082712713999978 ], [ 91.588462331000102, 26.082748079000062 ], [ 91.58800913, 26.082854809000011 ], [ 91.587759787000067, 26.083505441000021 ], [ 91.587607123000055, 26.083681292 ], [ 91.587288323000053, 26.083962436 ], [ 91.586956757000053, 26.08413925200006 ], [ 91.586519923000068, 26.08427926400001 ], [ 91.585941238000061, 26.084384387000092 ], [ 91.585420506000048, 26.084402038000043 ], [ 91.584451342855203, 26.08440033830508 ], [ 91.584508850003488, 26.084621665057828 ], [ 91.584451909428125, 26.0857428462554 ], [ 91.584405231915952, 26.086046410613406 ], [ 91.585022630000083, 26.086358745000027 ], [ 91.585508405000041, 26.086730424000049 ], [ 91.585981067000063, 26.086978003000105 ], [ 91.586439106000043, 26.087171927000075 ], [ 91.587092132000066, 26.087401652000075 ], [ 91.588238042000029, 26.088179549000046 ], [ 91.590191327000085, 26.089644693000036 ], [ 91.592771853000073, 26.091842913000018 ], [ 91.594230729000088, 26.09307966900003 ], [ 91.596453478000058, 26.094739402000044 ], [ 91.59757939900004, 26.095445340000012 ], [ 91.598175867000094, 26.095773845000014 ], [ 91.599718714000034, 26.096818390000109 ], [ 91.600259906000048, 26.096304483000043 ], [ 91.600555430000071, 26.096181322000067 ], [ 91.601050116000067, 26.096180118000056 ], [ 91.601567759, 26.096157846000079 ], [ 91.602194494000059, 26.095992684000091 ], [ 91.603301776000109, 26.095518776000048 ], [ 91.603997687000046, 26.095205256000042 ], [ 91.604321807000048, 26.09496574000012 ], [ 91.604498053000057, 26.094763645000096 ], [ 91.605117881000098, 26.093105757000057 ], [ 91.605429846000064, 26.092390187 ], [ 91.605546583000034, 26.091913856000115 ], [ 91.605681890000042, 26.089696815 ], [ 91.605541513000063, 26.088872729000023 ], [ 91.605392892000026, 26.088544471000041 ], [ 91.605118156000032, 26.088198056000067 ], [ 91.604478622000045, 26.087671381000099 ] ] ] } },
{ "type": "Feature", "properties": { "District": "322", "Subdistt": "02127", "Town/Village": "303414", "Name": "Matikutni", "TRU": "Rural", "No_HH": 2, "TOT_P": 11, "TOT_M": 6, "TOT_F": 5, "P_06": 2, "P_SC": 0, "P_ST": 0, "pc11_s_id": "18", "pc11_d_id": "322", "pc11_sd_id": "02127", "pc11_tv_id": "303414", "tv_name": "Matikutni", "mdds_og": 0, "total_area_sqm": 1324094.122859638, "total_area_ha": 132.40941228596378, "flood_area_1998": 173229.41115511689, "flood_pct_1998": 13.082862325602232, "exposed_pop_1998": 1, "flood_area_1999": 532217.6591379944, "flood_pct_1999": 40.194850951272798, "exposed_pop_1999": 4, "flood_area_2004": 49382.492410673316, "flood_pct_2004": 3.7295303678277985, "exposed_pop_2004": 0, "flood_area_2012": 4519.8822158451294, "flood_pct_2012": 0.34135656505170248, "exposed_pop_2012": 0, "flood_area_2013": 0.0, "flood_pct_2013": 0.0, "exposed_pop_2013": 0, "flood_years_exposed": 4, "flood_frequency": 0.8, "max_flood_exposure_pct": 40.194850951272798, "exposure_note": "ESTIMATE: spatial overlap with historical flood inundation polygons only. NOT actual people affected." }, "geometry": { "type": "Polygon", "coordinates": [ [ [ 91.598843634226412, 26.085352503615145 ], [ 91.598805245765561, 26.085225218069397 ], [ 91.598821688070501, 26.084918436836446 ], [ 91.599039003846983, 26.084482217980032 ], [ 91.599460597928314, 26.083355624662374 ], [ 91.599922050862048, 26.080683229847246 ], [ 91.600006066426857, 26.076882461956163 ], [ 91.600025688734647, 26.076435883809079 ], [ 91.600054261994671, 26.075783933781604 ], [ 91.600165228442606, 26.075378442061492 ], [ 91.600387891587957, 26.075058698899944 ], [ 91.600529151699021, 26.074877121282114 ], [ 91.599396757000036, 26.074759767 ], [ 91.597853640000082, 26.074613113000034 ], [ 91.595768062, 26.074257153000069 ], [ 91.592330909000097, 26.073713193000092 ], [ 91.58977429600013, 26.073213231000025 ], [ 91.588507023000076, 26.073112825000067 ], [ 91.588374247000019, 26.073591029000021 ], [ 91.588289271000093, 26.073819749000027 ], [ 91.588273211000086, 26.074100872000017 ], [ 91.588367502000082, 26.074346881000032 ], [ 91.588581289, 26.074680916000048 ], [ 91.588592838000068, 26.075119900000043 ], [ 91.588390216000093, 26.075842577000063 ], [ 91.588069678000039, 26.078393777000031 ], [ 91.58800913, 26.082854809000011 ], [ 91.588462331000102, 26.082748079000062 ], [ 91.588947024000063, 26.082712713999978 ], [ 91.589284591000109, 26.082764885000032 ], [ 91.590474002000022, 26.083273584000022 ], [ 91.593198235, 26.084130189000021 ], [ 91.595651477000047, 26.084968104999984 ], [ 91.597038136000023, 26.085368065000036 ], [ 91.597657675000036, 26.085436279000085 ], [ 91.598245618000092, 26.085433814000059 ], [ 91.598843634226412, 26.085352503615145 ] ] ] } },
{ "type": "Feature", "properties": { "District": "322", "Subdistt": "02127", "Town/Village": "303415", "Name": "Kamar Gaon", "TRU": "Rural", "No_HH": 1, "TOT_P": 2, "TOT_M": 2, "TOT_F": 0, "P_06": 0, "P_SC": 0, "P_ST": 0, "pc11_s_id": "18", "pc11_d_id": "322", "pc11_sd_id": "02127", "pc11_tv_id": "303415", "tv_name": "Kamar Gaon", "mdds_og": 0, "total_area_sqm": 1635262.0632005788, "total_area_ha": 163.52620632005787, "flood_area_1998": 600105.98588391626, "flood_pct_1998": 36.697847971191401, "exposed_pop_1998": 1, "flood_area_1999": 1399579.1443651267, "flood_pct_1999": 85.587452669563731, "exposed_pop_1999": 2, "flood_area_2004": 0.0, "flood_pct_2004": 0.0, "exposed_pop_2004": 0, "flood_area_2012": 0.0, "flood_pct_2012": 0.0, "exposed_pop_2012": 0, "flood_area_2013": 0.0, "flood_pct_2013": 0.0, "exposed_pop_2013": 0, "flood_years_exposed": 2, "flood_frequency": 0.4, "max_flood_exposure_pct": 85.587452669563731, "exposure_note": "ESTIMATE: spatial overlap with historical flood inundation polygons only. NOT actual people affected." }, "geometry": { "type": "Polygon", "coordinates": [ [ [ 91.6000812866221, 26.065814429991985 ], [ 91.598867489642984, 26.064457364715654 ], [ 91.598449169993316, 26.063799292103695 ], [ 91.59780716800006, 26.063095026000038 ], [ 91.59734750100003, 26.062735526000047 ], [ 91.59638687900005, 26.062213219000085 ], [ 91.595364508000017, 26.061747214999986 ], [ 91.592247080000092, 26.060867557000034 ], [ 91.590646081751359, 26.060390547685675 ], [ 91.590550872324968, 26.060852500642451 ], [ 91.590338182661043, 26.061767532945357 ], [ 91.590204209756536, 26.06411084244149 ], [ 91.590083430805791, 26.065549581448089 ], [ 91.589866898338727, 26.06632899688579 ], [ 91.589547979855453, 26.066802864960348 ], [ 91.589156362875897, 26.067208446612611 ], [ 91.58882597983515, 26.067375136853155 ], [ 91.587891273963166, 26.067409656430485 ], [ 91.587361959986509, 26.067307865765432 ], [ 91.587221865396799, 26.067226086814532 ], [ 91.587115937000078, 26.067449957000033 ], [ 91.587113986000105, 26.067783572000014 ], [ 91.587282739000031, 26.06887307 ], [ 91.588507023000076, 26.073112825000067 ], [ 91.58977429600013, 26.073213231000025 ], [ 91.592330909000097, 26.073713193000092 ], [ 91.595768062, 26.074257153000069 ], [ 91.597853640000082, 26.074613113000034 ], [ 91.599396757000036, 26.074759767 ], [ 91.600529151699021, 26.074877121282114 ], [ 91.600671489197879, 26.074694509444107 ], [ 91.601096161658546, 26.074170459199397 ], [ 91.601809540777793, 26.072051818336739 ], [ 91.602373271809071, 26.068604237595494 ], [ 91.602333934563518, 26.068231509976236 ], [ 91.602205073405415, 26.067942635144536 ], [ 91.601793836816199, 26.067491419193711 ], [ 91.600353981750885, 26.066118462896792 ], [ 91.6000812866221, 26.065814429991985 ] ] ] } },
{ "type": "Feature", "properties": { "District": "322", "Subdistt": "02127", "Town/Village": "303416", "Name": "Pacheniapara", "TRU": "Rural", "No_HH": 541, "TOT_P": 2446, "TOT_M": 1245, "TOT_F": 1201, "P_06": 270, "P_SC": 12, "P_ST": 0, "pc11_s_id": "18", "pc11_d_id": "322", "pc11_sd_id": "02127", "pc11_tv_id": "303416", "tv_name": "Pacheniapara", "mdds_og": 0, "total_area_sqm": 1810205.6348745658, "total_area_ha": 181.02056348745657, "flood_area_1998": 791125.96330743819, "flood_pct_1998": 43.703651566760122, "exposed_pop_1998": 1069, "flood_area_1999": 1149572.3140157212, "flood_pct_1999": 63.505067704386988, "exposed_pop_1999": 1553, "flood_area_2004": 0.0, "flood_pct_2004": 0.0, "exposed_pop_2004": 0, "flood_area_2012": 71519.704023426384, "flood_pct_2012": 3.9509159979154629, "exposed_pop_2012": 97, "flood_area_2013": 260603.36831058178, "flood_pct_2013": 14.396340575342409, "exposed_pop_2013": 352, "flood_years_exposed": 4, "flood_frequency": 0.8, "max_flood_exposure_pct": 63.505067704386988, "exposure_note": "ESTIMATE: spatial overlap with historical flood inundation polygons only. NOT actual people affected." }, "geometry": { "type": "Polygon", "coordinates": [ [ [ 91.58800913, 26.082854809000011 ], [ 91.588069678000039, 26.078393777000031 ], [ 91.588390216000093, 26.075842577000063 ], [ 91.588592838000068, 26.075119900000043 ], [ 91.588581289, 26.074680916000048 ], [ 91.588367502000082, 26.074346881000032 ], [ 91.588273211000086, 26.074100872000017 ], [ 91.588289271000093, 26.073819749000027 ], [ 91.588374247000019, 26.073591029000021 ], [ 91.588507023000076, 26.073112825000067 ], [ 91.587282739000031, 26.06887307 ], [ 91.587113986000105, 26.067783572000014 ], [ 91.587115937000078, 26.067449957000033 ], [ 91.587221865396799, 26.067226086814532 ], [ 91.587081756417987, 26.067144304266243 ], [ 91.585580825000079, 26.066850625 ], [ 91.581837499000059, 26.065543414000025 ], [ 91.580220768000061, 26.065071479000057 ], [ 91.57765772900008, 26.064352323000062 ], [ 91.575761940000078, 26.063632961000049 ], [ 91.574587396000055, 26.063264001000075 ], [ 91.57381432300005, 26.063123844000025 ], [ 91.571409379039622, 26.062994416858842 ], [ 91.571627585144995, 26.063367968257189 ], [ 91.572187959007152, 26.064327159970535 ], [ 91.575866209558043, 26.070566796620387 ], [ 91.576014628272517, 26.070704698662972 ], [ 91.577170477435658, 26.07177913489922 ], [ 91.578656744713086, 26.073052092879845 ], [ 91.580984870955092, 26.074841043179653 ], [ 91.581662844664621, 26.075507686330734 ], [ 91.582366245805602, 26.076465908574864 ], [ 91.583629822058654, 26.081255533216297 ], [ 91.584451342855203, 26.08440033830508 ], [ 91.585420506000048, 26.084402038000043 ], [ 91.585941238000061, 26.084384387000092 ], [ 91.586519923000068, 26.08427926400001 ], [ 91.586956757000053, 26.08413925200006 ], [ 91.587288323000053, 26.083962436 ], [ 91.587607123000055, 26.083681292 ], [ 91.587759787000067, 26.083505441000021 ], [ 91.58800913, 26.082854809000011 ] ] ] } },
{ "type": "Feature", "properties": { "District": "322", "Subdistt": "02127", "Town/Village": "303417", "Name": "Deurali", "TRU": "Rural", "No_HH": 28, "TOT_P": 135, "TOT_M": 78, "TOT_F": 57, "P_06": 29, "P_SC": 0, "P_ST": 0, "pc11_s_id": "18", "pc11_d_id": "322", "pc11_sd_id": "02127", "pc11_tv_id": "303417", "tv_name": "Deurali", "mdds_og": 0, "total_area_sqm": 1365676.4967723715, "total_area_ha": 136.56764967723714, "flood_area_1998": 526926.90549164591, "flood_pct_1998": 38.583581597617048, "exposed_pop_1998": 52, "flood_area_1999": 1048865.2641946608, "flood_pct_1999": 76.80188292568117, "exposed_pop_1999": 104, "flood_area_2004": 0.0, "flood_pct_2004": 0.0, "exposed_pop_2004": 0, "flood_area_2012": 0.0, "flood_pct_2012": 0.0, "exposed_pop_2012": 0, "flood_area_2013": 111047.9475667619, "flood_pct_2013": 8.1313508601203655, "exposed_pop_2013": 11, "flood_years_exposed": 3, "flood_frequency": 0.6, "max_flood_exposure_pct": 76.80188292568117, "exposure_note": "ESTIMATE: spatial overlap with historical flood inundation polygons only. NOT actual people affected." }, "geometry": { "type": "Polygon", "coordinates": [ [ [ 91.584385697741851, 26.058535532289095 ], [ 91.58390664687434, 26.058287832917149 ], [ 91.581222253304432, 26.057191885796982 ], [ 91.577891156351839, 26.056421798127527 ], [ 91.57292093255505, 26.055813644184322 ], [ 91.569007786280395, 26.055841864010887 ], [ 91.568307398767516, 26.055870584759688 ], [ 91.568145456048015, 26.055974237920765 ], [ 91.568072729672778, 26.056153224591672 ], [ 91.56809606618053, 26.056379860941892 ], [ 91.569552403120994, 26.059549913597646 ], [ 91.570126918822311, 26.060797895606491 ], [ 91.571409379039622, 26.062994416858842 ], [ 91.57381432300005, 26.063123844000025 ], [ 91.574587396000055, 26.063264001000075 ], [ 91.575761940000078, 26.063632961000049 ], [ 91.57765772900008, 26.064352323000062 ], [ 91.580220768000061, 26.065071479000057 ], [ 91.581837499000059, 26.065543414000025 ], [ 91.585580825000079, 26.066850625 ], [ 91.587081756417987, 26.067144304266243 ], [ 91.586791606347617, 26.066876523932514 ], [ 91.586138231793953, 26.065478677099296 ], [ 91.585106212082053, 26.061430211635006 ], [ 91.584928411616943, 26.059203478557702 ], [ 91.584860428266168, 26.058844653557944 ], [ 91.584611319656787, 26.058652463040843 ], [ 91.584385697741851, 26.058535532289095 ] ] ] } },
{ "type": "Feature", "properties": { "District": "322", "Subdistt": "02127", "Town/Village": "303418", "Name": "Jangaliapara", "TRU": "Rural", "No_HH": 0, "TOT_P": 0, "TOT_M": 0, "TOT_F": 0, "P_06": 0, "P_SC": 0, "P_ST": 0, "pc11_s_id": "18", "pc11_d_id": "322", "pc11_sd_id": "02127", "pc11_tv_id": "303418", "tv_name": "Jangaliapara", "mdds_og": 0, "total_area_sqm": 408206.01125157526, "total_area_ha": 40.820601125157523, "flood_area_1998": 74986.717732426972, "flood_pct_1998": 18.36982201769024, "exposed_pop_1998": 0, "flood_area_1999": 367321.79745747958, "flood_pct_1999": 89.984416528129245, "exposed_pop_1999": 0, "flood_area_2004": 0.0, "flood_pct_2004": 0.0, "exposed_pop_2004": 0, "flood_area_2012": 0.0, "flood_pct_2012": 0.0, "exposed_pop_2012": 0, "flood_area_2013": 0.0, "flood_pct_2013": 0.0, "exposed_pop_2013": 0, "flood_years_exposed": 2, "flood_frequency": 0.4, "max_flood_exposure_pct": 89.984416528129245, "exposure_note": "ESTIMATE: spatial overlap with historical flood inundation polygons only. NOT actual people affected." }, "geometry": { "type": "Polygon", "coordinates": [ [ [ 91.599353191896341, 26.058466948191146 ], [ 91.599348421892216, 26.05835830109476 ], [ 91.599216537213479, 26.058178639932368 ], [ 91.598926386243733, 26.058001210887223 ], [ 91.597154419640788, 26.057468131449209 ], [ 91.59342327186657, 26.056718615771597 ], [ 91.591834039409463, 26.05675089064113 ], [ 91.591526887655746, 26.056783892163001 ], [ 91.59136248439124, 26.056950594094726 ], [ 91.591270049373378, 26.057191103386764 ], [ 91.591184674932791, 26.057536892713447 ], [ 91.591168452062448, 26.057715984605075 ], [ 91.591122756609963, 26.058226377745182 ], [ 91.590686509874615, 26.060192418944979 ], [ 91.590646081751359, 26.060390547685682 ], [ 91.592247080000092, 26.060867557000041 ], [ 91.595364508000017, 26.061747215 ], [ 91.59638687900005, 26.062213219000093 ], [ 91.59734750100003, 26.062735526000054 ], [ 91.59780716800006, 26.063095026000045 ], [ 91.598449169993316, 26.063799292103702 ], [ 91.598365744383699, 26.063137483707973 ], [ 91.598400535556294, 26.062598883331852 ], [ 91.599321435036259, 26.058955092103904 ], [ 91.59935790524321, 26.058591552857909 ], [ 91.599353191896341, 26.058466948191146 ] ] ] } },
{ "type": "Feature", "properties": { "District": "322", "Subdistt": "02127", "Town/Village": "303419", "Name": "Azara (CT)", "TRU": "Urban", "No_HH": 2002, "TOT_P": 8780, "TOT_M": 4454, "TOT_F": 4326, "P_06": 792, "P_SC": 1483, "P_ST": 101, "pc11_s_id": "18", "pc11_d_id": "322", "pc11_sd_id": "02127", "pc11_tv_id": "303419", "tv_name": "Azara", "mdds_og": 0, "total_area_sqm": 1639850.1615351953, "total_area_ha": 163.98501615351952, "flood_area_1998": 408297.11125923705, "flood_pct_1998": 24.898440164618293, "exposed_pop_1998": 2186, "flood_area_1999": 309477.75406194717, "flood_pct_1999": 18.872319027747036, "exposed_pop_1999": 1657, "flood_area_2004": 187238.26719153876, "flood_pct_2004": 11.418010717287121, "exposed_pop_2004": 1003, "flood_area_2012": 213514.35534610978, "flood_pct_2012": 13.020357612809077, "exposed_pop_2012": 1143, "flood_area_2013": 0.0, "flood_pct_2013": 0.0, "exposed_pop_2013": 0, "flood_years_exposed": 4, "flood_frequency": 0.8, "max_flood_exposure_pct": 24.898440164618293, "exposure_note": "ESTIMATE: spatial overlap with historical flood inundation polygons only. NOT actual people affected." }, "geometry": { "type": "Polygon", "coordinates": [ [ [ 91.623320854000042, 26.127225433000035 ], [ 91.62309467700004, 26.125933773000042 ], [ 91.622430013000042, 26.124297647000049 ], [ 91.621688371000062, 26.12317308300004 ], [ 91.620404175000033, 26.120600710000076 ], [ 91.619242823000036, 26.117116845000055 ], [ 91.61840776300005, 26.115134918000024 ], [ 91.617633195000053, 26.114100599000039 ], [ 91.61701781000005, 26.114267920000032 ], [ 91.616047667000032, 26.114734979000048 ], [ 91.615561495000065, 26.114990266000063 ], [ 91.613686792000067, 26.115431674000035 ], [ 91.611809271000084, 26.115754636000077 ], [ 91.608546985000032, 26.116106708000075 ], [ 91.606549616000052, 26.116467422000028 ], [ 91.606035003000045, 26.11670631800007 ], [ 91.605338029000052, 26.117450082000062 ], [ 91.606307539000056, 26.118211414000029 ], [ 91.60772982800006, 26.119229293000046 ], [ 91.609339258000034, 26.12080966700006 ], [ 91.611024814000075, 26.12303177900003 ], [ 91.611763296000049, 26.124397991000023 ], [ 91.612938661000044, 26.126702855000076 ], [ 91.613431428000069, 26.127586492000034 ], [ 91.61373112800004, 26.128015903000062 ], [ 91.614602606000062, 26.128739133000067 ], [ 91.616630830000076, 26.13008873900003 ], [ 91.617832759000066, 26.129156220000027 ], [ 91.618974784000045, 26.128492648000076 ], [ 91.620085552000035, 26.127976285000045 ], [ 91.623320854000042, 26.127225433000035 ] ] ] } },
{ "type": "Feature", "properties": { "District": "322", "Subdistt": "02127", "Town/Village": "303420", "Name": "Garal (CT)", "TRU": "Urban", "No_HH": 973, "TOT_P": 4400, "TOT_M": 2239, "TOT_F": 2161, "P_06": 372, "P_SC": 144, "P_ST": 4, "pc11_s_id": "18", "pc11_d_id": "322", "pc11_sd_id": "02127", "pc11_tv_id": "303420", "tv_name": "Garal", "mdds_og": 0, "total_area_sqm": 4268819.0316870166, "total_area_ha": 426.88190316870168, "flood_area_1998": 3137474.1115637687, "flood_pct_1998": 73.497472914045133, "exposed_pop_1998": 3234, "flood_area_1999": 2585098.1456487365, "flood_pct_1999": 60.557688823532033, "exposed_pop_1999": 2665, "flood_area_2004": 3024422.8374986984, "flood_pct_2004": 70.849169642674241, "exposed_pop_2004": 3117, "flood_area_2012": 1329376.7988183987, "flood_pct_2012": 31.141559034256726, "exposed_pop_2012": 1370, "flood_area_2013": 276914.38152991771, "flood_pct_2013": 6.4869084277035389, "exposed_pop_2013": 285, "flood_years_exposed": 5, "flood_frequency": 1.0, "max_flood_exposure_pct": 73.497472914045133, "exposure_note": "ESTIMATE: spatial overlap with historical flood inundation polygons only. NOT actual people affected." }, "geometry": { "type": "Polygon", "coordinates": [ [ [ 91.592498855000031, 26.135024943000076 ], [ 91.594019188000061, 26.135092020000059 ], [ 91.596094409000045, 26.134916621000059 ], [ 91.59721529400008, 26.134886258000051 ], [ 91.597744750000061, 26.134927499000071 ], [ 91.599259945000085, 26.135488523000049 ], [ 91.603853927000046, 26.136887234000028 ], [ 91.606416399000068, 26.137584655000069 ], [ 91.60911832000005, 26.137996168000029 ], [ 91.611378401000081, 26.138519317000032 ], [ 91.612549810000075, 26.138904412000045 ], [ 91.614681830000052, 26.139263825000057 ], [ 91.614695348000055, 26.138920276000079 ], [ 91.614831824000078, 26.138529070000061 ], [ 91.615058011000031, 26.138308833000053 ], [ 91.615237959000069, 26.138039522000042 ], [ 91.615356921000057, 26.13747539600007 ], [ 91.615648362000059, 26.135065600000075 ], [ 91.61607831200007, 26.131706823000059 ], [ 91.616013826000085, 26.130946678000043 ], [ 91.616074609000066, 26.130652043000055 ], [ 91.616630830000076, 26.13008873900003 ], [ 91.614602606000062, 26.128739133000067 ], [ 91.61373112800004, 26.128015903000062 ], [ 91.613431428000069, 26.127586492000034 ], [ 91.612938661000044, 26.126702855000076 ], [ 91.611763296000049, 26.124397991000023 ], [ 91.611024814000075, 26.12303177900003 ], [ 91.609339258000034, 26.12080966700006 ], [ 91.60772982800006, 26.119229293000046 ], [ 91.606307539000056, 26.118211414000029 ], [ 91.605338029000052, 26.117450082000062 ], [ 91.601081718000046, 26.114728816000024 ], [ 91.60027072400004, 26.114395782000031 ], [ 91.599820887000078, 26.114328178000051 ], [ 91.598649942000065, 26.114298677000079 ], [ 91.598291839000069, 26.114271927000061 ], [ 91.597866858000032, 26.114243977000058 ], [ 91.597630884000068, 26.114136897000037 ], [ 91.596983214000034, 26.113710338000033 ], [ 91.596814582000036, 26.113590497000075 ], [ 91.596178493000082, 26.113375823000069 ], [ 91.595861353000032, 26.114254125000059 ], [ 91.595575230000065, 26.115927102000057 ], [ 91.595234534000042, 26.120546751000063 ], [ 91.594748784000046, 26.124685081000052 ], [ 91.593488821000051, 26.130759546000036 ], [ 91.592660642000055, 26.134121176000065 ], [ 91.592498855000031, 26.135024943000076 ] ] ] } },
{ "type": "Feature", "properties": { "District": "322", "Subdistt": "02127", "Town/Village": "303421", "Name": "Majir Gaon (CT)", "TRU": "Urban", "No_HH": 1083, "TOT_P": 4774, "TOT_M": 2440, "TOT_F": 2334, "P_06": 354, "P_SC": 221, "P_ST": 1, "pc11_s_id": "18", "pc11_d_id": "322", "pc11_sd_id": "02127", "pc11_tv_id": "303421", "tv_name": "Majir Gaon", "mdds_og": 0, "total_area_sqm": 6359120.0693453327, "total_area_ha": 635.91200693453322, "flood_area_1998": 4352357.5048053795, "flood_pct_1998": 68.442763422352741, "exposed_pop_1998": 3267, "flood_area_1999": 4084866.0387341501, "flood_pct_1999": 64.236340785977404, "exposed_pop_1999": 3067, "flood_area_2004": 4321515.5361428745, "flood_pct_2004": 67.957759706018123, "exposed_pop_2004": 3244, "flood_area_2012": 3213675.1239870577, "flood_pct_2012": 50.536474998779248, "exposed_pop_2012": 2413, "flood_area_2013": 1178845.3205754026, "flood_pct_2013": 18.537868568611003, "exposed_pop_2013": 885, "flood_years_exposed": 5, "flood_frequency": 1.0, "max_flood_exposure_pct": 68.442763422352741, "exposure_note": "ESTIMATE: spatial overlap with historical flood inundation polygons only. NOT actual people affected." }, "geometry": { "type": "Polygon", "coordinates": [ [ [ 91.58842920500004, 26.116523361000077 ], [ 91.586556292000054, 26.115878278 ], [ 91.583745314000083, 26.115309388000085 ], [ 91.58147364000007, 26.114723022000064 ], [ 91.57716934600009, 26.113588589000081 ], [ 91.573566047000014, 26.112720959000058 ], [ 91.573173291000032, 26.112697942000018 ], [ 91.572410786, 26.112568784000079 ], [ 91.571420658000051, 26.112377173000034 ], [ 91.570435567000089, 26.112062637000033 ], [ 91.566848315000101, 26.110684906000081 ], [ 91.564509882824922, 26.109684119326726 ], [ 91.564136747812697, 26.110568172683113 ], [ 91.563971966832895, 26.111071229153904 ], [ 91.56372159017927, 26.113150700944132 ], [ 91.563360212903518, 26.116174867376252 ], [ 91.561840910829417, 26.12409004262144 ], [ 91.561528307385487, 26.126435997923014 ], [ 91.560847909103771, 26.127950983251313 ], [ 91.559754671640903, 26.129519530402057 ], [ 91.557748426248864, 26.131530808400161 ], [ 91.556034156551206, 26.13280917400429 ], [ 91.559715017, 26.133186867000013 ], [ 91.568208976000065, 26.134485224000059 ], [ 91.57416824000002, 26.135188944000021 ], [ 91.579423410000075, 26.13534195299998 ], [ 91.584504626000026, 26.135727365999983 ], [ 91.588037186000108, 26.136045891000048 ], [ 91.588056326000086, 26.134788999000058 ], [ 91.588123792000076, 26.133501734000042 ], [ 91.587899049000043, 26.132236932000108 ], [ 91.587714750000075, 26.125712946000057 ], [ 91.587684723000081, 26.120238171000043 ], [ 91.587782048000037, 26.119706341 ], [ 91.588029687000102, 26.119222082000082 ], [ 91.588261682000024, 26.118783377000021 ], [ 91.588441265000057, 26.118100944000044 ], [ 91.588499232000061, 26.117387005000037 ], [ 91.58842920500004, 26.116523361000077 ] ] ] } },
{ "type": "Feature", "properties": { "District": "322", "Subdistt": "02127", "Town/Village": "303422", "Name": "Kahi Kuchi (CT)", "TRU": "Urban", "No_HH": 2522, "TOT_P": 9917, "TOT_M": 5130, "TOT_F": 4787, "P_06": 1078, "P_SC": 834, "P_ST": 311, "pc11_s_id": "18", "pc11_d_id": "322", "pc11_sd_id": "02127", "pc11_tv_id": "303422", "tv_name": "Kahi Kuchi", "mdds_og": 0, "total_area_sqm": 1236962.7615388229, "total_area_ha": 123.69627615388229, "flood_area_1998": 6142.2214757269285, "flood_pct_1998": 0.49655670054980477, "exposed_pop_1998": 49, "flood_area_1999": 0.0, "flood_pct_1999": 0.0, "exposed_pop_1999": 0, "flood_area_2004": 16109.210902619245, "flood_pct_2004": 1.3023197951875973, "exposed_pop_2004": 129, "flood_area_2012": 0.0, "flood_pct_2012": 0.0, "exposed_pop_2012": 0, "flood_area_2013": 0.0, "flood_pct_2013": 0.0, "exposed_pop_2013": 0, "flood_years_exposed": 2, "flood_frequency": 0.4, "max_flood_exposure_pct": 1.3023197951875973, "exposure_note": "ESTIMATE: spatial overlap with historical flood inundation polygons only. NOT actual people affected." }, "geometry": { "type": "Polygon", "coordinates": [ [ [ 91.594034306000083, 26.108370984000032 ], [ 91.595011458000045, 26.106976319000069 ], [ 91.595819916000039, 26.105858092000062 ], [ 91.596078918000046, 26.105579014000057 ], [ 91.59635320700005, 26.105404338000028 ], [ 91.596887345000084, 26.105282630000033 ], [ 91.598938458000077, 26.105109015000039 ], [ 91.602050824000059, 26.105126465000069 ], [ 91.605537720000086, 26.105647344000033 ], [ 91.608500541000069, 26.106233150000037 ], [ 91.608285643000045, 26.10581477900007 ], [ 91.607876592000082, 26.105312169000058 ], [ 91.607216347000076, 26.104602817000057 ], [ 91.60585549700005, 26.103321970000025 ], [ 91.603107443000056, 26.100062341000068 ], [ 91.601594535000061, 26.098245611000038 ], [ 91.599718714000062, 26.096818390000067 ], [ 91.598175867000066, 26.095773845000053 ], [ 91.595518519000052, 26.096825208000041 ], [ 91.592068334000032, 26.098441467000043 ], [ 91.591725222000036, 26.098686493000059 ], [ 91.591419463000079, 26.099013968000065 ], [ 91.591197202000046, 26.099340511000037 ], [ 91.591092906000085, 26.099811284000054 ], [ 91.591007257000058, 26.100772870000071 ], [ 91.591499020000072, 26.102668713000071 ], [ 91.592202372000031, 26.104961915000047 ], [ 91.593076084000074, 26.107181541000045 ], [ 91.593381278000038, 26.107735026000057 ], [ 91.594034306000083, 26.108370984000032 ] ] ] } },
{ "type": "Feature", "properties": { "District": "322", "Subdistt": "02127", "Town/Village": "303423", "Name": "Dharapur (CT)", "TRU": "Urban", "No_HH": 1796, "TOT_P": 8095, "TOT_M": 4117, "TOT_F": 3978, "P_06": 727, "P_SC": 195, "P_ST": 33, "pc11_s_id": "18", "pc11_d_id": "322", "pc11_sd_id": "02127", "pc11_tv_id": "303423", "tv_name": "Dharapur", "mdds_og": 0, "total_area_sqm": 4790278.8933805954, "total_area_ha": 479.02788933805954, "flood_area_1998": 1255954.8566024352, "flood_pct_1998": 26.218825345179077, "exposed_pop_1998": 2122, "flood_area_1999": 1298233.4882832784, "flood_pct_1999": 27.101417624707214, "exposed_pop_1999": 2194, "flood_area_2004": 981185.61118355347, "flood_pct_2004": 20.482849391909021, "exposed_pop_2004": 1658, "flood_area_2012": 191106.59750374063, "flood_pct_2012": 3.9894670385020712, "exposed_pop_2012": 323, "flood_area_2013": 0.0, "flood_pct_2013": 0.0, "exposed_pop_2013": 0, "flood_years_exposed": 4, "flood_frequency": 0.8, "max_flood_exposure_pct": 27.101417624707214, "exposure_note": "ESTIMATE: spatial overlap with historical flood inundation polygons only. NOT actual people affected." }, "geometry": { "type": "Polygon", "coordinates": [ [ [ 91.643431658844051, 26.148876253036679 ], [ 91.643293575138429, 26.14836983939659 ], [ 91.643193448219137, 26.148004839651673 ], [ 91.643057058836234, 26.147525592732013 ], [ 91.642821592042893, 26.146701508867576 ], [ 91.642713514217348, 26.146406995286675 ], [ 91.642370992127638, 26.145479450716191 ], [ 91.641984307030185, 26.144823692959118 ], [ 91.641377833020599, 26.144225127587628 ], [ 91.639560713256344, 26.143128991609732 ], [ 91.638081466086874, 26.142378767266372 ], [ 91.637098570942314, 26.141594471207963 ], [ 91.636370618309471, 26.140789320770619 ], [ 91.63587320508438, 26.13970079305723 ], [ 91.635326575561038, 26.138086052229603 ], [ 91.63506301394699, 26.136257106380434 ], [ 91.635069782244742, 26.133735436141503 ], [ 91.635345783281338, 26.131757389891686 ], [ 91.636123847037965, 26.129671273010935 ], [ 91.637021426197947, 26.128118569216685 ], [ 91.638181148741097, 26.126807721898881 ], [ 91.639330529980072, 26.12607883487037 ], [ 91.638335651, 26.126120261 ], [ 91.63752256500004, 26.126110964000038 ], [ 91.636142080000042, 26.126217280000041 ], [ 91.63368731500006, 26.126350716000069 ], [ 91.632324045000061, 26.126589114000076 ], [ 91.628842827000057, 26.127029927000045 ], [ 91.626845146000051, 26.12701532000008 ], [ 91.623320854000042, 26.127225433000056 ], [ 91.620085552000049, 26.12797628500001 ], [ 91.618974784000073, 26.128492648000101 ], [ 91.617832759000081, 26.129156220000027 ], [ 91.616630830000105, 26.130088739 ], [ 91.616074609000094, 26.130652043000069 ], [ 91.616013826000042, 26.130946678000022 ], [ 91.616078312000042, 26.131706823000034 ], [ 91.615648362000087, 26.135065600000118 ], [ 91.615356921000043, 26.137475396000109 ], [ 91.615237959000069, 26.138039522000067 ], [ 91.615058011, 26.138308833000057 ], [ 91.61483182400012, 26.138529070000072 ], [ 91.614695348000026, 26.13892027600011 ], [ 91.614681830000052, 26.139263825000025 ], [ 91.619305726, 26.140130462000055 ], [ 91.624283893000054, 26.140920876000084 ], [ 91.626371822000067, 26.141508410000025 ], [ 91.627812641000077, 26.142046861 ], [ 91.62888692100006, 26.14268377700002 ], [ 91.63080561400001, 26.144278370000062 ], [ 91.631368778000066, 26.145088741000055 ], [ 91.632340137000057, 26.148198244000032 ], [ 91.632929881000095, 26.149501430000033 ], [ 91.634790954000067, 26.152303212000039 ], [ 91.635591872000077, 26.153040357000101 ], [ 91.636670997000095, 26.15394811400007 ], [ 91.639759017000074, 26.156164534000048 ], [ 91.641989068000029, 26.157632643000017 ], [ 91.644146303000085, 26.15840754 ], [ 91.645721292000104, 26.158938350000049 ], [ 91.646982023101927, 26.159219006052314 ], [ 91.646469877183193, 26.156921438773484 ], [ 91.646073867914708, 26.15482846636068 ], [ 91.645690423974017, 26.153650105368076 ], [ 91.6451351087983, 26.152875791784425 ], [ 91.643812544213603, 26.150282333163233 ], [ 91.643431658844051, 26.148876253036679 ] ] ] } },
{ "type": "Feature", "properties": { "District": "322", "Subdistt": "02126", "Town/Village": "303424", "Name": "Agyathuri", "TRU": "Rural", "No_HH": 68, "TOT_P": 315, "TOT_M": 166, "TOT_F": 149, "P_06": 50, "P_SC": 29, "P_ST": 279, "pc11_s_id": "18", "pc11_d_id": "322", "pc11_sd_id": "02126", "pc11_tv_id": "303424", "tv_name": "Agyathuri", "mdds_og": 0, "total_area_sqm": 3293806.6936817537, "total_area_ha": 329.38066936817535, "flood_area_1998": 0.0, "flood_pct_1998": 0.0, "exposed_pop_1998": 0, "flood_area_1999": 0.0, "flood_pct_1999": 0.0, "exposed_pop_1999": 0, "flood_area_2004": 0.0, "flood_pct_2004": 0.0, "exposed_pop_2004": 0, "flood_area_2012": 0.0, "flood_pct_2012": 0.0, "exposed_pop_2012": 0, "flood_area_2013": 0.0, "flood_pct_2013": 0.0, "exposed_pop_2013": 0, "flood_years_exposed": 0, "flood_frequency": 0.0, "max_flood_exposure_pct": 0.0, "exposure_note": "ESTIMATE: spatial overlap with historical flood inundation polygons only. NOT actual people affected." }, "geometry": { "type": "Polygon", "coordinates": [ [ [ 91.679943454027239, 26.216404962319206 ], [ 91.679986141247483, 26.216251786191069 ], [ 91.679971271856786, 26.215661831828108 ], [ 91.679804494382026, 26.214843079144856 ], [ 91.679277138229409, 26.213885162670181 ], [ 91.679007582633872, 26.21362662376967 ], [ 91.678860147777641, 26.213557588212133 ], [ 91.678658805759298, 26.213534430669494 ], [ 91.678524307650733, 26.213494174316754 ], [ 91.678389850910946, 26.213364350884127 ], [ 91.676007838191254, 26.209932117073631 ], [ 91.674643518983245, 26.207507550233267 ], [ 91.674204108432903, 26.206603165903442 ], [ 91.674015038563269, 26.205971677251139 ], [ 91.673860309305866, 26.205725111025124 ], [ 91.673547347032525, 26.205423500893943 ], [ 91.673377732196656, 26.205288161919249 ], [ 91.672557865253339, 26.204636700223638 ], [ 91.672140116673091, 26.204411387675464 ], [ 91.671016265388431, 26.203954431352017 ], [ 91.670834418873341, 26.20382632742313 ], [ 91.670681363254317, 26.203622791958292 ], [ 91.670518621936907, 26.203272257808496 ], [ 91.670454303323453, 26.202696087354571 ], [ 91.670398699140691, 26.20131357216362 ], [ 91.670298991305458, 26.200664564717968 ], [ 91.669930129871702, 26.199771655737347 ], [ 91.668923532195294, 26.198229213207735 ], [ 91.668801572434688, 26.19790664887276 ], [ 91.667737556000077, 26.196974186999977 ], [ 91.665485591, 26.194820248000017 ], [ 91.664213292000071, 26.193821158000041 ], [ 91.663362259000095, 26.193498816000016 ], [ 91.662641374000046, 26.193345433000026 ], [ 91.661404234, 26.193049875 ], [ 91.657614230000036, 26.192509317000034 ], [ 91.655158586000056, 26.192352843000055 ], [ 91.653396636345704, 26.192157354978018 ], [ 91.652502821747902, 26.193100892192511 ], [ 91.65244855395764, 26.19323553778985 ], [ 91.652298636073311, 26.193615130833692 ], [ 91.652004791587856, 26.194918957144164 ], [ 91.651922547687462, 26.195474488157178 ], [ 91.652053376562122, 26.196753817834484 ], [ 91.652074391020392, 26.196988747732597 ], [ 91.652158872434072, 26.197923455403238 ], [ 91.65236064792559, 26.198476862217479 ], [ 91.652633666810331, 26.198942882807863 ], [ 91.653624704416629, 26.200214809266065 ], [ 91.655529539556653, 26.201723429192914 ], [ 91.655794895318195, 26.201900824963165 ], [ 91.66201500408917, 26.206045957654833 ], [ 91.665742050055599, 26.208818920057197 ], [ 91.667181274696134, 26.210532342593584 ], [ 91.668375531205896, 26.212071231901835 ], [ 91.669109932877205, 26.213012817587522 ], [ 91.670986323360196, 26.214285975217688 ], [ 91.673844852657908, 26.216816712421398 ], [ 91.676191113728933, 26.219132689721913 ], [ 91.676608156341374, 26.219389650312142 ], [ 91.676768929042936, 26.219395819661351 ], [ 91.677062949795385, 26.219365728345778 ], [ 91.677604117735882, 26.219174160159398 ], [ 91.679248546083599, 26.217662326954905 ], [ 91.679839901590213, 26.216773222106582 ], [ 91.679943454027239, 26.216404962319206 ] ] ] } },
{ "type": "Feature", "properties": { "District": "322", "Subdistt": "02126", "Town/Village": "303425", "Name": "North Guwahati Gaon", "TRU": "Rural", "No_HH": 83, "TOT_P": 393, "TOT_M": 203, "TOT_F": 190, "P_06": 38, "P_SC": 19, "P_ST": 3, "pc11_s_id": "18", "pc11_d_id": "322", "pc11_sd_id": "02126", "pc11_tv_id": "303425", "tv_name": "North Guwahati Gaon", "mdds_og": 0, "total_area_sqm": 1217215.5661910269, "total_area_ha": 121.7215566191027, "flood_area_1998": 136218.9737231695, "flood_pct_1998": 11.191031195027588, "exposed_pop_1998": 44, "flood_area_1999": 49836.184084590059, "flood_pct_1999": 4.0942775847453206, "exposed_pop_1999": 16, "flood_area_2004": 0.0, "flood_pct_2004": 0.0, "exposed_pop_2004": 0, "flood_area_2012": 34215.879920711406, "flood_pct_2012": 2.8109959214357967, "exposed_pop_2012": 11, "flood_area_2013": 95575.531670592201, "flood_pct_2013": 7.851980727593884, "exposed_pop_2013": 31, "flood_years_exposed": 4, "flood_frequency": 0.8, "max_flood_exposure_pct": 11.191031195027588, "exposure_note": "ESTIMATE: spatial overlap with historical flood inundation polygons only. NOT actual people affected." }, "geometry": { "type": "Polygon", "coordinates": [ [ [ 91.745784028809936, 26.210148410320951 ], [ 91.745289649000128, 26.209937601000018 ], [ 91.74492083300008, 26.209809864000107 ], [ 91.744225421000095, 26.209656605000038 ], [ 91.743398787000089, 26.209623146000112 ], [ 91.742187593000054, 26.209759109000082 ], [ 91.740811881000099, 26.209786656000052 ], [ 91.739547413000096, 26.209848010000066 ], [ 91.738952130000058, 26.209779965000031 ], [ 91.737248439000041, 26.209380078000073 ], [ 91.736183956000076, 26.20899764800005 ], [ 91.734664081000091, 26.208297292000012 ], [ 91.733631217000067, 26.207694021000101 ], [ 91.732370275, 26.206790967000078 ], [ 91.729619391000128, 26.205234578000088 ], [ 91.726022122000117, 26.203915627000114 ], [ 91.724623336000022, 26.203644064000027 ], [ 91.723937450353077, 26.203629216715026 ], [ 91.723930283655704, 26.203723424296673 ], [ 91.72369480607054, 26.204074455771583 ], [ 91.723599570563778, 26.204240089308691 ], [ 91.723567305586769, 26.20448016872486 ], [ 91.723552529725524, 26.204985335005222 ], [ 91.723605444036053, 26.205838522729692 ], [ 91.723616652286751, 26.206231744099735 ], [ 91.723413994560232, 26.206728340740344 ], [ 91.722987810339248, 26.207416619781217 ], [ 91.722504323116112, 26.208915446091037 ], [ 91.722401882241115, 26.209231221443748 ], [ 91.721973946140707, 26.210063422588899 ], [ 91.721846606635623, 26.210217328966586 ], [ 91.721842514720294, 26.210366354723565 ], [ 91.721945854917308, 26.210498139577528 ], [ 91.722058980637485, 26.21057558559486 ], [ 91.722465314122999, 26.210735339364451 ], [ 91.726957305435349, 26.211484705754636 ], [ 91.730788989320459, 26.211632887048182 ], [ 91.734562182199042, 26.211906477002341 ], [ 91.735607098189035, 26.212001755676535 ], [ 91.73728279686371, 26.212547779956104 ], [ 91.742561946776476, 26.213910370667122 ], [ 91.743302483622728, 26.214101266160579 ], [ 91.74356119339447, 26.214102313870765 ], [ 91.743750792964732, 26.214062158242076 ], [ 91.743916153108088, 26.213949172816083 ], [ 91.74403532227231, 26.213794094621885 ], [ 91.74466566428903, 26.212601473978932 ], [ 91.74558569772185, 26.210953364706054 ], [ 91.745764402904939, 26.210526432249111 ], [ 91.745784028809936, 26.210148410320951 ] ] ] } },
{ "type": "Feature", "properties": { "District": "322", "Subdistt": "02126", "Town/Village": "303426", "Name": "Tiling Gaon", "TRU": "Rural", "No_HH": 142, "TOT_P": 610, "TOT_M": 302, "TOT_F": 308, "P_06": 57, "P_SC": 25, "P_ST": 2, "pc11_s_id": "18", "pc11_d_id": "322", "pc11_sd_id": "02126", "pc11_tv_id": "303426", "tv_name": "Tiling Gaon", "mdds_og": 0, "total_area_sqm": 2070235.7638998777, "total_area_ha": 207.02357638998777, "flood_area_1998": 401660.9283880943, "flood_pct_1998": 19.401699815650549, "exposed_pop_1998": 118, "flood_area_1999": 215571.05694748694, "flood_pct_1999": 10.412874741444789, "exposed_pop_1999": 64, "flood_area_2004": 72862.742320335703, "flood_pct_2004": 3.519538382579094, "exposed_pop_2004": 21, "flood_area_2012": 0.0, "flood_pct_2012": 0.0, "exposed_pop_2012": 0, "flood_area_2013": 0.0, "flood_pct_2013": 0.0, "exposed_pop_2013": 0, "flood_years_exposed": 3, "flood_frequency": 0.6, "max_flood_exposure_pct": 19.401699815650549, "exposure_note": "ESTIMATE: spatial overlap with historical flood inundation polygons only. NOT actual people affected." }, "geometry": { "type": "Polygon", "coordinates": [ [ [ 91.69831115623488, 26.204706716941484 ], [ 91.698424252277547, 26.204672987868172 ], [ 91.698515102689896, 26.204603838096752 ], [ 91.698672601859158, 26.204427169878031 ], [ 91.701280366895418, 26.200068547125799 ], [ 91.703822510200709, 26.19602599110662 ], [ 91.706102073052335, 26.193064252013709 ], [ 91.706373426392588, 26.192864092603863 ], [ 91.704970155000069, 26.192459045000049 ], [ 91.703443340000049, 26.191918408000081 ], [ 91.699940927000071, 26.191209036 ], [ 91.696684597000029, 26.190593191000033 ], [ 91.694081059999988, 26.190135479 ], [ 91.692693276000085, 26.191259535000011 ], [ 91.690911254000085, 26.19275640200005 ], [ 91.690001079000098, 26.193769307000014 ], [ 91.689641179000063, 26.194431185000067 ], [ 91.689220250000062, 26.195830894000061 ], [ 91.688770838, 26.197771743000065 ], [ 91.688643810000059, 26.199234750000056 ], [ 91.688854258000063, 26.203697664000014 ], [ 91.68916098788938, 26.206511514195086 ], [ 91.698221225828917, 26.20473267677168 ], [ 91.69831115623488, 26.204706716941484 ] ] ] } },
{ "type": "Feature", "properties": { "District": "322", "Subdistt": "02126", "Town/Village": "303427", "Name": "Silagrant", "TRU": "Rural", "No_HH": 1478, "TOT_P": 6504, "TOT_M": 3271, "TOT_F": 3233, "P_06": 717, "P_SC": 833, "P_ST": 209, "pc11_s_id": "18", "pc11_d_id": "322", "pc11_sd_id": "02126", "pc11_tv_id": "303427", "tv_name": "Silagrant", "mdds_og": 0, "total_area_sqm": 2171288.9067575634, "total_area_ha": 217.12889067575634, "flood_area_1998": 113650.23317343064, "flood_pct_1998": 5.234228978913138, "exposed_pop_1998": 340, "flood_area_1999": 20067.921227324405, "flood_pct_1999": 0.92424002926871229, "exposed_pop_1999": 60, "flood_area_2004": 0.0, "flood_pct_2004": 0.0, "exposed_pop_2004": 0, "flood_area_2012": 0.0, "flood_pct_2012": 0.0, "exposed_pop_2012": 0, "flood_area_2013": 0.0, "flood_pct_2013": 0.0, "exposed_pop_2013": 0, "flood_years_exposed": 2, "flood_frequency": 0.4, "max_flood_exposure_pct": 5.234228978913138, "exposure_note": "ESTIMATE: spatial overlap with historical flood inundation polygons only. NOT actual people affected." }, "geometry": { "type": "Polygon", "coordinates": [ [ [ 91.687122689760344, 26.206916385382957 ], [ 91.687362992208321, 26.206865865067648 ], [ 91.68916098788938, 26.206511514195093 ], [ 91.688854258000063, 26.203697664000021 ], [ 91.688643810000059, 26.199234750000063 ], [ 91.688770838, 26.197771743000072 ], [ 91.689220250000062, 26.195830894000068 ], [ 91.689641179000063, 26.194431185000074 ], [ 91.690001079000098, 26.193769307000021 ], [ 91.690911254000085, 26.192756402000057 ], [ 91.692693276000085, 26.191259535000018 ], [ 91.694081059999988, 26.190135479 ], [ 91.696399174000121, 26.187198 ], [ 91.698599439000091, 26.183906312000012 ], [ 91.692445018000072, 26.183188156000011 ], [ 91.687038886000053, 26.182525994000024 ], [ 91.68108945100002, 26.182045113000115 ], [ 91.681370645000101, 26.185971328000075 ], [ 91.681735718000112, 26.189096214000081 ], [ 91.6817314357572, 26.190168390958586 ], [ 91.681978296061573, 26.190366677979878 ], [ 91.683039621081704, 26.191440323712019 ], [ 91.683405647852467, 26.19200454577318 ], [ 91.683809986641592, 26.193110207370214 ], [ 91.684360598362957, 26.194996683750034 ], [ 91.685158309608369, 26.199478569380481 ], [ 91.685315664886076, 26.201809488916801 ], [ 91.685297053416278, 26.203059915282896 ], [ 91.684980359855757, 26.204778774221101 ], [ 91.684567503587459, 26.207043552218241 ], [ 91.684545975616331, 26.207279582886496 ], [ 91.684546116809869, 26.207349992608105 ], [ 91.684583742645657, 26.207402180266477 ], [ 91.684782366013451, 26.207408299253661 ], [ 91.687122689760344, 26.206916385382957 ] ] ] } },
{ "type": "Feature", "properties": { "District": "322", "Subdistt": "02126", "Town/Village": "303428", "Name": "Numalijalah (Part)", "TRU": "Rural", "No_HH": 380, "TOT_P": 1395, "TOT_M": 746, "TOT_F": 649, "P_06": 152, "P_SC": 495, "P_ST": 26, "pc11_s_id": "18", "pc11_d_id": "322", "pc11_sd_id": "02126", "pc11_tv_id": "303428", "tv_name": "Numalijalah  (Part)", "mdds_og": 0, "total_area_sqm": 547395.4571913745, "total_area_ha": 54.739545719137453, "flood_area_1998": 16155.173350814719, "flood_pct_1998": 2.9512801282102568, "exposed_pop_1998": 41, "flood_area_1999": 17108.859651694595, "flood_pct_1999": 3.1255026739677851, "exposed_pop_1999": 44, "flood_area_2004": 0.0, "flood_pct_2004": 0.0, "exposed_pop_2004": 0, "flood_area_2012": 0.0, "flood_pct_2012": 0.0, "exposed_pop_2012": 0, "flood_area_2013": 0.0, "flood_pct_2013": 0.0, "exposed_pop_2013": 0, "flood_years_exposed": 2, "flood_frequency": 0.4, "max_flood_exposure_pct": 3.1255026739677851, "exposure_note": "ESTIMATE: spatial overlap with historical flood inundation polygons only. NOT actual people affected." }, "geometry": { "type": "Polygon", "coordinates": [ [ [ 91.68108945100002, 26.182045113000108 ], [ 91.67852084700003, 26.181839022000108 ], [ 91.672375111000107, 26.181431532000055 ], [ 91.67237921133156, 26.185499616314267 ], [ 91.673560406087873, 26.185854932159458 ], [ 91.677010457266846, 26.186924974308212 ], [ 91.677955258928108, 26.187322378425026 ], [ 91.679123051987332, 26.188106530591959 ], [ 91.68066222188402, 26.189308798262445 ], [ 91.6817314357572, 26.190168390958579 ], [ 91.681735718000112, 26.189096214000074 ], [ 91.681370645000101, 26.185971328000068 ], [ 91.68108945100002, 26.182045113000108 ] ] ] } },
{ "type": "Feature", "properties": { "District": "322", "Subdistt": "02126", "Town/Village": "801626", "Name": "North Guwahati (TC)", "TRU": "Urban", "No_HH": 2294, "TOT_P": 10328, "TOT_M": 5088, "TOT_F": 5240, "P_06": 784, "P_SC": 4447, "P_ST": 97, "pc11_s_id": "18", "pc11_d_id": "322", "pc11_sd_id": "02126", "pc11_tv_id": "801626", "tv_name": "North Guwahati", "mdds_og": 0, "total_area_sqm": 5406724.802697151, "total_area_ha": 540.67248026971515, "flood_area_1998": 894364.40777184966, "flood_pct_1998": 16.54170390410281, "exposed_pop_1998": 1708, "flood_area_1999": 39460.672543241628, "flood_pct_1999": 0.72984429545140939, "exposed_pop_1999": 75, "flood_area_2004": 417573.38385329704, "flood_pct_2004": 7.7232224515105727, "exposed_pop_2004": 798, "flood_area_2012": 0.0, "flood_pct_2012": 0.0, "exposed_pop_2012": 0, "flood_area_2013": 24488.897983141243, "flood_pct_2013": 0.45293405669408082, "exposed_pop_2013": 47, "flood_years_exposed": 4, "flood_frequency": 0.8, "max_flood_exposure_pct": 16.54170390410281, "exposure_note": "ESTIMATE: spatial overlap with historical flood inundation polygons only. NOT actual people affected." }, "geometry": { "type": "Polygon", "coordinates": [ [ [ 91.74586239393436, 26.209662363627213 ], [ 91.746094542229443, 26.209480900223443 ], [ 91.74674629980197, 26.209241648183575 ], [ 91.750186668879778, 26.2078984396613 ], [ 91.751028035015821, 26.205480130303823 ], [ 91.751572340691027, 26.203926243901073 ], [ 91.750509995000044, 26.203696488000013 ], [ 91.749881362000082, 26.203512417000059 ], [ 91.749402969000116, 26.203256879000055 ], [ 91.747284623000084, 26.20187909600001 ], [ 91.744987531000092, 26.200662599000076 ], [ 91.741832311000053, 26.198741536000021 ], [ 91.740901931000082, 26.198220391000067 ], [ 91.740238064000039, 26.197967779000038 ], [ 91.737990949000022, 26.197529166000074 ], [ 91.733490820000085, 26.196345382000093 ], [ 91.732000630000073, 26.196068561000104 ], [ 91.730843422000063, 26.196038881000046 ], [ 91.72906284, 26.195974365000037 ], [ 91.7283405270001, 26.195872322000032 ], [ 91.727903812000108, 26.195684366000023 ], [ 91.726897193000042, 26.19498194400008 ], [ 91.724951230000059, 26.193624751000051 ], [ 91.722490667000045, 26.191767815000063 ], [ 91.720661375000034, 26.190445684000093 ], [ 91.718190440000043, 26.189049464000032 ], [ 91.716290342000036, 26.18801726300007 ], [ 91.715170081000082, 26.187348158000042 ], [ 91.714564943000099, 26.187124362000088 ], [ 91.71027126200002, 26.18559292500003 ], [ 91.707547069000043, 26.184760371000067 ], [ 91.706862637000071, 26.184580077000071 ], [ 91.706238414000026, 26.184548752000055 ], [ 91.701141271, 26.184199143000082 ], [ 91.698599439000091, 26.183906312000012 ], [ 91.696399174000121, 26.187198 ], [ 91.694081059999988, 26.190135479 ], [ 91.696684597000029, 26.19059319100004 ], [ 91.699940927000071, 26.191209036000014 ], [ 91.703443340000049, 26.191918408000088 ], [ 91.704970155000069, 26.192459045000057 ], [ 91.706373426392588, 26.19286409260387 ], [ 91.70658328588992, 26.192797314344681 ], [ 91.707443339038974, 26.192798368350097 ], [ 91.710725107277909, 26.193140396711996 ], [ 91.713454375219243, 26.194061709880064 ], [ 91.714441492680805, 26.194542720370258 ], [ 91.715618763695076, 26.195392654347589 ], [ 91.717054398241956, 26.1966881088692 ], [ 91.720245989660754, 26.201019315788894 ], [ 91.721200196431951, 26.201922878138369 ], [ 91.723753808791301, 26.203395672672254 ], [ 91.723886867984646, 26.203464352997592 ], [ 91.723932007656032, 26.203542503184092 ], [ 91.723937450353077, 26.203629216715026 ], [ 91.724623336000022, 26.203644064000027 ], [ 91.726022122000117, 26.203915627000114 ], [ 91.729619391000128, 26.205234578000088 ], [ 91.732370275, 26.206790967000078 ], [ 91.733631217000067, 26.207694021000101 ], [ 91.734664081000091, 26.208297292000012 ], [ 91.736183956000076, 26.20899764800005 ], [ 91.737248439000041, 26.209380078000073 ], [ 91.738952130000058, 26.209779965000031 ], [ 91.739547413000096, 26.209848010000066 ], [ 91.740811881000099, 26.209786656000052 ], [ 91.742187593000054, 26.209759109000082 ], [ 91.743398787000089, 26.209623146000112 ], [ 91.744225421000095, 26.209656605000038 ], [ 91.74492083300008, 26.209809864000107 ], [ 91.745289649000128, 26.209937601000018 ], [ 91.745784028809936, 26.210148410320951 ], [ 91.745792295378152, 26.209976424872135 ], [ 91.745809029063437, 26.209772179842268 ], [ 91.74586239393436, 26.209662363627213 ] ] ] } },
{ "type": "Feature", "properties": { "District": "322", "Subdistt": "02126", "Town/Village": "303429", "Name": "Amin Gaon (CT)", "TRU": "Urban", "No_HH": 2037, "TOT_P": 8855, "TOT_M": 4561, "TOT_F": 4294, "P_06": 995, "P_SC": 2282, "P_ST": 504, "pc11_s_id": "18", "pc11_d_id": "322", "pc11_sd_id": "02126", "pc11_tv_id": "303429", "tv_name": "Amin Gaon", "mdds_og": 0, "total_area_sqm": 1976457.4779191215, "total_area_ha": 197.64574779191216, "flood_area_1998": 625277.25194609526, "flood_pct_1998": 31.636261287260652, "exposed_pop_1998": 2801, "flood_area_1999": 237054.56597082614, "flood_pct_1999": 11.993911764821011, "exposed_pop_1999": 1062, "flood_area_2004": 128657.10784712034, "flood_pct_2004": 6.5094801828256239, "exposed_pop_2004": 576, "flood_area_2012": 226437.18324965148, "flood_pct_2012": 11.456719194791475, "exposed_pop_2012": 1014, "flood_area_2013": 0.0, "flood_pct_2013": 0.0, "exposed_pop_2013": 0, "flood_years_exposed": 4, "flood_frequency": 0.8, "max_flood_exposure_pct": 31.636261287260652, "exposure_note": "ESTIMATE: spatial overlap with historical flood inundation polygons only. NOT actual people affected." }, "geometry": { "type": "Polygon", "coordinates": [ [ [ 91.672283467707956, 26.185514350806649 ], [ 91.67237921133156, 26.185499616314267 ], [ 91.672375111000107, 26.181431532000055 ], [ 91.668938361000045, 26.181206325000073 ], [ 91.667195447000083, 26.181339186000052 ], [ 91.665335571000028, 26.181773564000022 ], [ 91.661626326, 26.183020566 ], [ 91.658130535000026, 26.184155985000057 ], [ 91.655401411346119, 26.185109422062247 ], [ 91.655236569212391, 26.185439457065307 ], [ 91.654638565017791, 26.187272930101724 ], [ 91.654480052312607, 26.188328049799736 ], [ 91.654231958138425, 26.189984448123838 ], [ 91.653780011038762, 26.191524901353169 ], [ 91.653396636345704, 26.192157354978018 ], [ 91.655158586000056, 26.192352843000055 ], [ 91.657614230000036, 26.192509317000034 ], [ 91.661404234, 26.193049875 ], [ 91.662641374000046, 26.193345433000026 ], [ 91.663362259000095, 26.193498816000016 ], [ 91.664213292000071, 26.193821158000041 ], [ 91.665485591, 26.194820248000017 ], [ 91.667737556000077, 26.196974186999977 ], [ 91.668801572434688, 26.19790664887276 ], [ 91.66877962987607, 26.197774065420809 ], [ 91.668964551173104, 26.196023440629368 ], [ 91.669343637898663, 26.191943351404579 ], [ 91.669586792996142, 26.188499257334907 ], [ 91.669601432160434, 26.18810826178688 ], [ 91.669650400245843, 26.187906068110589 ], [ 91.669706208574723, 26.187832875886574 ], [ 91.672134164959829, 26.185565883758599 ], [ 91.672283467707956, 26.185514350806649 ] ] ] } },
{ "type": "Feature", "properties": { "District": "322", "Subdistt": "02128", "Town/Village": "801627", "Name": "Guwahati (M Corp. + OG) (Part)", "TRU": "Urban", "No_HH": 100947, "TOT_P": 433771, "TOT_M": 224424, "TOT_F": 209347, "P_06": 39059, "P_SC": 30514, "P_ST": 16065, "pc11_s_id": "18", "pc11_d_id": "322", "pc11_sd_id": "02128", "pc11_tv_id": "801627", "tv_name": "Guwahati", "mdds_og": 0, "total_area_sqm": 71634711.373516276, "total_area_ha": 7163.4711373516275, "flood_area_1998": 9940014.1036385093, "flood_pct_1998": 13.875974249145065, "exposed_pop_1998": 60190, "flood_area_1999": 9401342.8287850767, "flood_pct_1999": 13.124004618047225, "exposed_pop_1999": 56928, "flood_area_2004": 7024110.6127139376, "flood_pct_2004": 9.8054567095119012, "exposed_pop_2004": 42533, "flood_area_2012": 2871134.0566669367, "flood_pct_2012": 4.0080206950179882, "exposed_pop_2012": 17386, "flood_area_2013": 1876582.1616170562, "flood_pct_2013": 2.6196548092896181, "exposed_pop_2013": 11363, "flood_years_exposed": 5, "flood_frequency": 1.0, "max_flood_exposure_pct": 13.875974249145065, "exposure_note": "ESTIMATE: spatial overlap with historical flood inundation polygons only. NOT actual people affected." }, "geometry": { "type": "Polygon", "coordinates": [ [ [ 91.824844019835709, 26.196541802662132 ], [ 91.824905031641975, 26.196120830012326 ], [ 91.824968065124153, 26.196022352449599 ], [ 91.825017542225851, 26.195895361881494 ], [ 91.825020241091337, 26.195780190203699 ], [ 91.824990451048549, 26.195587239759366 ], [ 91.824931614702351, 26.195395837947633 ], [ 91.824207787259667, 26.194140666758425 ], [ 91.824093689372347, 26.193902761003685 ], [ 91.824072051683899, 26.193706652140314 ], [ 91.824028143184307, 26.19292131916362 ], [ 91.824061598863778, 26.191504900430829 ], [ 91.824159899259968, 26.190642062081526 ], [ 91.824190514880399, 26.190525267127462 ], [ 91.824342799780467, 26.190354410327821 ], [ 91.825151691397451, 26.189562216423212 ], [ 91.82724269069773, 26.188117639917241 ], [ 91.828737837880951, 26.187212313997144 ], [ 91.829218781821353, 26.186806392401163 ], [ 91.829389305871786, 26.186635235228017 ], [ 91.829440145446384, 26.186552092904858 ], [ 91.829468319407411, 26.186397673014294 ], [ 91.829443276885755, 26.186070961905461 ], [ 91.829427279745261, 26.185810718789693 ], [ 91.829274896819072, 26.185540289952502 ], [ 91.828973325358731, 26.185039224580553 ], [ 91.828728871640223, 26.184625958221464 ], [ 91.828527393824189, 26.183903879960191 ], [ 91.828479348443267, 26.183666887017321 ], [ 91.828332061075812, 26.183444249052901 ], [ 91.827981278713096, 26.183118252905135 ], [ 91.827859609433474, 26.183059428250122 ], [ 91.827787497295247, 26.18304859591607 ], [ 91.827671645729936, 26.183053365920195 ], [ 91.827454600649361, 26.183103507620853 ], [ 91.826443949728542, 26.183297239576042 ], [ 91.824677041812123, 26.183428483038096 ], [ 91.823166797709632, 26.183519820883117 ], [ 91.82013226479225, 26.183449743011256 ], [ 91.816195570669109, 26.183307527820165 ], [ 91.814364640915528, 26.183352710659147 ], [ 91.81386196036128, 26.183308680751072 ], [ 91.812359295744983, 26.182993357757312 ], [ 91.811691874680349, 26.182745153865827 ], [ 91.810489687049483, 26.182223259296045 ], [ 91.810040652853871, 26.182008455326056 ], [ 91.809914756760676, 26.181877193877412 ], [ 91.809429473591393, 26.180998934852973 ], [ 91.809122299354669, 26.180551357559168 ], [ 91.808927045746628, 26.180365615181067 ], [ 91.808145939583511, 26.180023113775786 ], [ 91.807624032423263, 26.179805824079594 ], [ 91.807513923928497, 26.179699956787594 ], [ 91.806001242663271, 26.17738644722678 ], [ 91.805418167214725, 26.176522434362859 ], [ 91.805167741098444, 26.17589635603208 ], [ 91.804603159308414, 26.174311309019771 ], [ 91.803906875402049, 26.17272251003584 ], [ 91.803426619442959, 26.171752971622375 ], [ 91.803095519642582, 26.171322334857905 ], [ 91.803011147946194, 26.171054708308183 ], [ 91.802846172712719, 26.170135665028926 ], [ 91.802770671928968, 26.169831964873325 ], [ 91.802201669971154, 26.169073130420628 ], [ 91.801830462206084, 26.168727383362089 ], [ 91.801610371121797, 26.168604356106151 ], [ 91.801083804574006, 26.168372108885762 ], [ 91.800834077230945, 26.168328625765547 ], [ 91.800617283960577, 26.168351663698353 ], [ 91.800512352862825, 26.16839090381724 ], [ 91.800328217573224, 26.168495379857948 ], [ 91.79981885325752, 26.168880978574371 ], [ 91.799467697676192, 26.169209689775386 ], [ 91.799170251406096, 26.169443210435883 ], [ 91.798902461179651, 26.169597240020703 ], [ 91.797730022222794, 26.170028092622388 ], [ 91.797373464413923, 26.170091777213766 ], [ 91.796978244750264, 26.170125961344048 ], [ 91.796068112853121, 26.170109920136753 ], [ 91.795782655445279, 26.170124514334958 ], [ 91.795457315802494, 26.170218972827364 ], [ 91.794808249900854, 26.17051717812533 ], [ 91.794220949437303, 26.17085903291807 ], [ 91.792972322614645, 26.171207352937031 ], [ 91.792666089068845, 26.171259454260465 ], [ 91.791654799629356, 26.171267828747347 ], [ 91.791204845427288, 26.171267158752443 ], [ 91.790336271202037, 26.171042124094779 ], [ 91.789886648849802, 26.170917208262612 ], [ 91.789447027858103, 26.170916204619132 ], [ 91.789108723588782, 26.170938610328687 ], [ 91.788869821385248, 26.170982496345196 ], [ 91.788647869603594, 26.171042706855463 ], [ 91.788394032358767, 26.171219305826376 ], [ 91.787257023992552, 26.172114743700448 ], [ 91.786768066193332, 26.172375887037624 ], [ 91.786486880565121, 26.172442105918492 ], [ 91.785730351074875, 26.172504618693271 ], [ 91.781775756845803, 26.172622626832798 ], [ 91.780842139153407, 26.172667501204305 ], [ 91.780326041613591, 26.172771691260621 ], [ 91.779118274588797, 26.173089586315434 ], [ 91.778262188349302, 26.173234371768928 ], [ 91.777804206798749, 26.173250120696512 ], [ 91.777555310429278, 26.173225859685711 ], [ 91.777008115232391, 26.173108419917668 ], [ 91.776633693290322, 26.173068590742865 ], [ 91.776114050623022, 26.173103398103326 ], [ 91.775665683724398, 26.173167592610369 ], [ 91.775108390040216, 26.173323103378543 ], [ 91.774303053443248, 26.173437459371307 ], [ 91.773989648703406, 26.173522906656821 ], [ 91.773694082016362, 26.173677393996542 ], [ 91.773514530571191, 26.173803004105434 ], [ 91.773444074984127, 26.17388802781031 ], [ 91.773189896896312, 26.174600360118561 ], [ 91.773049561288289, 26.175095854190378 ], [ 91.77283763335015, 26.175396809615137 ], [ 91.77259088815903, 26.175615390737761 ], [ 91.772246594404905, 26.175779648312147 ], [ 91.771744706153328, 26.175912575305205 ], [ 91.771276298762231, 26.17594978565414 ], [ 91.770568310179442, 26.175954540369784 ], [ 91.769513652732911, 26.175845960722555 ], [ 91.769399643878472, 26.175759341620353 ], [ 91.769364492977076, 26.17566499644246 ], [ 91.769082508750799, 26.17386712306935 ], [ 91.769004353168441, 26.172325313662359 ], [ 91.768637569168561, 26.171275389347759 ], [ 91.768373447276815, 26.170791084640843 ], [ 91.767899911951375, 26.170272279242379 ], [ 91.767755686775573, 26.170034559647259 ], [ 91.767468293127322, 26.169375127260341 ], [ 91.767244495936765, 26.16893929601174 ], [ 91.766936069843737, 26.168590883362608 ], [ 91.766220768873467, 26.167279450586278 ], [ 91.765355654340027, 26.165693804625434 ], [ 91.764855424438352, 26.16469729374522 ], [ 91.76436807192907, 26.164069509400445 ], [ 91.763847271834194, 26.163612039564033 ], [ 91.761807174161802, 26.162127381173761 ], [ 91.761448644139691, 26.161772536573391 ], [ 91.761258060711, 26.161521659896714 ], [ 91.760774346858653, 26.160836675971932 ], [ 91.760422788381035, 26.160025212293725 ], [ 91.760219393210463, 26.159611779559988 ], [ 91.759747557603788, 26.159006471971136 ], [ 91.759649771619678, 26.158831961226081 ], [ 91.759523222618711, 26.158316772900747 ], [ 91.759350558181737, 26.15788289857699 ], [ 91.759006276118797, 26.157439559787932 ], [ 91.758821548175987, 26.157141772674741 ], [ 91.758651742683824, 26.156585469144122 ], [ 91.758525649639111, 26.156377589953905 ], [ 91.757751834279759, 26.155803573376257 ], [ 91.757444410031582, 26.155679442652247 ], [ 91.756692117247511, 26.155565627152022 ], [ 91.755394582594008, 26.155294959994446 ], [ 91.755005978343277, 26.155273352882968 ], [ 91.754464355345803, 26.155300697669137 ], [ 91.753838193378016, 26.155310673848575 ], [ 91.753659028641366, 26.155273291729131 ], [ 91.752928303398562, 26.155004791038294 ], [ 91.752377441665629, 26.154894839025644 ], [ 91.751587653447501, 26.154861505654026 ], [ 91.750456119254579, 26.154923022879206 ], [ 91.750070590685255, 26.154941065078141 ], [ 91.749851146213501, 26.155006136424142 ], [ 91.749610732249565, 26.155098975237578 ], [ 91.749137791375986, 26.155410959048631 ], [ 91.748920183319882, 26.155476993568438 ], [ 91.748707371348189, 26.155500695201006 ], [ 91.74828543822251, 26.155488688352335 ], [ 91.746937957021132, 26.155314039111666 ], [ 91.744031171901071, 26.154989910855786 ], [ 91.741795623669105, 26.154722739362946 ], [ 91.740952079375049, 26.154710942056436 ], [ 91.739984960137818, 26.154825078614508 ], [ 91.739502318277388, 26.154906117423415 ], [ 91.739150966643905, 26.155012125908872 ], [ 91.737616294256611, 26.155858734193238 ], [ 91.737399689843897, 26.155995854724967 ], [ 91.73733810696811, 26.15608766291535 ], [ 91.737096428557408, 26.156722697594503 ], [ 91.736868865905478, 26.157572236769333 ], [ 91.736758353615144, 26.158229734714578 ], [ 91.736755565716877, 26.1585771590088 ], [ 91.737033336619248, 26.159452520417492 ], [ 91.737242856172955, 26.159857590355529 ], [ 91.7372775798964, 26.160049368983262 ], [ 91.73725164884452, 26.160231773977216 ], [ 91.737117927750234, 26.160404235167434 ], [ 91.736974199000173, 26.160493254560091 ], [ 91.736475747957428, 26.160659368335271 ], [ 91.735865736914235, 26.160762989120734 ], [ 91.734329830657217, 26.160757169607773 ], [ 91.733765059110254, 26.160777976322613 ], [ 91.733302717646396, 26.160850640644551 ], [ 91.732717894815067, 26.161016689668504 ], [ 91.732462008015318, 26.161169293827946 ], [ 91.732302906254134, 26.161324509618478 ], [ 91.73167998184573, 26.162285893878945 ], [ 91.731600571709038, 26.16245123783445 ], [ 91.731570502876451, 26.16256154777723 ], [ 91.731596281043608, 26.162711974677944 ], [ 91.731652208982339, 26.162844356681791 ], [ 91.731817061907961, 26.163076229784199 ], [ 91.731876104198932, 26.1632742452103 ], [ 91.731967504097071, 26.164596012995656 ], [ 91.731941579340415, 26.164778414392309 ], [ 91.731847405933124, 26.165004201782516 ], [ 91.731740832673296, 26.165122452739098 ], [ 91.731627385895194, 26.165191512578279 ], [ 91.731356157560739, 26.16526040694227 ], [ 91.729765988909321, 26.16552566197976 ], [ 91.72889138742768, 26.165598062800388 ], [ 91.728156540591939, 26.165574886371967 ], [ 91.72706621513376, 26.165493422183683 ], [ 91.725051820085483, 26.165575213725134 ], [ 91.722674671798728, 26.165740494728063 ], [ 91.722339859596858, 26.165736928916239 ], [ 91.722217159694168, 26.165709653377878 ], [ 91.722095107303403, 26.165633675953437 ], [ 91.721912753570763, 26.165462900092784 ], [ 91.721822243102125, 26.165349608897337 ], [ 91.72179735976043, 26.165259983361544 ], [ 91.721802611801095, 26.165150310138774 ], [ 91.721827976280139, 26.16499751802106 ], [ 91.721864870967096, 26.164845440864415 ], [ 91.722017852841731, 26.164550384092955 ], [ 91.722278775844842, 26.164289020421982 ], [ 91.723777825186488, 26.163428136299505 ], [ 91.724022213254571, 26.163273559926914 ], [ 91.724256431788916, 26.163165899386787 ], [ 91.724653219870248, 26.163046776987287 ], [ 91.724762670061196, 26.163037765780306 ], [ 91.725123716386477, 26.163148838348249 ], [ 91.72543824168153, 26.163256023147063 ], [ 91.725922628226812, 26.163538070325743 ], [ 91.726009507233016, 26.16357320863667 ], [ 91.726164365992787, 26.163590198628839 ], [ 91.726228655827839, 26.163578245739494 ], [ 91.726271584965687, 26.163541523722422 ], [ 91.726295812701693, 26.163481986804271 ], [ 91.72629023780425, 26.163382693556514 ], [ 91.726283188018783, 26.163310844020238 ], [ 91.726259028631318, 26.163220194156711 ], [ 91.726255327021718, 26.163142159982744 ], [ 91.726278751663145, 26.16303698067215 ], [ 91.726321280602718, 26.16295764787715 ], [ 91.726390082336451, 26.162888734627465 ], [ 91.726512164404909, 26.162805139945267 ], [ 91.726622448267477, 26.162759447190798 ], [ 91.72679133824974, 26.162756833760881 ], [ 91.72697531525867, 26.162749828042209 ], [ 91.727109590335402, 26.162705640752826 ], [ 91.727171873782964, 26.162658304936848 ], [ 91.727209121004179, 26.162611631921351 ], [ 91.727248140789101, 26.162484697111132 ], [ 91.727309630135423, 26.162079976110064 ], [ 91.72725932116083, 26.161765574921425 ], [ 91.727106379755696, 26.161540319030596 ], [ 91.726614486569332, 26.161173538627924 ], [ 91.726388923110406, 26.160940408273259 ], [ 91.725635917163913, 26.159502139612112 ], [ 91.724066771964004, 26.15708605607665 ], [ 91.72260317389744, 26.154799808564366 ], [ 91.721670102992903, 26.1531861640103 ], [ 91.721193327410163, 26.152019433050455 ], [ 91.720379368113385, 26.149563005028753 ], [ 91.718953242997799, 26.146114575327406 ], [ 91.718147070031279, 26.144566374438671 ], [ 91.717397466220163, 26.143144525599471 ], [ 91.717328783196805, 26.142986473347118 ], [ 91.717315357217984, 26.142875436752 ], [ 91.717319474314337, 26.142646385722212 ], [ 91.717373439033082, 26.142214300149913 ], [ 91.717370331875344, 26.142080678880308 ], [ 91.717184048105338, 26.141569527611619 ], [ 91.717011884590875, 26.141268672011719 ], [ 91.716832467144727, 26.14110174255142 ], [ 91.716176521429389, 26.140652059944713 ], [ 91.715857936594517, 26.140505456061991 ], [ 91.715556854365417, 26.140441390158031 ], [ 91.714381150869514, 26.140260266697979 ], [ 91.714041653199814, 26.14013052240578 ], [ 91.713972608649016, 26.140070790334757 ], [ 91.713938721295023, 26.139982685552532 ], [ 91.713920681794121, 26.139806027226431 ], [ 91.713925693715836, 26.13962464026498 ], [ 91.713957566588448, 26.139487010717044 ], [ 91.714049894587021, 26.139265585038718 ], [ 91.714588821417038, 26.138252300903009 ], [ 91.714711594164825, 26.137962107665214 ], [ 91.71473232893392, 26.137842011299828 ], [ 91.714691961065228, 26.136689924900125 ], [ 91.714651203790083, 26.136545336398243 ], [ 91.714602555863323, 26.1364597110469 ], [ 91.714513510390276, 26.136403641914541 ], [ 91.714101378076137, 26.13627824134781 ], [ 91.713364352183206, 26.136162547163888 ], [ 91.713194438772391, 26.136079543336255 ], [ 91.713112248831322, 26.135988861097115 ], [ 91.712442335745251, 26.134628146371863 ], [ 91.712256704883103, 26.134285510967636 ], [ 91.712037327860415, 26.134099782079279 ], [ 91.711782226168822, 26.133937403188678 ], [ 91.711551093208499, 26.133857305070674 ], [ 91.710957244781085, 26.133848838852902 ], [ 91.710757625863778, 26.133819415733495 ], [ 91.710531973371886, 26.133682491254007 ], [ 91.710245730855803, 26.133477566336705 ], [ 91.709325479787111, 26.132469071990183 ], [ 91.708528852224802, 26.131658378131739 ], [ 91.708405421173296, 26.131512368700882 ], [ 91.708353877429531, 26.131309553593063 ], [ 91.708307367191281, 26.131012496729422 ], [ 91.708271622737229, 26.129765116367043 ], [ 91.708350531052218, 26.128651874384534 ], [ 91.708374214698281, 26.128479164981488 ], [ 91.708428253161415, 26.128306541014101 ], [ 91.70853935001108, 26.128087657719234 ], [ 91.708876243244134, 26.127646369384472 ], [ 91.709125615354907, 26.127112637937966 ], [ 91.709240056783244, 26.126769188647181 ], [ 91.709293545760588, 26.126363873194247 ], [ 91.70927687862509, 26.1258383012966 ], [ 91.709238995583235, 26.125458064338236 ], [ 91.708909091881097, 26.124478862709388 ], [ 91.708645521273894, 26.124105645858986 ], [ 91.707976291672551, 26.123231176577555 ], [ 91.707294339362292, 26.122451288096471 ], [ 91.706386260617464, 26.121876755308016 ], [ 91.705823186990543, 26.121562576252 ], [ 91.704899244204796, 26.121367844250631 ], [ 91.703548713402498, 26.121006428304128 ], [ 91.703011584317196, 26.120863397427918 ], [ 91.702386034787679, 26.120882844367799 ], [ 91.70140391306019, 26.120996239884597 ], [ 91.699909353134231, 26.121091007743846 ], [ 91.699590093807885, 26.12101798009574 ], [ 91.699378478833808, 26.1208860405584 ], [ 91.699137156554571, 26.120694377943288 ], [ 91.698518342947196, 26.119913034359143 ], [ 91.69842069635807, 26.119722011161883 ], [ 91.698355625911447, 26.119409729675347 ], [ 91.698339423725457, 26.118836240999777 ], [ 91.698357242892484, 26.118636616686519 ], [ 91.698472064734034, 26.118276356368852 ], [ 91.698605353254521, 26.117658853972969 ], [ 91.698620717272306, 26.117371395573485 ], [ 91.698597948236767, 26.117222547882335 ], [ 91.698498845645204, 26.117054845904519 ], [ 91.698011484142768, 26.116151443634283 ], [ 91.696612746081385, 26.110717661590854 ], [ 91.693549350322286, 26.10834045035153 ], [ 91.691690494820577, 26.106973364828967 ], [ 91.690079639064152, 26.106254311887067 ], [ 91.688113881150727, 26.105145020626264 ], [ 91.685073966690211, 26.103792694777095 ], [ 91.682607364638187, 26.103078078190833 ], [ 91.681663811236007, 26.102880059167433 ], [ 91.68089988122459, 26.102921535000956 ], [ 91.680131604789764, 26.103018747217455 ], [ 91.679204571933496, 26.103382525683028 ], [ 91.676113506732989, 26.104941877265908 ], [ 91.675730044805803, 26.105136057982747 ], [ 91.674186378298742, 26.10587458484428 ], [ 91.672001972712906, 26.106499115441828 ], [ 91.671052684333972, 26.106788557745819 ], [ 91.670247727250853, 26.107299362775471 ], [ 91.668801961841069, 26.108558931649473 ], [ 91.667670597620003, 26.110062096288722 ], [ 91.66702542758145, 26.110886731437599 ], [ 91.666749022749272, 26.1117177481756 ], [ 91.666533299672096, 26.11271677266096 ], [ 91.666181935448066, 26.113344673018268 ], [ 91.665621487841435, 26.113941262579221 ], [ 91.665199446797089, 26.114272000852257 ], [ 91.663696694047218, 26.114783966007238 ], [ 91.661292689306251, 26.115311296978838 ], [ 91.660060786276347, 26.115884130947986 ], [ 91.658193230733076, 26.116749253575211 ], [ 91.656234822079426, 26.118037426286289 ], [ 91.653914796031088, 26.119651010585709 ], [ 91.652555793615065, 26.120468971865574 ], [ 91.650945722067519, 26.12168905780381 ], [ 91.647668129380747, 26.123603210819546 ], [ 91.645646003760106, 26.124626062842626 ], [ 91.643685467310561, 26.125104532748011 ], [ 91.640705514248211, 26.125759739220644 ], [ 91.639330529980072, 26.12607883487037 ], [ 91.638181148741097, 26.126807721898881 ], [ 91.637021426197947, 26.128118569216685 ], [ 91.636123847037965, 26.129671273010935 ], [ 91.635345783281338, 26.131757389891686 ], [ 91.635069782244742, 26.133735436141503 ], [ 91.63506301394699, 26.136257106380434 ], [ 91.635326575561038, 26.138086052229603 ], [ 91.63587320508438, 26.13970079305723 ], [ 91.636370618309471, 26.140789320770619 ], [ 91.637098570942314, 26.141594471207963 ], [ 91.638081466086874, 26.142378767266372 ], [ 91.639560713256344, 26.143128991609732 ], [ 91.641377833020599, 26.144225127587628 ], [ 91.641984307030185, 26.144823692959118 ], [ 91.642370992127638, 26.145479450716191 ], [ 91.642713514217348, 26.146406995286675 ], [ 91.642821592042893, 26.146701508867576 ], [ 91.643057058836234, 26.147525592732013 ], [ 91.643193448219137, 26.148004839651673 ], [ 91.643293575138429, 26.14836983939659 ], [ 91.643431658844051, 26.148876253036679 ], [ 91.643812544213603, 26.150282333163233 ], [ 91.6451351087983, 26.152875791784425 ], [ 91.645690423974017, 26.153650105368076 ], [ 91.646073867914708, 26.15482846636068 ], [ 91.646469877183193, 26.156921438773484 ], [ 91.646982023101927, 26.159219006052314 ], [ 91.647239775095642, 26.16037902177446 ], [ 91.647517017196648, 26.16188020430803 ], [ 91.647546309015041, 26.162351019184271 ], [ 91.6497246207947, 26.165378674985895 ], [ 91.65126256491547, 26.166596816589838 ], [ 91.652671537261739, 26.16707336644275 ], [ 91.654586370164907, 26.167335115023604 ], [ 91.656431359020104, 26.167094945675284 ], [ 91.658182785107471, 26.167226540772237 ], [ 91.660320502389325, 26.167686713970717 ], [ 91.661893722417446, 26.168104054258734 ], [ 91.663308940555225, 26.16829530138709 ], [ 91.665346133417373, 26.168569980420298 ], [ 91.667960314217197, 26.169193073901287 ], [ 91.670037193261948, 26.169742663992768 ], [ 91.672850447989873, 26.170459786090294 ], [ 91.675189488404214, 26.170736108184922 ], [ 91.680933504177901, 26.171058447689255 ], [ 91.685463417202939, 26.170972818740701 ], [ 91.692772538421963, 26.170723111182692 ], [ 91.696297558885306, 26.170652885822054 ], [ 91.697785047442082, 26.170487167748657 ], [ 91.700186556564404, 26.170219532205685 ], [ 91.702979860732015, 26.169878724223761 ], [ 91.704798119037974, 26.169762869061231 ], [ 91.705708946111031, 26.169704841205466 ], [ 91.708436544011377, 26.169708519432699 ], [ 91.712154424087444, 26.169686010301163 ], [ 91.715426315971712, 26.169436407064595 ], [ 91.718189418207174, 26.169379088773947 ], [ 91.720943508336291, 26.169514582432107 ], [ 91.721832210288312, 26.169580694293604 ], [ 91.723310643571395, 26.169963071638502 ], [ 91.72497600633767, 26.170462779933423 ], [ 91.725382239998424, 26.170597971419252 ], [ 91.7258795111306, 26.170891557799258 ], [ 91.727467060056796, 26.172070293809035 ], [ 91.728707423009226, 26.173511154316387 ], [ 91.73159153801916, 26.177049968581212 ], [ 91.73204725957342, 26.177520618881456 ], [ 91.732437861218415, 26.177792918308551 ], [ 91.733473608620216, 26.1784669916584 ], [ 91.734343218864552, 26.179233997351137 ], [ 91.737188018212549, 26.181652010831691 ], [ 91.739923068794667, 26.183920912220415 ], [ 91.741484535582885, 26.185049617146117 ], [ 91.742684072012366, 26.185704408131993 ], [ 91.744231094789257, 26.186746660330229 ], [ 91.746793807388372, 26.189010998558793 ], [ 91.748307227896305, 26.189984362688179 ], [ 91.749610945388937, 26.190697939658225 ], [ 91.75163566735219, 26.191671429692764 ], [ 91.754945595163122, 26.193246251413438 ], [ 91.756078693277132, 26.193787351005504 ], [ 91.756525935123889, 26.19392062603616 ], [ 91.75748668266435, 26.194159828613195 ], [ 91.75918974860808, 26.194509597439986 ], [ 91.760445377552188, 26.194862724335355 ], [ 91.761539056582279, 26.195221748085284 ], [ 91.762280469368207, 26.195493882037013 ], [ 91.765374102133194, 26.196905694442307 ], [ 91.767733650687518, 26.193582749844069 ], [ 91.76874362801604, 26.192390291978462 ], [ 91.769181317264085, 26.192137373840829 ], [ 91.770733057884428, 26.191577448740322 ], [ 91.772340542082446, 26.19108645757402 ], [ 91.77443437694501, 26.19092298061112 ], [ 91.776624038168904, 26.190756275082094 ], [ 91.780834562365229, 26.190918383276784 ], [ 91.788133951120983, 26.191830088987444 ], [ 91.79253849325697, 26.192939027714068 ], [ 91.79606108914804, 26.194073091699899 ], [ 91.798467892579254, 26.195483442706724 ], [ 91.800427373224736, 26.196436531620648 ], [ 91.806287990598349, 26.198739481342059 ], [ 91.807734881959306, 26.19915922012197 ], [ 91.809156232574111, 26.199482795294848 ], [ 91.81035075528321, 26.199488077912481 ], [ 91.811360821644698, 26.199308823243683 ], [ 91.812986568375536, 26.198888561957645 ], [ 91.813924787898671, 26.198535143681934 ], [ 91.814485198633022, 26.198473631852703 ], [ 91.814881064909315, 26.198535375707088 ], [ 91.816538010920468, 26.199314396342377 ], [ 91.818241444686947, 26.200123093705852 ], [ 91.819385164693657, 26.200578958252407 ], [ 91.821953262433183, 26.201234339193391 ], [ 91.824120122245915, 26.201744127989191 ], [ 91.824844019835709, 26.196541802662132 ] ] ] } },
{ "type": "Feature", "properties": { "District": "322", "Subdistt": "02129", "Town/Village": "303430", "Name": "Kalitakuchi N.C.", "TRU": "Rural", "No_HH": 320, "TOT_P": 1728, "TOT_M": 916, "TOT_F": 812, "P_06": 199, "P_SC": 142, "P_ST": 24, "pc11_s_id": "18", "pc11_d_id": "322", "pc11_sd_id": "02129", "pc11_tv_id": "303430", "tv_name": "Kalitakuchi N.C.", "mdds_og": 0, "total_area_sqm": 566252.49258228461, "total_area_ha": 56.625249258228465, "flood_area_1998": 0.0, "flood_pct_1998": 0.0, "exposed_pop_1998": 0, "flood_area_1999": 0.0, "flood_pct_1999": 0.0, "exposed_pop_1999": 0, "flood_area_2004": 0.0, "flood_pct_2004": 0.0, "exposed_pop_2004": 0, "flood_area_2012": 0.0, "flood_pct_2012": 0.0, "exposed_pop_2012": 0, "flood_area_2013": 0.0, "flood_pct_2013": 0.0, "exposed_pop_2013": 0, "flood_years_exposed": 0, "flood_frequency": 0.0, "max_flood_exposure_pct": 0.0, "exposure_note": "ESTIMATE: spatial overlap with historical flood inundation polygons only. NOT actual people affected." }, "geometry": { "type": "Polygon", "coordinates": [ [ [ 91.856008527971241, 26.157127622741694 ], [ 91.856096005026615, 26.156847124195437 ], [ 91.856100998062658, 26.156744437805646 ], [ 91.856069000184263, 26.156547346882597 ], [ 91.855955610063404, 26.156335653667551 ], [ 91.855641073077095, 26.155860327792002 ], [ 91.855187917000066, 26.155987448000051 ], [ 91.855006644000085, 26.156037750000038 ], [ 91.854760006000021, 26.156084972000038 ], [ 91.854163750000055, 26.15613664300005 ], [ 91.853365405, 26.156191680000074 ], [ 91.853184065000093, 26.156219172000039 ], [ 91.852984998000053, 26.156267592000049 ], [ 91.852869300000066, 26.156353522000053 ], [ 91.852789216000104, 26.156475223 ], [ 91.852670759000077, 26.156716197000041 ], [ 91.85265540900005, 26.156792502000048 ], [ 91.85265016200006, 26.156895129000102 ], [ 91.852667788000105, 26.156977945000026 ], [ 91.852674540000038, 26.157049527 ], [ 91.852671149000017, 26.157115927000074 ], [ 91.852631592000122, 26.157156631000067 ], [ 91.852566024000026, 26.157196961000029 ], [ 91.852501017000066, 26.157226229000052 ], [ 91.852409334000029, 26.15728834000004 ], [ 91.85232295600008, 26.157368652000024 ], [ 91.85224901, 26.157470279000083 ], [ 91.85219915100005, 26.157711136000028 ], [ 91.852200944000018, 26.158305898000034 ], [ 91.852162960000072, 26.15872189 ], [ 91.852154097000053, 26.158793191000029 ], [ 91.852098602000069, 26.158838677000062 ], [ 91.852027733000071, 26.158878919000106 ], [ 91.851883187000013, 26.158891980000032 ], [ 91.851749827000077, 26.158890131000057 ], [ 91.851643809000024, 26.158883647000053 ], [ 91.851571127000042, 26.158857512000022 ], [ 91.851499796, 26.15880524900005 ], [ 91.851300258, 26.158551121000073 ], [ 91.851070142000069, 26.158385166000109 ], [ 91.850838436000089, 26.158250445000064 ], [ 91.850135676000022, 26.157994492000025 ], [ 91.849534206000087, 26.157854950000026 ], [ 91.84907730300003, 26.157780717000012 ], [ 91.848886847000074, 26.157773749000057 ], [ 91.848657456000097, 26.157811697000088 ], [ 91.848472677000089, 26.157930570000065 ], [ 91.848344998000101, 26.158073136000048 ], [ 91.848273371000033, 26.158182049000089 ], [ 91.848261506000114, 26.158285486000032 ], [ 91.848270648000067, 26.158463504000018 ], [ 91.848248461000111, 26.158757814000033 ], [ 91.848200154000011, 26.158878975000022 ], [ 91.848109768000086, 26.158986674000051 ], [ 91.848092960000031, 26.159085006000016 ], [ 91.848112940000078, 26.159159560000056 ], [ 91.848157849000074, 26.159217263000034 ], [ 91.848183977000105, 26.159274791 ], [ 91.848178064000052, 26.15938427 ], [ 91.848143848000063, 26.159476392000069 ], [ 91.848083708000061, 26.159584345000031 ], [ 91.847970087000078, 26.159676726000036 ], [ 91.847896799000054, 26.159699159000027 ], [ 91.847800744000011, 26.159698284000044 ], [ 91.847323447000036, 26.159677056000064 ], [ 91.847138612000023, 26.159675536000027 ], [ 91.846975806000046, 26.159691313000089 ], [ 91.846901210000098, 26.159736936000044 ], [ 91.84683820500004, 26.159799728000088 ], [ 91.846764514000071, 26.159942790000024 ], [ 91.846751564000058, 26.160178703 ], [ 91.846803067000053, 26.161685114000033 ], [ 91.846844925000056, 26.161973516 ], [ 91.846871923000066, 26.162112238000113 ], [ 91.846941967000092, 26.162210170000044 ], [ 91.846991925000054, 26.162234676000029 ], [ 91.847119560000039, 26.16223576600003 ], [ 91.848697647000051, 26.162194895000024 ], [ 91.849430985000069, 26.162253355000065 ], [ 91.849777826000079, 26.162320748000045 ], [ 91.849994793000093, 26.162391692000053 ], [ 91.850097217000041, 26.162473300000055 ], [ 91.850167798000101, 26.162725212000026 ], [ 91.850236173999988, 26.16300017500004 ], [ 91.850293148410159, 26.163152501287001 ], [ 91.851757924588554, 26.163204799561957 ], [ 91.855258354889187, 26.16355849932539 ], [ 91.85727822321148, 26.163598626175677 ], [ 91.857777546596523, 26.163546941238369 ], [ 91.858007624652231, 26.163492629381402 ], [ 91.858210167265412, 26.163401574822931 ], [ 91.858405132191123, 26.163225942623214 ], [ 91.858520422579474, 26.163057595831418 ], [ 91.8585362902177, 26.16298555923624 ], [ 91.858525790632768, 26.162942089605767 ], [ 91.85845375493686, 26.162808766911105 ], [ 91.857773585982287, 26.162098084858787 ], [ 91.857460374596656, 26.16188428902877 ], [ 91.856960293982496, 26.161697964789354 ], [ 91.856238568255407, 26.161480438571427 ], [ 91.85611369109408, 26.161409627752175 ], [ 91.855985500830258, 26.161299549834371 ], [ 91.855349342897881, 26.160377338243634 ], [ 91.855291656784573, 26.16027769785747 ], [ 91.85524631836293, 26.160160173553226 ], [ 91.855250919294562, 26.159916777437431 ], [ 91.855365775310375, 26.15918725368882 ], [ 91.855518828231467, 26.15854879708932 ], [ 91.855919987017828, 26.157408068227816 ], [ 91.856008527971241, 26.157127622741694 ] ] ] } },
{ "type": "Feature", "properties": { "District": "322", "Subdistt": "02129", "Town/Village": "303431", "Name": "No.1 Bonda Grant", "TRU": "Rural", "No_HH": 444, "TOT_P": 2179, "TOT_M": 1127, "TOT_F": 1052, "P_06": 244, "P_SC": 201, "P_ST": 561, "pc11_s_id": "18", "pc11_d_id": "322", "pc11_sd_id": "02129", "pc11_tv_id": "303431", "tv_name": "No.1 Bonda Grant", "mdds_og": 0, "total_area_sqm": 1390941.6832873195, "total_area_ha": 139.09416832873194, "flood_area_1998": 0.0, "flood_pct_1998": 0.0, "exposed_pop_1998": 0, "flood_area_1999": 0.0, "flood_pct_1999": 0.0, "exposed_pop_1999": 0, "flood_area_2004": 0.0, "flood_pct_2004": 0.0, "exposed_pop_2004": 0, "flood_area_2012": 0.0, "flood_pct_2012": 0.0, "exposed_pop_2012": 0, "flood_area_2013": 0.0, "flood_pct_2013": 0.0, "exposed_pop_2013": 0, "flood_years_exposed": 0, "flood_frequency": 0.0, "max_flood_exposure_pct": 0.0, "exposure_note": "ESTIMATE: spatial overlap with historical flood inundation polygons only. NOT actual people affected." }, "geometry": { "type": "Polygon", "coordinates": [ [ [ 91.861342407026569, 26.182072321580474 ], [ 91.861181235026024, 26.181131917604006 ], [ 91.860867830286267, 26.179267414359764 ], [ 91.860765583664872, 26.17865236171717 ], [ 91.860686982917983, 26.178490431588219 ], [ 91.860516512826877, 26.178112261271913 ], [ 91.859895957232681, 26.177004846896246 ], [ 91.859165425344173, 26.175754723601674 ], [ 91.858816303129927, 26.17520009730665 ], [ 91.858746471672333, 26.175052362976192 ], [ 91.858719643097146, 26.175019704995428 ], [ 91.858646896936861, 26.174935924153608 ], [ 91.858429552381978, 26.17475665599498 ], [ 91.857602335279594, 26.174166044227576 ], [ 91.857090645317101, 26.173786240742469 ], [ 91.856876082365346, 26.173635382167237 ], [ 91.856477367036945, 26.173448560602619 ], [ 91.856147707051065, 26.173357452984103 ], [ 91.85513168268109, 26.173077343844398 ], [ 91.854290836353059, 26.172932844375296 ], [ 91.852621450919258, 26.172705553318654 ], [ 91.851571602147786, 26.172610182014378 ], [ 91.85070560987603, 26.172427788711516 ], [ 91.84924041911016, 26.172169239019283 ], [ 91.848465979621352, 26.172063531806611 ], [ 91.847190920824403, 26.17192530780672 ], [ 91.846699291139444, 26.171842407401247 ], [ 91.84626995479465, 26.171675394304028 ], [ 91.846253309000048, 26.172214208000089 ], [ 91.846203552000105, 26.17262165800005 ], [ 91.84612914200008, 26.17297684600004 ], [ 91.846033862000098, 26.173206875000066 ], [ 91.845920636000059, 26.173396759000056 ], [ 91.845907050000079, 26.173515561000027 ], [ 91.845905394000042, 26.173668438000064 ], [ 91.845928743000016, 26.173766570000012 ], [ 91.845992786000068, 26.17387305600003 ], [ 91.846086321000087, 26.173939844000049 ], [ 91.846207642000081, 26.1740198900001 ], [ 91.846555599000013, 26.174142088000085 ], [ 91.84664458, 26.174174931000049 ], [ 91.846709700000062, 26.174261501000018 ], [ 91.846724262000023, 26.174367552 ], [ 91.846713400000013, 26.174578246000024 ], [ 91.846681568000037, 26.174909582000083 ], [ 91.846619838, 26.175145696000079 ], [ 91.846616294000057, 26.175214577000094 ], [ 91.846656013000057, 26.175303861000021 ], [ 91.846809454000052, 26.175459211 ], [ 91.847220931, 26.175789085000112 ], [ 91.847554172000031, 26.176103307000087 ], [ 91.847841358000082, 26.176370193000054 ], [ 91.84809566000007, 26.176725636000064 ], [ 91.848346406000033, 26.177153960000066 ], [ 91.848590424000065, 26.177423530000077 ], [ 91.848762916000041, 26.177583443000074 ], [ 91.848898361000053, 26.177661062000013 ], [ 91.849630657000063, 26.177939503000047 ], [ 91.850165457000088, 26.178092941000042 ], [ 91.850521980000011, 26.178159180000016 ], [ 91.850969592000098, 26.178238999000047 ], [ 91.851951784, 26.178495720000061 ], [ 91.853607029, 26.178938833000043 ], [ 91.854939985000073, 26.179233744000019 ], [ 91.856212838000047, 26.179380656 ], [ 91.856273772000037, 26.179428914 ], [ 91.856320118000042, 26.179496817000025 ], [ 91.856423767000095, 26.179852445000051 ], [ 91.856612714, 26.180942299999987 ], [ 91.856606648000039, 26.181074838000029 ], [ 91.856595640000108, 26.181154391000039 ], [ 91.856522730000023, 26.181206611 ], [ 91.856399931000084, 26.181290632000032 ], [ 91.85602212, 26.181515623000085 ], [ 91.855768549000061, 26.181669629000037 ], [ 91.855691069000045, 26.181681906000076 ], [ 91.855465773000049, 26.181677046000029 ], [ 91.855072205000084, 26.181661707 ], [ 91.854232110000027, 26.181557685000012 ], [ 91.853306463000095, 26.181426932000029 ], [ 91.85210150100005, 26.181258341000024 ], [ 91.850800040000109, 26.181155869000072 ], [ 91.849733830000076, 26.181159644000029 ], [ 91.848882597000085, 26.181254447000057 ], [ 91.848398311000068, 26.181341809000092 ], [ 91.848150513000078, 26.18145628800006 ], [ 91.848800621000052, 26.181978851000043 ], [ 91.848998873000113, 26.182141937000036 ], [ 91.849091480000041, 26.182259774000016 ], [ 91.849169993000061, 26.182450152000047 ], [ 91.849200944000046, 26.182553194000047 ], [ 91.849239117000096, 26.182616486000043 ], [ 91.849317546000094, 26.182700267000047 ], [ 91.85008448400005, 26.18326624800007 ], [ 91.850357354000067, 26.183508446000037 ], [ 91.850807174000067, 26.184121989000086 ], [ 91.851143677000024, 26.184519758000047 ], [ 91.851474955604743, 26.184806044763231 ], [ 91.851522861590865, 26.184776993063874 ], [ 91.851620459616612, 26.184770695111492 ], [ 91.852146658341653, 26.184779889780163 ], [ 91.855840601162868, 26.184975603841121 ], [ 91.858024647019846, 26.18512915858382 ], [ 91.858725982418221, 26.185194396304379 ], [ 91.860670015408985, 26.185379816725263 ], [ 91.861712380022368, 26.185482422176065 ], [ 91.861781638611802, 26.185479397756062 ], [ 91.861829016695836, 26.185473765302092 ], [ 91.861876701448693, 26.185461167598856 ], [ 91.86191658728076, 26.185435399324231 ], [ 91.861937526195987, 26.185388166930412 ], [ 91.861942392427494, 26.185325530948589 ], [ 91.861887583245405, 26.184317377445065 ], [ 91.861831864848753, 26.183732588788011 ], [ 91.861533334895555, 26.182699072604176 ], [ 91.861364000648123, 26.182198619670594 ], [ 91.861342407026569, 26.182072321580474 ] ] ] } },
{ "type": "Feature", "properties": { "District": "322", "Subdistt": "02129", "Town/Village": "303432", "Name": "No.2 Bonda Grant", "TRU": "Rural", "No_HH": 165, "TOT_P": 783, "TOT_M": 403, "TOT_F": 380, "P_06": 90, "P_SC": 17, "P_ST": 19, "pc11_s_id": "18", "pc11_d_id": "322", "pc11_sd_id": "02129", "pc11_tv_id": "303432", "tv_name": "No.2 Bonda Grant", "mdds_og": 0, "total_area_sqm": 1098168.4298734085, "total_area_ha": 109.81684298734085, "flood_area_1998": 0.0, "flood_pct_1998": 0.0, "exposed_pop_1998": 0, "flood_area_1999": 0.0, "flood_pct_1999": 0.0, "exposed_pop_1999": 0, "flood_area_2004": 0.0, "flood_pct_2004": 0.0, "exposed_pop_2004": 0, "flood_area_2012": 0.0, "flood_pct_2012": 0.0, "exposed_pop_2012": 0, "flood_area_2013": 0.0, "flood_pct_2013": 0.0, "exposed_pop_2013": 0, "flood_years_exposed": 0, "flood_frequency": 0.0, "max_flood_exposure_pct": 0.0, "exposure_note": "ESTIMATE: spatial overlap with historical flood inundation polygons only. NOT actual people affected." }, "geometry": { "type": "Polygon", "coordinates": [ [ [ 91.845117154, 26.182093048000077 ], [ 91.845133539000031, 26.181999550000068 ], [ 91.845265012000084, 26.181829336000106 ], [ 91.845694582000093, 26.181458571000071 ], [ 91.845962086000014, 26.181275748000044 ], [ 91.846089569000085, 26.181203237 ], [ 91.846226813000072, 26.181146786000031 ], [ 91.846418893000077, 26.181114830000052 ], [ 91.846812223000114, 26.181098993999985 ], [ 91.847354347000106, 26.181173738000041 ], [ 91.84790855200005, 26.181344689000063 ], [ 91.848150513000078, 26.18145628800006 ], [ 91.848398311000068, 26.181341809000092 ], [ 91.848882597000085, 26.181254447000057 ], [ 91.849733830000076, 26.181159644000029 ], [ 91.850800040000109, 26.181155869000072 ], [ 91.85210150100005, 26.181258341000024 ], [ 91.853306463000095, 26.181426932000029 ], [ 91.854232110000027, 26.181557685000012 ], [ 91.855072205000084, 26.181661707 ], [ 91.855465773000049, 26.181677046000029 ], [ 91.855691069000045, 26.181681906000076 ], [ 91.855768549000061, 26.181669629000037 ], [ 91.85602212, 26.181515623000085 ], [ 91.856399931000084, 26.181290632000032 ], [ 91.856522730000023, 26.181206611 ], [ 91.856595640000108, 26.181154391000039 ], [ 91.856606648000039, 26.181074838000029 ], [ 91.856612714, 26.180942299999987 ], [ 91.856423767000095, 26.179852445000051 ], [ 91.856320118000042, 26.179496817000025 ], [ 91.856273772000037, 26.179428914 ], [ 91.856212838000047, 26.179380656 ], [ 91.854939985000073, 26.179233744000019 ], [ 91.853607029, 26.178938833000043 ], [ 91.851951784, 26.178495720000061 ], [ 91.850969592000098, 26.178238999000047 ], [ 91.850521980000011, 26.178159180000016 ], [ 91.850165457000088, 26.178092941000042 ], [ 91.849630657000063, 26.177939503000047 ], [ 91.848898361000053, 26.177661062000013 ], [ 91.848762916000041, 26.177583443000074 ], [ 91.848590424000065, 26.177423530000077 ], [ 91.848346406000033, 26.177153960000066 ], [ 91.84809566000007, 26.176725636000064 ], [ 91.847841358000082, 26.176370193000054 ], [ 91.847554172000031, 26.176103307000087 ], [ 91.847220931, 26.175789085000112 ], [ 91.846809454000052, 26.175459211 ], [ 91.846656013000057, 26.175303861000021 ], [ 91.846616294000057, 26.175214577000094 ], [ 91.846619838, 26.175145696000079 ], [ 91.846681568000037, 26.174909582000083 ], [ 91.846713400000013, 26.174578246000024 ], [ 91.846724262000023, 26.174367552 ], [ 91.846709700000062, 26.174261501000018 ], [ 91.84664458, 26.174174931000049 ], [ 91.846555599000013, 26.174142088000085 ], [ 91.846207642000081, 26.1740198900001 ], [ 91.846086321000087, 26.173939844000049 ], [ 91.845992786000068, 26.17387305600003 ], [ 91.845928743000016, 26.173766570000012 ], [ 91.845905394000042, 26.173668438000064 ], [ 91.845907050000079, 26.173515561000027 ], [ 91.845920636000059, 26.173396759000056 ], [ 91.846033862000098, 26.173206875000066 ], [ 91.84612914200008, 26.17297684600004 ], [ 91.846203552000105, 26.17262165800005 ], [ 91.846253309000048, 26.172214208000089 ], [ 91.84626995479465, 26.171675394304028 ], [ 91.846121739326847, 26.171610066651319 ], [ 91.846030368207025, 26.171565264225549 ], [ 91.846001840812349, 26.171527015159679 ], [ 91.84600141992965, 26.171495009187407 ], [ 91.844680358000019, 26.171596727000068 ], [ 91.844032022000107, 26.17164052400005 ], [ 91.843508985000085, 26.171644552000028 ], [ 91.842688114000026, 26.171558677000029 ], [ 91.842234743000091, 26.171556916000061 ], [ 91.841428039000036, 26.171609446000055 ], [ 91.83985262200008, 26.171716173 ], [ 91.83844070400005, 26.171989815000085 ], [ 91.83821227100006, 26.172085101000064 ], [ 91.837982182000033, 26.172208416000053 ], [ 91.837802135000061, 26.172324676000081 ], [ 91.837725582000118, 26.172405750000038 ], [ 91.837690773000077, 26.17251467600008 ], [ 91.837676627000064, 26.172650502000039 ], [ 91.837669175000073, 26.172780315000033 ], [ 91.837710359000098, 26.172928967000075 ], [ 91.838217032000017, 26.173521898000018 ], [ 91.838367618000035, 26.173664411000086 ], [ 91.838508166000025, 26.173853885000042 ], [ 91.838809042000065, 26.174655079000075 ], [ 91.838972359000067, 26.17534954300007 ], [ 91.839120085000033, 26.176062882000029 ], [ 91.83932404100004, 26.17681802400007 ], [ 91.839516583000062, 26.177381605000072 ], [ 91.839900221000022, 26.178020149000059 ], [ 91.840654920000105, 26.17899652600002 ], [ 91.841608678000057, 26.179871555000034 ], [ 91.842073711000083, 26.180377694000079 ], [ 91.843016244000083, 26.181325006000034 ], [ 91.843644988000065, 26.181832924000048 ], [ 91.844086344000075, 26.182091943999986 ], [ 91.844399754000079, 26.182179912999981 ], [ 91.844635537000045, 26.182189704000081 ], [ 91.845117154, 26.182093048000077 ] ] ] } },
{ "type": "Feature", "properties": { "District": "322", "Subdistt": "02129", "Town/Village": "303433", "Name": "Tintukura N.C.", "TRU": "Rural", "No_HH": 37, "TOT_P": 199, "TOT_M": 89, "TOT_F": 110, "P_06": 21, "P_SC": 45, "P_ST": 0, "pc11_s_id": "18", "pc11_d_id": "322", "pc11_sd_id": "02129", "pc11_tv_id": "303433", "tv_name": "Tintukura N.C.", "mdds_og": 0, "total_area_sqm": 820893.01913599996, "total_area_ha": 82.089301913599996, "flood_area_1998": 740091.95422685693, "flood_pct_1998": 90.156931168182282, "exposed_pop_1998": 179, "flood_area_1999": 629188.46682189801, "flood_pct_1999": 76.64682877729021, "exposed_pop_1999": 153, "flood_area_2004": 760063.66669966932, "flood_pct_2004": 92.589856288416939, "exposed_pop_2004": 184, "flood_area_2012": 641008.4337062866, "flood_pct_2012": 78.086720043125212, "exposed_pop_2012": 155, "flood_area_2013": 713530.28894980764, "flood_pct_2013": 86.921227531062101, "exposed_pop_2013": 173, "flood_years_exposed": 5, "flood_frequency": 1.0, "max_flood_exposure_pct": 92.589856288416939, "exposure_note": "ESTIMATE: spatial overlap with historical flood inundation polygons only. NOT actual people affected." }, "geometry": { "type": "Polygon", "coordinates": [ [ [ 91.849536475927707, 26.200302330388332 ], [ 91.847551691057731, 26.197298432876444 ], [ 91.841189100896344, 26.19814113540518 ], [ 91.84023671615158, 26.200796792038357 ], [ 91.841764664307846, 26.203929595674332 ], [ 91.844948213988971, 26.20668905385682 ], [ 91.846117180663441, 26.206491310025999 ], [ 91.852553098846457, 26.204752025685448 ], [ 91.849536475927707, 26.200302330388332 ] ] ] } },
{ "type": "Feature", "properties": { "District": "322", "Subdistt": "02129", "Town/Village": "303434", "Name": "Kharghuli", "TRU": "Rural", "No_HH": 313, "TOT_P": 1420, "TOT_M": 702, "TOT_F": 718, "P_06": 163, "P_SC": 118, "P_ST": 239, "pc11_s_id": "18", "pc11_d_id": "322", "pc11_sd_id": "02129", "pc11_tv_id": "303434", "tv_name": "Kharghuli", "mdds_og": 0, "total_area_sqm": 1690032.820699516, "total_area_ha": 169.00328206995161, "flood_area_1998": 6886.886412036537, "flood_pct_1998": 0.40750015784817761, "exposed_pop_1998": 6, "flood_area_1999": 0.0, "flood_pct_1999": 0.0, "exposed_pop_1999": 0, "flood_area_2004": 59893.073431206161, "flood_pct_2004": 3.5439000176585931, "exposed_pop_2004": 50, "flood_area_2012": 2890.2962875381922, "flood_pct_2012": 0.17102012766485086, "exposed_pop_2012": 2, "flood_area_2013": 0.0, "flood_pct_2013": 0.0, "exposed_pop_2013": 0, "flood_years_exposed": 3, "flood_frequency": 0.6, "max_flood_exposure_pct": 3.5439000176585931, "exposure_note": "ESTIMATE: spatial overlap with historical flood inundation polygons only. NOT actual people affected." }, "geometry": { "type": "Polygon", "coordinates": [ [ [ 91.846643150960716, 26.194263874778034 ], [ 91.848991242152152, 26.192815098438071 ], [ 91.84929293322233, 26.192722145410752 ], [ 91.849451782274016, 26.192708577339019 ], [ 91.849713955334877, 26.19273330329932 ], [ 91.8498959916068, 26.192814450926249 ], [ 91.850160319443219, 26.192929666670839 ], [ 91.850328854193293, 26.192958114025799 ], [ 91.850463791171052, 26.192955298248499 ], [ 91.850578861225515, 26.19289959334159 ], [ 91.850605966792017, 26.192794841209022 ], [ 91.850654874622791, 26.192585239816957 ], [ 91.850702323753268, 26.19240736201025 ], [ 91.850816895583336, 26.192246456209034 ], [ 91.851043784643053, 26.192018931328676 ], [ 91.851189633095132, 26.191915163054347 ], [ 91.851485793334746, 26.191794146682579 ], [ 91.852635884138763, 26.191563700804199 ], [ 91.853695585882633, 26.191448262027706 ], [ 91.854472818665741, 26.191496043907403 ], [ 91.856276700409452, 26.191653254394254 ], [ 91.856432523242404, 26.19163604316892 ], [ 91.856562791839465, 26.191576544921613 ], [ 91.856702423278236, 26.1914487566548 ], [ 91.856875766703354, 26.191155907719033 ], [ 91.856991200983188, 26.190884498620814 ], [ 91.856991640751673, 26.190804036277271 ], [ 91.85694524113002, 26.19071052387163 ], [ 91.856742463793765, 26.190437416853385 ], [ 91.856074608356579, 26.189508551178697 ], [ 91.855286777962505, 26.188636963325251 ], [ 91.853917997217849, 26.187289470432784 ], [ 91.852663674988662, 26.186326006040428 ], [ 91.851891276960984, 26.185512978441228 ], [ 91.851523289668165, 26.185014918603677 ], [ 91.851464467711082, 26.184916366397282 ], [ 91.851459579895689, 26.184885424322957 ], [ 91.851461876764247, 26.184836683765944 ], [ 91.851474955604743, 26.184806044763231 ], [ 91.851143677000024, 26.184519758000047 ], [ 91.850807174000067, 26.184121989000086 ], [ 91.850357354000067, 26.183508446000037 ], [ 91.85008448400005, 26.18326624800007 ], [ 91.849317546000094, 26.182700267000047 ], [ 91.849239117000096, 26.182616486000043 ], [ 91.849200944000046, 26.182553194000047 ], [ 91.849169993000061, 26.182450152000047 ], [ 91.849091480000041, 26.182259774000016 ], [ 91.848998873000113, 26.182141937000036 ], [ 91.848800621000052, 26.181978851000043 ], [ 91.848150513000078, 26.18145628800006 ], [ 91.84790855200005, 26.181344689000063 ], [ 91.847354347000106, 26.181173738000041 ], [ 91.846812223000114, 26.181098993999985 ], [ 91.846418893000077, 26.181114830000052 ], [ 91.846226813000072, 26.181146786000031 ], [ 91.846089569000085, 26.181203237 ], [ 91.845962086000014, 26.181275748000044 ], [ 91.845694582000093, 26.181458571000071 ], [ 91.845265012000084, 26.181829336000106 ], [ 91.845133539000031, 26.181999550000068 ], [ 91.845117154, 26.182093048000077 ], [ 91.845109998000041, 26.182213516 ], [ 91.845178832000045, 26.182339609000049 ], [ 91.845343900000032, 26.182553199000047 ], [ 91.845535256000062, 26.182729207000044 ], [ 91.845868075000055, 26.182936470000051 ], [ 91.846429506000064, 26.183232828000058 ], [ 91.846552772000052, 26.183352606000021 ], [ 91.846590684000077, 26.18354916100003 ], [ 91.846554549000103, 26.18370111700008 ], [ 91.846481627000017, 26.183825801000093 ], [ 91.846261062000067, 26.184064454000033 ], [ 91.846247136000073, 26.184152909000069 ], [ 91.846240030000018, 26.18429617700011 ], [ 91.846204376000088, 26.184438154000045 ], [ 91.846200826000057, 26.18450978100002 ], [ 91.846131642000017, 26.184622550000025 ], [ 91.84596987200004, 26.184827957000056 ], [ 91.845915456000071, 26.184899078000079 ], [ 91.84591269400002, 26.184954779000069 ], [ 91.845925704000123, 26.185034515 ], [ 91.846104215000054, 26.185369617000021 ], [ 91.846415223000037, 26.185901083000029 ], [ 91.847129394000063, 26.187501127000079 ], [ 91.847200158000049, 26.187770373000063 ], [ 91.847215887000019, 26.187905756000074 ], [ 91.847250158000108, 26.188911002000026 ], [ 91.847290693000076, 26.190056998999989 ], [ 91.847287319000074, 26.190127483000047 ], [ 91.847275202000048, 26.190180978000033 ], [ 91.847207485000041, 26.190198067000026 ], [ 91.847023423000081, 26.190183038000026 ], [ 91.846933438000093, 26.190177054000063 ], [ 91.846874208, 26.190127720000067 ], [ 91.846840013000104, 26.190065756 ], [ 91.846718354000075, 26.189923362000034 ], [ 91.846544748, 26.189801283000058 ], [ 91.84635581, 26.189710867000038 ], [ 91.845873193000045, 26.189521186999976 ], [ 91.845565609000076, 26.189336417000053 ], [ 91.845358041000054, 26.189170555 ], [ 91.844900216, 26.188757129000084 ], [ 91.844576678000053, 26.188595443000029 ], [ 91.843529569000012, 26.18810967000007 ], [ 91.843343609000087, 26.188044839000035 ], [ 91.843168267000053, 26.188043730000032 ], [ 91.843046464000011, 26.188055904000063 ], [ 91.842941401000104, 26.188136775 ], [ 91.84290169800002, 26.188249841000033 ], [ 91.842840362000103, 26.188539668000033 ], [ 91.842839815000048, 26.18867779 ], [ 91.84287117100007, 26.189092307000017 ], [ 91.842866204000103, 26.189191630000064 ], [ 91.84283658700005, 26.189252061 ], [ 91.842775292000042, 26.189286480000096 ], [ 91.842694281, 26.18931085800007 ], [ 91.84254862900012, 26.189329925000049 ], [ 91.842382932000092, 26.189324080000098 ], [ 91.842271912000058, 26.189288741000016 ], [ 91.842126200000081, 26.189202583000082 ], [ 91.841798432000047, 26.18899143600002 ], [ 91.841151350000061, 26.188759354000091 ], [ 91.840713110000038, 26.188626779000046 ], [ 91.840115761000078, 26.18846031700004 ], [ 91.839751620000072, 26.188334425000015 ], [ 91.839544021000023, 26.188208903000021 ], [ 91.839310279000046, 26.188053594000049 ], [ 91.839086137000066, 26.187939107 ], [ 91.838890371000033, 26.187893274000018 ], [ 91.838804072000087, 26.187893239000015 ], [ 91.838718575000115, 26.187898184000069 ], [ 91.838625326000042, 26.187928978000041 ], [ 91.838586730000046, 26.187953821000054 ], [ 91.838551379000052, 26.18801841900007 ], [ 91.838507499000059, 26.188123762 ], [ 91.838440504000033, 26.188283762 ], [ 91.838361026000115, 26.188478541000038 ], [ 91.838241517000085, 26.188678871 ], [ 91.83815505000004, 26.188808496999982 ], [ 91.838057593000059, 26.188897973000014 ], [ 91.837786672000021, 26.189142596000092 ], [ 91.837640013000055, 26.18929475300007 ], [ 91.837412864, 26.189536450000084 ], [ 91.837034833000075, 26.189987064999976 ], [ 91.836891159000089, 26.190120455000088 ], [ 91.836637209000031, 26.190278972000058 ], [ 91.836137340000064, 26.190561466000073 ], [ 91.83524218400008, 26.190975031 ], [ 91.834505976000088, 26.191262675000093 ], [ 91.834314415000051, 26.191303471 ], [ 91.834043859000047, 26.191300123000083 ], [ 91.833870954000048, 26.191291281000062 ], [ 91.833593946000036, 26.191207723999987 ], [ 91.833288060000129, 26.191044055000035 ], [ 91.833006880000042, 26.190819751000038 ], [ 91.832780251000031, 26.190498786000038 ], [ 91.832595185000088, 26.19031953600004 ], [ 91.832505038000093, 26.190264665000029 ], [ 91.832378195000075, 26.190215080000012 ], [ 91.832173335000093, 26.190182085000036 ], [ 91.832075011000128, 26.190197849000096 ], [ 91.831985153000062, 26.190254268000057 ], [ 91.831920162000102, 26.190345228000034 ], [ 91.831830730000078, 26.190529763000026 ], [ 91.831715329000119, 26.190777101000062 ], [ 91.831594962000025, 26.190939100000055 ], [ 91.83146331500005, 26.191052570000029 ], [ 91.831358691, 26.191103242000047 ], [ 91.831265188, 26.191127010000059 ], [ 91.831054609000077, 26.191173832000025 ], [ 91.83081831800007, 26.191238860000077 ], [ 91.830663566000055, 26.191321939000023 ], [ 91.830611800000028, 26.191385052 ], [ 91.830602964, 26.191447697000036 ], [ 91.830598505000083, 26.191528163000033 ], [ 91.83060013100004, 26.191595654000022 ], [ 91.830637929000062, 26.191707424000032 ], [ 91.83072910100006, 26.191804716 ], [ 91.83100180200006, 26.192034117000063 ], [ 91.83132889200003, 26.192250160000086 ], [ 91.831553852000084, 26.192431583 ], [ 91.831702045000085, 26.192624705000078 ], [ 91.831753454000079, 26.192724463000072 ], [ 91.831771860000089, 26.192859264000035 ], [ 91.83176276100005, 26.192947676000067 ], [ 91.831699186000023, 26.193071332 ], [ 91.831615156000083, 26.193196178000022 ], [ 91.831456600000109, 26.193349542000099 ], [ 91.83140366, 26.193375864000057 ], [ 91.83135791600003, 26.193388225000014 ], [ 91.831285974000124, 26.193388944000073 ], [ 91.831190891000062, 26.193380974000036 ], [ 91.831052975000034, 26.193331781000051 ], [ 91.830920053000042, 26.193269661000063 ], [ 91.830738955000072, 26.19320510500005 ], [ 91.830605008000092, 26.193200610000034 ], [ 91.830520139000086, 26.193201548000022 ], [ 91.830408097000046, 26.193247459000091 ], [ 91.830159450000082, 26.193414045000019 ], [ 91.829757640000054, 26.193726450000021 ], [ 91.82965074, 26.193794245000035 ], [ 91.82960648500007, 26.19379777000006 ], [ 91.829554865000063, 26.193798412000024 ], [ 91.829497143000083, 26.193773336000081 ], [ 91.829419417000054, 26.193701878000031 ], [ 91.829244694000067, 26.193538392 ], [ 91.828913913000051, 26.19330158600004 ], [ 91.828739102000071, 26.193236458000069 ], [ 91.828547588000035, 26.193239090000109 ], [ 91.828447071000056, 26.193248432000082 ], [ 91.828219968000013, 26.193347919000054 ], [ 91.828074809000086, 26.193462161000092 ], [ 91.827986277000036, 26.193563688000054 ], [ 91.82794102900003, 26.193660615000081 ], [ 91.827886231000022, 26.193793411000055 ], [ 91.827844259804792, 26.194119515603198 ], [ 91.82826154613349, 26.194219593059831 ], [ 91.829291211420383, 26.194348474002904 ], [ 91.830060861119904, 26.194347911027283 ], [ 91.830422909289936, 26.19425047308086 ], [ 91.830567869211862, 26.194113919122142 ], [ 91.830830230231001, 26.19400986036684 ], [ 91.831097919733295, 26.193964380751567 ], [ 91.831390236270494, 26.193978289666386 ], [ 91.831621602155252, 26.194086160647867 ], [ 91.831878786676754, 26.194252394932072 ], [ 91.832113870358882, 26.194470493118782 ], [ 91.832200725083453, 26.194731604979626 ], [ 91.832286066249054, 26.195001647108374 ], [ 91.832452978622129, 26.195312635369916 ], [ 91.832548518099699, 26.195412988918321 ], [ 91.832819378611504, 26.195607130964405 ], [ 91.833622007349817, 26.195829224838896 ], [ 91.834093306960625, 26.195902477317556 ], [ 91.834240960352091, 26.195867857915367 ], [ 91.834326663045118, 26.195807854249153 ], [ 91.834333721823839, 26.195672960438809 ], [ 91.83422574921903, 26.195462392275637 ], [ 91.833909722955383, 26.195049832783557 ], [ 91.833689023030018, 26.194722004716819 ], [ 91.833560253602897, 26.194562196987903 ], [ 91.833505749290993, 26.194377082336562 ], [ 91.833512969048314, 26.19424112822557 ], [ 91.833705972552693, 26.193876716637199 ], [ 91.834014884279554, 26.193568145753332 ], [ 91.834657344660812, 26.193166539104507 ], [ 91.835532249213969, 26.192832947282696 ], [ 91.835946253017212, 26.192771813168658 ], [ 91.836516198363952, 26.19285534669693 ], [ 91.836989240860859, 26.193031802675559 ], [ 91.837596223886649, 26.193283770229847 ], [ 91.837807488125108, 26.193436312335994 ], [ 91.837994801618805, 26.193681183340001 ], [ 91.838030420167797, 26.193883521807138 ], [ 91.838117449360908, 26.194314933787233 ], [ 91.838208045265191, 26.194509272784749 ], [ 91.838495995593831, 26.194754136594156 ], [ 91.838719397082613, 26.194838435445522 ], [ 91.839502834288481, 26.194855858910771 ], [ 91.842517598308589, 26.195151400416794 ], [ 91.84430245579378, 26.195345538865578 ], [ 91.844942625601703, 26.195259590657649 ], [ 91.845779273894479, 26.194797350817112 ], [ 91.846643150960716, 26.194263874778034 ] ] ] } },
{ "type": "Feature", "properties": { "District": "322", "Subdistt": "02130", "Town/Village": "303436", "Name": "Juboi", "TRU": "Rural", "No_HH": 336, "TOT_P": 1522, "TOT_M": 734, "TOT_F": 788, "P_06": 154, "P_SC": 396, "P_ST": 868, "pc11_s_id": "18", "pc11_d_id": "322", "pc11_sd_id": "02130", "pc11_tv_id": "303436", "tv_name": "Juboi", "mdds_og": 0, "total_area_sqm": 2851832.0992404344, "total_area_ha": 285.18320992404341, "flood_area_1998": 2063827.2529412925, "flood_pct_1998": 72.368469851046925, "exposed_pop_1998": 1101, "flood_area_1999": 350477.1629230004, "flood_pct_1999": 12.289544079973977, "exposed_pop_1999": 187, "flood_area_2004": 1920351.1780474198, "flood_pct_2004": 67.3374557555086, "exposed_pop_2004": 1025, "flood_area_2012": 777695.86986094248, "flood_pct_2012": 27.27004405582209, "exposed_pop_2012": 415, "flood_area_2013": 294036.13751932303, "flood_pct_2013": 10.310429481372257, "exposed_pop_2013": 157, "flood_years_exposed": 5, "flood_frequency": 1.0, "max_flood_exposure_pct": 72.368469851046925, "exposure_note": "ESTIMATE: spatial overlap with historical flood inundation polygons only. NOT actual people affected." }, "geometry": { "type": "Polygon", "coordinates": [ [ [ 91.98453468222985, 26.175766620732954 ], [ 91.98441006700007, 26.175044505000056 ], [ 91.9843074220001, 26.17423649400008 ], [ 91.984342146000046, 26.173047439000108 ], [ 91.984637663000072, 26.169645497 ], [ 91.984572185000076, 26.168339578000044 ], [ 91.984491976000101, 26.166200648 ], [ 91.984186329000025, 26.164797098000037 ], [ 91.983956333, 26.160467536 ], [ 91.984023311000044, 26.158656777000022 ], [ 91.984405155000019, 26.156363228000057 ], [ 91.984606629000069, 26.154136691000041 ], [ 91.984568392000114, 26.153631591000082 ], [ 91.984542578000017, 26.153299501000049 ], [ 91.984414456000081, 26.153051572000052 ], [ 91.984269158000046, 26.152836059000073 ], [ 91.984054592000049, 26.152027892 ], [ 91.983833819000083, 26.151479315000081 ], [ 91.983067800000029, 26.150648969000034 ], [ 91.981980211000106, 26.149282735000057 ], [ 91.980623680000036, 26.150213610999984 ], [ 91.978184032000058, 26.15180335800007 ], [ 91.977287142000108, 26.152302949000017 ], [ 91.976907153000113, 26.152512370000025 ], [ 91.976749347000109, 26.152696624000082 ], [ 91.976567173000049, 26.153230647000036 ], [ 91.975692159000033, 26.155065959000101 ], [ 91.974903045000104, 26.15812407 ], [ 91.974440569000038, 26.16042889500001 ], [ 91.974043596000058, 26.162069870999982 ], [ 91.973776775, 26.162888093 ], [ 91.973112973000056, 26.164357294000062 ], [ 91.972280231000084, 26.165728721000026 ], [ 91.971052001000061, 26.167581047000077 ], [ 91.969850111193722, 26.169372996766427 ], [ 91.970173621615373, 26.169515011408695 ], [ 91.971336737300646, 26.170296414348115 ], [ 91.972649100875344, 26.171731931083819 ], [ 91.973538236300641, 26.172799322031182 ], [ 91.974683216257432, 26.173860186598397 ], [ 91.975683767791764, 26.174673990312414 ], [ 91.976233230179531, 26.174975974561576 ], [ 91.978176495149185, 26.175667596382546 ], [ 91.98067359411111, 26.176034703239015 ], [ 91.981477745401634, 26.176145505111048 ], [ 91.982287547132643, 26.176094731186961 ], [ 91.98453468222985, 26.175766620732954 ] ] ] } },
{ "type": "Feature", "properties": { "District": "322", "Subdistt": "02130", "Town/Village": "303437", "Name": "Ghagua Gaon ", "TRU": "Rural", "No_HH": 297, "TOT_P": 1389, "TOT_M": 689, "TOT_F": 700, "P_06": 134, "P_SC": 56, "P_ST": 345, "pc11_s_id": "18", "pc11_d_id": "322", "pc11_sd_id": "02130", "pc11_tv_id": "303437", "tv_name": "Ghagua Gaon", "mdds_og": 0, "total_area_sqm": 2382716.9370048912, "total_area_ha": 238.27169370048912, "flood_area_1998": 518297.04329744889, "flood_pct_1998": 21.752354853739174, "exposed_pop_1998": 302, "flood_area_1999": 632666.79201011313, "flood_pct_1999": 26.552326975330281, "exposed_pop_1999": 369, "flood_area_2004": 668910.22924454429, "flood_pct_2004": 28.073424033547766, "exposed_pop_2004": 390, "flood_area_2012": 17338.254579094035, "flood_pct_2012": 0.72766740815165676, "exposed_pop_2012": 10, "flood_area_2013": 0.0, "flood_pct_2013": 0.0, "exposed_pop_2013": 0, "flood_years_exposed": 4, "flood_frequency": 0.8, "max_flood_exposure_pct": 28.073424033547766, "exposure_note": "ESTIMATE: spatial overlap with historical flood inundation polygons only. NOT actual people affected." }, "geometry": { "type": "Polygon", "coordinates": [ [ [ 91.969850111193722, 26.169372996766427 ], [ 91.971052001000061, 26.167581047000077 ], [ 91.972280231000084, 26.165728721000026 ], [ 91.973112973000056, 26.164357294000062 ], [ 91.973776775, 26.162888093 ], [ 91.974043596000058, 26.162069870999982 ], [ 91.974440569000038, 26.16042889500001 ], [ 91.974903045000104, 26.15812407 ], [ 91.975692159000033, 26.155065959000101 ], [ 91.976567173000049, 26.153230647000036 ], [ 91.97578261600006, 26.153230747000045 ], [ 91.975143434000103, 26.153235769000016 ], [ 91.973815161000076, 26.153350487000093 ], [ 91.972925795000023, 26.153438833000031 ], [ 91.971817618000088, 26.153709238000022 ], [ 91.970351946000051, 26.153859039000071 ], [ 91.969709395000081, 26.153807835000098 ], [ 91.969338534000045, 26.153683936000061 ], [ 91.968734760000089, 26.153408265000078 ], [ 91.968464930000067, 26.153690217000047 ], [ 91.968138158000016, 26.153927885 ], [ 91.967405198000037, 26.154286286000072 ], [ 91.966480206000071, 26.154645733000059 ], [ 91.965302207000036, 26.155014210000083 ], [ 91.963135819000016, 26.155565129000014 ], [ 91.962583159000033, 26.155593191000026 ], [ 91.960809806000029, 26.155850547000092 ], [ 91.957754355000091, 26.156359501000015 ], [ 91.957858266000073, 26.15659632600007 ], [ 91.958242076000033, 26.15766631700005 ], [ 91.958662488000087, 26.160706431000058 ], [ 91.959132864000111, 26.16411346600005 ], [ 91.959140880000064, 26.165953356000049 ], [ 91.959230294142813, 26.16733335325172 ], [ 91.961350353236341, 26.168906469857767 ], [ 91.961601800982436, 26.16908387731911 ], [ 91.96182689319663, 26.169210866088655 ], [ 91.962357638893977, 26.169322095138625 ], [ 91.964635244820769, 26.16945644306039 ], [ 91.965063165632714, 26.169424732065849 ], [ 91.966184542882345, 26.169068759715497 ], [ 91.966926433208315, 26.168873767810208 ], [ 91.967834363565089, 26.168767932893822 ], [ 91.96846104624035, 26.168804091035991 ], [ 91.969018062033925, 26.169006505046255 ], [ 91.969850111193722, 26.169372996766427 ] ] ] } },
{ "type": "Feature", "properties": { "District": "322", "Subdistt": "02130", "Town/Village": "303438", "Name": "Bamunkhat", "TRU": "Rural", "No_HH": 321, "TOT_P": 1672, "TOT_M": 883, "TOT_F": 789, "P_06": 175, "P_SC": 20, "P_ST": 543, "pc11_s_id": "18", "pc11_d_id": "322", "pc11_sd_id": "02130", "pc11_tv_id": "303438", "tv_name": "Bamunkhat", "mdds_og": 0, "total_area_sqm": 731947.19453872181, "total_area_ha": 73.194719453872182, "flood_area_1998": 97874.832119643266, "flood_pct_1998": 13.371843331037653, "exposed_pop_1998": 224, "flood_area_1999": 160250.75223648665, "flood_pct_1999": 21.893758652559324, "exposed_pop_1999": 366, "flood_area_2004": 143937.25668952314, "flood_pct_2004": 19.664978261202762, "exposed_pop_2004": 329, "flood_area_2012": 0.0, "flood_pct_2012": 0.0, "exposed_pop_2012": 0, "flood_area_2013": 0.0, "flood_pct_2013": 0.0, "exposed_pop_2013": 0, "flood_years_exposed": 3, "flood_frequency": 0.6, "max_flood_exposure_pct": 21.893758652559324, "exposure_note": "ESTIMATE: spatial overlap with historical flood inundation polygons only. NOT actual people affected." }, "geometry": { "type": "Polygon", "coordinates": [ [ [ 91.968734760000075, 26.153408265000053 ], [ 91.967039954000086, 26.152361836000068 ], [ 91.965414030000034, 26.151212846000078 ], [ 91.96443955400008, 26.150533639000059 ], [ 91.963366147000045, 26.149691343000029 ], [ 91.961758810000049, 26.148726917000033 ], [ 91.960723324000071, 26.148301422000031 ], [ 91.960041879000073, 26.148052735000078 ], [ 91.959066279000069, 26.147873046000029 ], [ 91.956369477000067, 26.147222469000042 ], [ 91.956181238000056, 26.147922161000054 ], [ 91.956156738000061, 26.148302217000037 ], [ 91.956146494000052, 26.148714090000055 ], [ 91.956381461000035, 26.149705223000069 ], [ 91.956969036000032, 26.151282922000064 ], [ 91.957288258000062, 26.152675163000026 ], [ 91.957371558000034, 26.153748341000039 ], [ 91.957425775000047, 26.154056079000043 ], [ 91.957419060000063, 26.15437606200004 ], [ 91.957352050000054, 26.154677387000049 ], [ 91.957163656000034, 26.155119999000078 ], [ 91.95734191400004, 26.155416296000055 ], [ 91.957754355000077, 26.156359501000054 ], [ 91.960809806000043, 26.155850547000057 ], [ 91.962583159000076, 26.155593191000037 ], [ 91.963135819000058, 26.155565129000024 ], [ 91.965302207000036, 26.155014210000047 ], [ 91.966480206000085, 26.154645733000052 ], [ 91.967405198000051, 26.154286286000058 ], [ 91.968138158000045, 26.15392788500003 ], [ 91.968464930000039, 26.153690217000076 ], [ 91.968734760000075, 26.153408265000053 ] ] ] } },
{ "type": "Feature", "properties": { "District": "322", "Subdistt": "02130", "Town/Village": "303439", "Name": "Amseng", "TRU": "Rural", "No_HH": 828, "TOT_P": 3979, "TOT_M": 2094, "TOT_F": 1885, "P_06": 520, "P_SC": 102, "P_ST": 99, "pc11_s_id": "18", "pc11_d_id": "322", "pc11_sd_id": "02130", "pc11_tv_id": "303439", "tv_name": "Amseng", "mdds_og": 0, "total_area_sqm": 9381350.2257371545, "total_area_ha": 938.13502257371545, "flood_area_1998": 0.0, "flood_pct_1998": 0.0, "exposed_pop_1998": 0, "flood_area_1999": 0.0, "flood_pct_1999": 0.0, "exposed_pop_1999": 0, "flood_area_2004": 0.0, "flood_pct_2004": 0.0, "exposed_pop_2004": 0, "flood_area_2012": 0.0, "flood_pct_2012": 0.0, "exposed_pop_2012": 0, "flood_area_2013": 0.0, "flood_pct_2013": 0.0, "exposed_pop_2013": 0, "flood_years_exposed": 0, "flood_frequency": 0.0, "max_flood_exposure_pct": 0.0, "exposure_note": "ESTIMATE: spatial overlap with historical flood inundation polygons only. NOT actual people affected." }, "geometry": { "type": "Polygon", "coordinates": [ [ [ 91.941839922974111, 26.160426077001908 ], [ 91.941718615000042, 26.159617884000053 ], [ 91.941410722000057, 26.158441161000034 ], [ 91.941028410000044, 26.157450035000096 ], [ 91.940718938000018, 26.157079395000071 ], [ 91.940341190000112, 26.156675269000029 ], [ 91.939752725000105, 26.156291111000041 ], [ 91.938280173000038, 26.155313078000031 ], [ 91.936298795000056, 26.154231171000042 ], [ 91.933854115000017, 26.153220144000056 ], [ 91.93174617800004, 26.152398855000047 ], [ 91.930483214000077, 26.152001299000016 ], [ 91.928024657000051, 26.151191901000015 ], [ 91.924627614, 26.150213660000077 ], [ 91.920360155000054, 26.149230683000013 ], [ 91.915439632000059, 26.148178931000032 ], [ 91.910186553000102, 26.146730772000026 ], [ 91.908484286000032, 26.1463301850001 ], [ 91.907646269000054, 26.145982963000058 ], [ 91.906670772000069, 26.14543599100001 ], [ 91.905817721000105, 26.144896421000041 ], [ 91.905648620000051, 26.145569609000052 ], [ 91.905083504000018, 26.146760229000066 ], [ 91.904161510000023, 26.148347980000075 ], [ 91.904026613000056, 26.148680126000023 ], [ 91.903737117000077, 26.148911665000085 ], [ 91.902047520000082, 26.149853103000087 ], [ 91.900745111000063, 26.150338752000035 ], [ 91.899224449, 26.150782650000082 ], [ 91.896756543, 26.151629738000093 ], [ 91.895397620000011, 26.151884506000034 ], [ 91.894026809000096, 26.151954107000019 ], [ 91.893037982000081, 26.151919627 ], [ 91.891600369000059, 26.151647339000039 ], [ 91.888331419000039, 26.150489908000019 ], [ 91.885563282000064, 26.149562072999988 ], [ 91.883204353000011, 26.148412746000105 ], [ 91.880431255000076, 26.146805895000025 ], [ 91.875667451000083, 26.143961723000064 ], [ 91.873527233000019, 26.142724363000092 ], [ 91.870349669000092, 26.14075359000001 ], [ 91.869743664000055, 26.141029430000096 ], [ 91.868667397000081, 26.141334971000063 ], [ 91.865806718000087, 26.142055246000062 ], [ 91.863081454000024, 26.142646273000025 ], [ 91.86017836200007, 26.143325982000043 ], [ 91.859096623000084, 26.143641311000021 ], [ 91.856370674000061, 26.144510702000012 ], [ 91.854426545000052, 26.145345561000077 ], [ 91.853393236000073, 26.145834891000064 ], [ 91.852740103000045, 26.146077817 ], [ 91.85208829503884, 26.146288848651533 ], [ 91.852093505710826, 26.146443551828469 ], [ 91.852434639247264, 26.148673336305439 ], [ 91.85251708189783, 26.149569082647073 ], [ 91.852499329280676, 26.149909109118141 ], [ 91.852441296928333, 26.150525148316994 ], [ 91.855371343912481, 26.152237601384254 ], [ 91.856406479775288, 26.152729972110578 ], [ 91.861162780038356, 26.154664049606247 ], [ 91.865217133364041, 26.156244638679205 ], [ 91.868891452978204, 26.157162494853292 ], [ 91.871951586896301, 26.157838594375704 ], [ 91.873741658650673, 26.157918600762819 ], [ 91.87817857368232, 26.157777312772801 ], [ 91.881403787155151, 26.157121794235483 ], [ 91.884696660222787, 26.156412274107232 ], [ 91.887802112777365, 26.155750026842295 ], [ 91.889757127389601, 26.155546511162608 ], [ 91.893815352296741, 26.155628592285751 ], [ 91.896985914868168, 26.155736759144155 ], [ 91.902136437446728, 26.156514273415077 ], [ 91.908197957070129, 26.158025429430065 ], [ 91.915827461768004, 26.15968613370816 ], [ 91.919571299875628, 26.160794897066886 ], [ 91.921523469032977, 26.161064476944063 ], [ 91.924007850681818, 26.161277357264279 ], [ 91.925645582677532, 26.161361674101968 ], [ 91.929451736608399, 26.161273893075787 ], [ 91.932615499405841, 26.160969388926247 ], [ 91.935709865118213, 26.160432510751797 ], [ 91.93684939338489, 26.16035911707959 ], [ 91.939048644079691, 26.160310630131534 ], [ 91.94058442083444, 26.160266086710582 ], [ 91.941839922974111, 26.160426077001908 ] ] ] } },
{ "type": "Feature", "properties": { "District": "322", "Subdistt": "02130", "Town/Village": "303440", "Name": "Bozra", "TRU": "Rural", "No_HH": 0, "TOT_P": 0, "TOT_M": 0, "TOT_F": 0, "P_06": 0, "P_SC": 0, "P_ST": 0, "pc11_s_id": "18", "pc11_d_id": "322", "pc11_sd_id": "02130", "pc11_tv_id": "303440", "tv_name": "Bozra", "mdds_og": 0, "total_area_sqm": 1706932.8274249218, "total_area_ha": 170.69328274249219, "flood_area_1998": 0.0, "flood_pct_1998": 0.0, "exposed_pop_1998": 0, "flood_area_1999": 0.0, "flood_pct_1999": 0.0, "exposed_pop_1999": 0, "flood_area_2004": 0.0, "flood_pct_2004": 0.0, "exposed_pop_2004": 0, "flood_area_2012": 0.0, "flood_pct_2012": 0.0, "exposed_pop_2012": 0, "flood_area_2013": 0.0, "flood_pct_2013": 0.0, "exposed_pop_2013": 0, "flood_years_exposed": 0, "flood_frequency": 0.0, "max_flood_exposure_pct": 0.0, "exposure_note": "ESTIMATE: spatial overlap with historical flood inundation polygons only. NOT actual people affected." }, "geometry": { "type": "Polygon", "coordinates": [ [ [ 91.870349669000092, 26.14075359000001 ], [ 91.868737064000072, 26.139728078000068 ], [ 91.866431007000045, 26.138544031000066 ], [ 91.864538794000069, 26.137583734000014 ], [ 91.862912334000058, 26.136970317000063 ], [ 91.862326698000089, 26.136782385000057 ], [ 91.861856961000043, 26.13651692100003 ], [ 91.860943394000032, 26.135714653 ], [ 91.858991690000025, 26.134290467000021 ], [ 91.856933960000035, 26.132805937000025 ], [ 91.855433122000107, 26.131896724000026 ], [ 91.854416915000044, 26.131537671000071 ], [ 91.853212263000032, 26.131148500000023 ], [ 91.852065404000086, 26.130921174000044 ], [ 91.851023826000059, 26.130824837000066 ], [ 91.849712772726292, 26.130637877835827 ], [ 91.849783632109009, 26.131059658076783 ], [ 91.85022040224986, 26.132500705643125 ], [ 91.850372804061649, 26.133604766446883 ], [ 91.850919477651786, 26.13717831162985 ], [ 91.851199599382127, 26.138543235182254 ], [ 91.851616206722582, 26.140043951866954 ], [ 91.851757783395001, 26.140780192651825 ], [ 91.851934418338743, 26.142571394854031 ], [ 91.852004175152587, 26.143996653922486 ], [ 91.85208829503884, 26.146288848651533 ], [ 91.852740103000045, 26.146077817 ], [ 91.853393236000073, 26.145834891000064 ], [ 91.854426545000052, 26.145345561000077 ], [ 91.856370674000061, 26.144510702000012 ], [ 91.859096623000084, 26.143641311000021 ], [ 91.86017836200007, 26.143325982000043 ], [ 91.863081454000024, 26.142646273000025 ], [ 91.865806718000087, 26.142055246000062 ], [ 91.868667397000081, 26.141334971000063 ], [ 91.869743664000055, 26.141029430000096 ], [ 91.870349669000092, 26.14075359000001 ] ] ] } },
{ "type": "Feature", "properties": { "District": "322", "Subdistt": "02130", "Town/Village": "303441", "Name": "Digarupar N.C.", "TRU": "Rural", "No_HH": 159, "TOT_P": 653, "TOT_M": 342, "TOT_F": 311, "P_06": 155, "P_SC": 88, "P_ST": 0, "pc11_s_id": "18", "pc11_d_id": "322", "pc11_sd_id": "02130", "pc11_tv_id": "303441", "tv_name": "Digarupar N.C.", "mdds_og": 0, "total_area_sqm": 1153453.0098131399, "total_area_ha": 115.345300981314, "flood_area_1998": 1152163.1909420416, "flood_pct_1998": 99.888177597169104, "exposed_pop_1998": 652, "flood_area_1999": 208169.92741995608, "flood_pct_1999": 18.047542955709979, "exposed_pop_1999": 118, "flood_area_2004": 1052908.6846466139, "flood_pct_2004": 91.283188451446819, "exposed_pop_2004": 596, "flood_area_2012": 791613.2268128196, "flood_pct_2012": 68.629863555608679, "exposed_pop_2012": 448, "flood_area_2013": 1013900.319763425, "flood_pct_2013": 87.901311205358724, "exposed_pop_2013": 574, "flood_years_exposed": 5, "flood_frequency": 1.0, "max_flood_exposure_pct": 99.888177597169104, "exposure_note": "ESTIMATE: spatial overlap with historical flood inundation polygons only. NOT actual people affected." }, "geometry": { "type": "Polygon", "coordinates": [ [ [ 91.997553431000071, 26.18194756700003 ], [ 91.997545496000029, 26.181877980000046 ], [ 91.997467062000027, 26.180112479000073 ], [ 91.997365379000058, 26.179566117999986 ], [ 91.99705732300005, 26.178578299000055 ], [ 91.996687318000085, 26.177836792000075 ], [ 91.996513708000109, 26.177505208000085 ], [ 91.995931009000032, 26.175561976000061 ], [ 91.995723051000056, 26.175165880000062 ], [ 91.995547726000027, 26.1749838590001 ], [ 91.995078330000098, 26.174700997000055 ], [ 91.994671762000024, 26.174805843000026 ], [ 91.994580404000018, 26.174823954000015 ], [ 91.994356746000079, 26.174868403000051 ], [ 91.993907430000021, 26.174867881000097 ], [ 91.992378355000071, 26.174800366000017 ], [ 91.98993941600007, 26.174793920000106 ], [ 91.988220439000031, 26.174895966000022 ], [ 91.98736683700011, 26.175006569000026 ], [ 91.986671455000035, 26.1751093 ], [ 91.986207762000035, 26.175268870000057 ], [ 91.985873239000071, 26.17540356200001 ], [ 91.98554931984529, 26.175692507603188 ], [ 91.985699351044303, 26.17571479909877 ], [ 91.986190385378023, 26.175959440775642 ], [ 91.98817569904935, 26.177436279560684 ], [ 91.989169440017719, 26.178552536970034 ], [ 91.989635487587762, 26.179421636399436 ], [ 91.990149051737461, 26.180525005624578 ], [ 91.991017825612261, 26.18246738206409 ], [ 91.991721054083442, 26.185892250427045 ], [ 91.991988561023334, 26.186913346973384 ], [ 91.992331439244609, 26.187493967272779 ], [ 91.992818326804397, 26.188106020676383 ], [ 91.99362666174116, 26.188872611781644 ], [ 91.99495101957389, 26.189922036972479 ], [ 91.995343193233836, 26.190234159279058 ], [ 91.995569146998605, 26.190413788965294 ], [ 91.995765954635189, 26.190612915953349 ], [ 91.995825936717694, 26.190736972932971 ], [ 91.99583825922835, 26.191046412561914 ], [ 91.996554280000083, 26.190644837000043 ], [ 91.996964449000103, 26.190336846000051 ], [ 91.997420113000047, 26.189842589000012 ], [ 91.997685113000045, 26.189417319 ], [ 91.997833107000119, 26.18907911200008 ], [ 91.997878221000036, 26.188751709 ], [ 91.997880015000092, 26.188265773000019 ], [ 91.997866461000029, 26.187904302000042 ], [ 91.997725408000093, 26.186720642000072 ], [ 91.997643473000053, 26.185328066000046 ], [ 91.997701162000027, 26.183226420000061 ], [ 91.997553431000071, 26.18194756700003 ] ] ] } },
{ "type": "Feature", "properties": { "District": "322", "Subdistt": "02130", "Town/Village": "303442", "Name": "Bamunkhat N.C", "TRU": "Rural", "No_HH": 115, "TOT_P": 500, "TOT_M": 257, "TOT_F": 243, "P_06": 64, "P_SC": 4, "P_ST": 7, "pc11_s_id": "18", "pc11_d_id": "322", "pc11_sd_id": "02130", "pc11_tv_id": "303442", "tv_name": "Bamunkhat N.C", "mdds_og": 0, "total_area_sqm": 1633987.7078615765, "total_area_ha": 163.39877078615766, "flood_area_1998": 0.0, "flood_pct_1998": 0.0, "exposed_pop_1998": 0, "flood_area_1999": 0.0, "flood_pct_1999": 0.0, "exposed_pop_1999": 0, "flood_area_2004": 0.0, "flood_pct_2004": 0.0, "exposed_pop_2004": 0, "flood_area_2012": 0.0, "flood_pct_2012": 0.0, "exposed_pop_2012": 0, "flood_area_2013": 0.0, "flood_pct_2013": 0.0, "exposed_pop_2013": 0, "flood_years_exposed": 0, "flood_frequency": 0.0, "max_flood_exposure_pct": 0.0, "exposure_note": "ESTIMATE: spatial overlap with historical flood inundation polygons only. NOT actual people affected." }, "geometry": { "type": "Polygon", "coordinates": [ [ [ 91.956369477000067, 26.147222469000042 ], [ 91.955134412000064, 26.146852884000054 ], [ 91.951609420000068, 26.145715628000062 ], [ 91.948965735000058, 26.144801408000035 ], [ 91.946817266000039, 26.144265520000033 ], [ 91.944715517000077, 26.14373217900004 ], [ 91.941435259000059, 26.142548172000033 ], [ 91.939443611000058, 26.142086339000059 ], [ 91.938061820000087, 26.141786069000034 ], [ 91.937225357000045, 26.141739878000067 ], [ 91.937524045000032, 26.14213191500005 ], [ 91.937701476000086, 26.142532751000033 ], [ 91.937852468000074, 26.14328765700003 ], [ 91.938402900000085, 26.145750181000039 ], [ 91.938563195000086, 26.148076883000044 ], [ 91.938667336000037, 26.148709172000054 ], [ 91.938912519000041, 26.149198968000064 ], [ 91.939276091000067, 26.149747512000033 ], [ 91.939711283000065, 26.150355646000037 ], [ 91.940046482000071, 26.150665452000055 ], [ 91.940366715000039, 26.150923289000048 ], [ 91.940911360000086, 26.151127959000064 ], [ 91.943824820000032, 26.151875609000058 ], [ 91.948390475000053, 26.152779903000066 ], [ 91.952896392000071, 26.153519537000022 ], [ 91.954923215000065, 26.153967524000052 ], [ 91.956217065000033, 26.154334530000028 ], [ 91.956674691000046, 26.154526236000038 ], [ 91.956949664000035, 26.154818506000026 ], [ 91.957163656000034, 26.155119999000078 ], [ 91.957352050000054, 26.154677387000049 ], [ 91.957419060000063, 26.15437606200004 ], [ 91.957425775000047, 26.154056079000043 ], [ 91.957371558000034, 26.153748341000039 ], [ 91.957288258000062, 26.152675163000026 ], [ 91.956969036000032, 26.151282922000064 ], [ 91.956381461000035, 26.149705223000069 ], [ 91.956146494000052, 26.148714090000055 ], [ 91.956156738000061, 26.148302217000037 ], [ 91.956181238000056, 26.147922161000054 ], [ 91.956369477000067, 26.147222469000042 ] ] ] } },
{ "type": "Feature", "properties": { "District": "322", "Subdistt": "02130", "Town/Village": "303443", "Name": "Amseng N.C.", "TRU": "Rural", "No_HH": 287, "TOT_P": 1545, "TOT_M": 794, "TOT_F": 751, "P_06": 196, "P_SC": 8, "P_ST": 88, "pc11_s_id": "18", "pc11_d_id": "322", "pc11_sd_id": "02130", "pc11_tv_id": "303443", "tv_name": "Amseng N.C.", "mdds_og": 0, "total_area_sqm": 4574010.8678099625, "total_area_ha": 457.40108678099625, "flood_area_1998": 0.0, "flood_pct_1998": 0.0, "exposed_pop_1998": 0, "flood_area_1999": 0.0, "flood_pct_1999": 0.0, "exposed_pop_1999": 0, "flood_area_2004": 0.0, "flood_pct_2004": 0.0, "exposed_pop_2004": 0, "flood_area_2012": 0.0, "flood_pct_2012": 0.0, "exposed_pop_2012": 0, "flood_area_2013": 0.0, "flood_pct_2013": 0.0, "exposed_pop_2013": 0, "flood_years_exposed": 0, "flood_frequency": 0.0, "max_flood_exposure_pct": 0.0, "exposure_note": "ESTIMATE: spatial overlap with historical flood inundation polygons only. NOT actual people affected." }, "geometry": { "type": "Polygon", "coordinates": [ [ [ 91.905817721000062, 26.144896421000055 ], [ 91.904292674000033, 26.143932040000038 ], [ 91.90019260400004, 26.140760563000072 ], [ 91.89944749600005, 26.140279276000058 ], [ 91.898631351000063, 26.139793806000057 ], [ 91.897081934000084, 26.139125146000026 ], [ 91.893217546000074, 26.136934714000063 ], [ 91.890973047000045, 26.135668864000024 ], [ 91.889190288000066, 26.134922661000076 ], [ 91.887159944000075, 26.134148359000051 ], [ 91.884951202000082, 26.133386271000063 ], [ 91.883670251000069, 26.132970923000073 ], [ 91.880695539000044, 26.132230347000075 ], [ 91.879237360000047, 26.131954832000076 ], [ 91.877181964000044, 26.131605909000029 ], [ 91.876995345000068, 26.13234170100003 ], [ 91.876890536000076, 26.132674251000026 ], [ 91.876251950000039, 26.13374084000003 ], [ 91.874943334000079, 26.135666762000028 ], [ 91.874577374000069, 26.136101557000075 ], [ 91.873272735000057, 26.137254903000041 ], [ 91.872976695000034, 26.137485273000038 ], [ 91.872600877000082, 26.137680312000043 ], [ 91.871156112000051, 26.138127279000059 ], [ 91.870469511000067, 26.138471963000029 ], [ 91.869764246000045, 26.138896970000076 ], [ 91.868737064000072, 26.139728078000076 ], [ 91.870349669000063, 26.140753590000031 ], [ 91.873527233000061, 26.14272436300007 ], [ 91.875667451000083, 26.143961723000075 ], [ 91.880431255000076, 26.146805895000057 ], [ 91.883204353000053, 26.148412746000076 ], [ 91.885563282000078, 26.149562073000027 ], [ 91.888331419000053, 26.150489908000054 ], [ 91.891600369000059, 26.151647339000078 ], [ 91.893037982000067, 26.151919627000041 ], [ 91.894026809000081, 26.151954107000051 ], [ 91.89539762000004, 26.151884506000044 ], [ 91.896756543000038, 26.151629738000054 ], [ 91.89922444900003, 26.150782650000053 ], [ 91.900745111000049, 26.150338752000039 ], [ 91.902047520000053, 26.149853103000055 ], [ 91.903737117000048, 26.148911665000071 ], [ 91.904026613000042, 26.148680126000045 ], [ 91.904161510000051, 26.14834798000004 ], [ 91.905083504000061, 26.146760229000051 ], [ 91.905648620000079, 26.145569609000063 ], [ 91.905817721000062, 26.144896421000055 ] ] ] } },
{ "type": "Feature", "properties": { "District": "322", "Subdistt": "02130", "Town/Village": "303444", "Name": "Bozra N.C.", "TRU": "Rural", "No_HH": 114, "TOT_P": 520, "TOT_M": 268, "TOT_F": 252, "P_06": 108, "P_SC": 0, "P_ST": 6, "pc11_s_id": "18", "pc11_d_id": "322", "pc11_sd_id": "02130", "pc11_tv_id": "303444", "tv_name": "Bozra N.C.", "mdds_og": 0, "total_area_sqm": 2111533.5269114096, "total_area_ha": 211.15335269114095, "flood_area_1998": 0.0, "flood_pct_1998": 0.0, "exposed_pop_1998": 0, "flood_area_1999": 0.0, "flood_pct_1999": 0.0, "exposed_pop_1999": 0, "flood_area_2004": 0.0, "flood_pct_2004": 0.0, "exposed_pop_2004": 0, "flood_area_2012": 0.0, "flood_pct_2012": 0.0, "exposed_pop_2012": 0, "flood_area_2013": 0.0, "flood_pct_2013": 0.0, "exposed_pop_2013": 0, "flood_years_exposed": 0, "flood_frequency": 0.0, "max_flood_exposure_pct": 0.0, "exposure_note": "ESTIMATE: spatial overlap with historical flood inundation polygons only. NOT actual people affected." }, "geometry": { "type": "Polygon", "coordinates": [ [ [ 91.877181964000073, 26.131605909000033 ], [ 91.873443154000086, 26.131112921000099 ], [ 91.867999436000062, 26.13003886900005 ], [ 91.866210098000067, 26.129584044000076 ], [ 91.865599145000061, 26.129429082000044 ], [ 91.859522047000027, 26.127542718000019 ], [ 91.857136587000099, 26.126705543000028 ], [ 91.856130847000017, 26.126257021000043 ], [ 91.855168524000064, 26.125689402999974 ], [ 91.853388632000048, 26.124598756000061 ], [ 91.851244860000051, 26.123435184000066 ], [ 91.849976516902828, 26.122714696825788 ], [ 91.850034592422602, 26.122929071819279 ], [ 91.85027124722032, 26.123838335870531 ], [ 91.85057630085565, 26.124588476576971 ], [ 91.850648135103441, 26.124764471203399 ], [ 91.850671907782385, 26.124945057768212 ], [ 91.850719084418216, 26.125807782803001 ], [ 91.850701166325877, 26.126037454365036 ], [ 91.850667910295854, 26.126157029123664 ], [ 91.850616619261686, 26.126276735183218 ], [ 91.850517674950808, 26.12640588862094 ], [ 91.850021544158977, 26.127114277401997 ], [ 91.849750509178733, 26.127672243779099 ], [ 91.849605101394346, 26.128044250142057 ], [ 91.849538921184319, 26.128335818443293 ], [ 91.849514886802638, 26.128579592274459 ], [ 91.849540205416162, 26.129599668090275 ], [ 91.849712772726292, 26.130637877835827 ], [ 91.851023826000059, 26.130824837000066 ], [ 91.852065404000086, 26.130921174000044 ], [ 91.853212263000032, 26.131148500000023 ], [ 91.854416915000044, 26.131537671000071 ], [ 91.855433122000107, 26.131896724000026 ], [ 91.856933960000035, 26.132805937000025 ], [ 91.858991690000025, 26.134290467000021 ], [ 91.860943394000032, 26.135714653 ], [ 91.861856961000043, 26.13651692100003 ], [ 91.862326698000089, 26.136782385000057 ], [ 91.862912334000058, 26.136970317000063 ], [ 91.864538794000069, 26.137583734000014 ], [ 91.866431007000045, 26.138544031000066 ], [ 91.868737064000072, 26.139728078000068 ], [ 91.869764246000059, 26.138896970000047 ], [ 91.870469511000067, 26.138471963000054 ], [ 91.871156112000023, 26.138127279000045 ], [ 91.87260087700011, 26.137680312000011 ], [ 91.872976695000034, 26.137485273000038 ], [ 91.8732727350001, 26.137254903000073 ], [ 91.87457737400004, 26.136101557000035 ], [ 91.874943334000037, 26.135666762000032 ], [ 91.876251950000039, 26.133740840000019 ], [ 91.876890536000033, 26.132674251000054 ], [ 91.876995345000097, 26.132341701000072 ], [ 91.877181964000073, 26.131605909000033 ] ] ] } },
{ "type": "Feature", "properties": { "District": "322", "Subdistt": "02130", "Town/Village": "303445", "Name": "Kamarkuchi N.C.", "TRU": "Rural", "No_HH": 46, "TOT_P": 246, "TOT_M": 116, "TOT_F": 130, "P_06": 46, "P_SC": 8, "P_ST": 40, "pc11_s_id": "18", "pc11_d_id": "322", "pc11_sd_id": "02130", "pc11_tv_id": "303445", "tv_name": "Kamarkuchi N.C.", "mdds_og": 0, "total_area_sqm": 3559723.4266826101, "total_area_ha": 355.97234266826098, "flood_area_1998": 0.0, "flood_pct_1998": 0.0, "exposed_pop_1998": 0, "flood_area_1999": 0.0, "flood_pct_1999": 0.0, "exposed_pop_1999": 0, "flood_area_2004": 0.0, "flood_pct_2004": 0.0, "exposed_pop_2004": 0, "flood_area_2012": 0.0, "flood_pct_2012": 0.0, "exposed_pop_2012": 0, "flood_area_2013": 0.0, "flood_pct_2013": 0.0, "exposed_pop_2013": 0, "flood_years_exposed": 0, "flood_frequency": 0.0, "max_flood_exposure_pct": 0.0, "exposure_note": "ESTIMATE: spatial overlap with historical flood inundation polygons only. NOT actual people affected." }, "geometry": { "type": "Polygon", "coordinates": [ [ [ 91.912764713000058, 26.125046173000044 ], [ 91.913524136000035, 26.12331385400006 ], [ 91.913622772000053, 26.122633265000047 ], [ 91.913554142000066, 26.118853809000029 ], [ 91.913395876000038, 26.115643262000049 ], [ 91.91322432700008, 26.114802146000045 ], [ 91.912998113000071, 26.114248187000044 ], [ 91.912752930000067, 26.113890881000032 ], [ 91.912426483000047, 26.113528838000036 ], [ 91.910485703000063, 26.112688429000059 ], [ 91.908707350000043, 26.111980333000076 ], [ 91.90811143500008, 26.111740294000072 ], [ 91.90794539500007, 26.111706329000071 ], [ 91.907645794000075, 26.111691470000039 ], [ 91.907127690000038, 26.111798371000077 ], [ 91.905885814000044, 26.112414132000026 ], [ 91.903761374000055, 26.113296716000036 ], [ 91.903422822000039, 26.113412867000079 ], [ 91.903108868000061, 26.113431465000076 ], [ 91.901797068000064, 26.113431665000064 ], [ 91.901588145000062, 26.113402823000058 ], [ 91.901368631000082, 26.113384158000031 ], [ 91.901206253000055, 26.113314965000029 ], [ 91.900239740000075, 26.112635745000034 ], [ 91.899167758000033, 26.111558435000063 ], [ 91.899007249000078, 26.111444181000024 ], [ 91.898594082000045, 26.11118470100007 ], [ 91.897947388000034, 26.110939512000073 ], [ 91.896782407000046, 26.11044713800004 ], [ 91.896331229000054, 26.11037495000005 ], [ 91.89508449300007, 26.110284515000046 ], [ 91.892060377000064, 26.10993568400005 ], [ 91.891087548000087, 26.109784443000024 ], [ 91.890376524000033, 26.109571670000037 ], [ 91.888519041000052, 26.109489082000039 ], [ 91.888042664000068, 26.109568516000024 ], [ 91.887512147000052, 26.109657673000072 ], [ 91.887369396000054, 26.109749575000023 ], [ 91.887293047000071, 26.109890128000075 ], [ 91.887294281000038, 26.110091318000059 ], [ 91.887406954000085, 26.110423271000059 ], [ 91.888064906000068, 26.111354176000077 ], [ 91.890327075000073, 26.113432851000027 ], [ 91.89036051000005, 26.113793172000044 ], [ 91.890316511000037, 26.114092021000033 ], [ 91.890162689000078, 26.114351106000072 ], [ 91.889965009000036, 26.114539637000064 ], [ 91.889677830000039, 26.114667213000075 ], [ 91.888563821000048, 26.114891968000052 ], [ 91.88790279300008, 26.114965796000035 ], [ 91.886801568000067, 26.114981669000031 ], [ 91.886438157000043, 26.115005886000063 ], [ 91.885975775000077, 26.115114813000048 ], [ 91.885634927000069, 26.11527613100003 ], [ 91.885129262000078, 26.115507505000039 ], [ 91.884700641000052, 26.115519174000042 ], [ 91.884228682000071, 26.115596121000067 ], [ 91.883692392000057, 26.115568935000056 ], [ 91.883690995000052, 26.116296479000027 ], [ 91.883549573000039, 26.118530335000059 ], [ 91.883578176000071, 26.118796927000062 ], [ 91.883639023000057, 26.11892474800004 ], [ 91.883744268000044, 26.119069183000079 ], [ 91.883956650000073, 26.119235402000072 ], [ 91.884767025000031, 26.119338824000067 ], [ 91.887024838000059, 26.119654605000051 ], [ 91.891304455000068, 26.120715799000038 ], [ 91.895443335000039, 26.12187792900005 ], [ 91.898610469000062, 26.122818872000039 ], [ 91.902352448000045, 26.124217614000031 ], [ 91.905525892000071, 26.125270253000053 ], [ 91.907021005000047, 26.126031573000034 ], [ 91.909979109000062, 26.127642242000036 ], [ 91.911310818000061, 26.128401710000048 ], [ 91.912764713000058, 26.125046173000044 ] ] ] } },
{ "type": "Feature", "properties": { "District": "322", "Subdistt": "02130", "Town/Village": "303446", "Name": "Tepechia", "TRU": "Rural", "No_HH": 330, "TOT_P": 1570, "TOT_M": 771, "TOT_F": 799, "P_06": 151, "P_SC": 23, "P_ST": 565, "pc11_s_id": "18", "pc11_d_id": "322", "pc11_sd_id": "02130", "pc11_tv_id": "303446", "tv_name": "Tepechia", "mdds_og": 0, "total_area_sqm": 2778467.5760449972, "total_area_ha": 277.84675760449971, "flood_area_1998": 0.0, "flood_pct_1998": 0.0, "exposed_pop_1998": 0, "flood_area_1999": 257424.69971641261, "flood_pct_1999": 9.2649884395211526, "exposed_pop_1999": 145, "flood_area_2004": 0.0, "flood_pct_2004": 0.0, "exposed_pop_2004": 0, "flood_area_2012": 0.0, "flood_pct_2012": 0.0, "exposed_pop_2012": 0, "flood_area_2013": 0.0, "flood_pct_2013": 0.0, "exposed_pop_2013": 0, "flood_years_exposed": 1, "flood_frequency": 0.2, "max_flood_exposure_pct": 9.2649884395211526, "exposure_note": "ESTIMATE: spatial overlap with historical flood inundation polygons only. NOT actual people affected." }, "geometry": { "type": "Polygon", "coordinates": [ [ [ 91.912426483000047, 26.113528838000036 ], [ 91.912752930000067, 26.113890881000032 ], [ 91.912998113000071, 26.114248187000044 ], [ 91.91322432700008, 26.114802146000045 ], [ 91.913395876000038, 26.115643262000049 ], [ 91.913554142000066, 26.118853809000029 ], [ 91.913622772000053, 26.122633265000047 ], [ 91.913524136000035, 26.12331385400006 ], [ 91.912764713000058, 26.125046173000044 ], [ 91.913270743000055, 26.125378270000056 ], [ 91.913769740000077, 26.125693564000073 ], [ 91.914185802000077, 26.125946830000032 ], [ 91.914839504000042, 26.126145121000036 ], [ 91.917767099000059, 26.127091386000075 ], [ 91.919069870000044, 26.127521203000072 ], [ 91.919349656000065, 26.127588796000055 ], [ 91.919753048000075, 26.127619497000069 ], [ 91.919959335000044, 26.127635164000026 ], [ 91.921166174000064, 26.127497212000037 ], [ 91.923664935000033, 26.127325030000065 ], [ 91.925449517000061, 26.127255499000057 ], [ 91.925891706000073, 26.127195401000051 ], [ 91.926574321000032, 26.126933702000031 ], [ 91.928273153000077, 26.126100358000031 ], [ 91.929604551000068, 26.125471743000048 ], [ 91.929803784000057, 26.125394584000048 ], [ 91.930039600000043, 26.125356170000032 ], [ 91.931546744000059, 26.125288339000065 ], [ 91.931877252000049, 26.125227297000038 ], [ 91.931822924000073, 26.125169250000056 ], [ 91.93102183600007, 26.124337433000051 ], [ 91.930836404000047, 26.124097320000033 ], [ 91.930570224000064, 26.123699784000053 ], [ 91.930391407000059, 26.123261212000045 ], [ 91.930072045000031, 26.121853282000075 ], [ 91.929778576000047, 26.119948625000063 ], [ 91.92952671900008, 26.117332402000045 ], [ 91.929410412000038, 26.115402208000035 ], [ 91.929516686000056, 26.114423996000028 ], [ 91.929640434000078, 26.113916406000044 ], [ 91.930117279000058, 26.112352949000069 ], [ 91.930323145000045, 26.111501948000068 ], [ 91.930334470000048, 26.111063435000062 ], [ 91.930401298000049, 26.108708020000051 ], [ 91.930223632000036, 26.108329334000075 ], [ 91.930040426000062, 26.108208362000028 ], [ 91.929844089000085, 26.108172855000078 ], [ 91.929517266000062, 26.108106544000066 ], [ 91.928461326000047, 26.107878391000042 ], [ 91.928101316000038, 26.107852159000061 ], [ 91.927576180000074, 26.107867706000036 ], [ 91.927124824000032, 26.108028903000047 ], [ 91.926496387000043, 26.108262293000053 ], [ 91.925985096000034, 26.10835363700005 ], [ 91.925444492000054, 26.108634671000061 ], [ 91.925246324000057, 26.108786527000063 ], [ 91.92503258000005, 26.109052889000054 ], [ 91.924221749000083, 26.110982014000058 ], [ 91.923820718000059, 26.112011959000029 ], [ 91.923631165000074, 26.112303937000036 ], [ 91.923401767000087, 26.112618038000051 ], [ 91.922322522000059, 26.113569172000041 ], [ 91.922082627000066, 26.113793060000035 ], [ 91.921777047000035, 26.113998752000043 ], [ 91.921315142000083, 26.114217617000065 ], [ 91.920855029000052, 26.114360852000061 ], [ 91.920081285000037, 26.114479827000025 ], [ 91.919201428000065, 26.114528776000043 ], [ 91.918588559000057, 26.114468116000069 ], [ 91.917639180000037, 26.114267088000076 ], [ 91.917301213000087, 26.114150919000053 ], [ 91.916884568000057, 26.113885380000056 ], [ 91.916333901000087, 26.113422590000027 ], [ 91.916189830000064, 26.113322467000046 ], [ 91.916027289000056, 26.113210778000052 ], [ 91.915852885000049, 26.113170741000033 ], [ 91.914495664000071, 26.113035403000026 ], [ 91.913356874000044, 26.112979163000034 ], [ 91.913134849000073, 26.113023750000025 ], [ 91.912967441000035, 26.113090875000069 ], [ 91.912800745000084, 26.113175173000059 ], [ 91.912426483000047, 26.113528838000036 ] ] ] } },
{ "type": "Feature", "properties": { "District": "322", "Subdistt": "02130", "Town/Village": "303447", "Name": "Kachia gaon", "TRU": "Rural", "No_HH": 316, "TOT_P": 1504, "TOT_M": 749, "TOT_F": 755, "P_06": 166, "P_SC": 37, "P_ST": 501, "pc11_s_id": "18", "pc11_d_id": "322", "pc11_sd_id": "02130", "pc11_tv_id": "303447", "tv_name": "Kachia gaon", "mdds_og": 0, "total_area_sqm": 3319212.0643672105, "total_area_ha": 331.92120643672104, "flood_area_1998": 17555.85318748702, "flood_pct_1998": 0.52891628636671484, "exposed_pop_1998": 8, "flood_area_1999": 364418.6384069476, "flood_pct_1999": 10.97907067520924, "exposed_pop_1999": 165, "flood_area_2004": 81954.083594827476, "flood_pct_2004": 2.4690824811897509, "exposed_pop_2004": 37, "flood_area_2012": 0.0, "flood_pct_2012": 0.0, "exposed_pop_2012": 0, "flood_area_2013": 0.0, "flood_pct_2013": 0.0, "exposed_pop_2013": 0, "flood_years_exposed": 3, "flood_frequency": 0.6, "max_flood_exposure_pct": 10.97907067520924, "exposure_note": "ESTIMATE: spatial overlap with historical flood inundation polygons only. NOT actual people affected." }, "geometry": { "type": "Polygon", "coordinates": [ [ [ 91.931877252000049, 26.125227297000038 ], [ 91.933025893000035, 26.126448363000065 ], [ 91.933278177000034, 26.12666974900003 ], [ 91.933531470000048, 26.126890167000056 ], [ 91.933777148000047, 26.127030718000071 ], [ 91.934013550000032, 26.127141485000038 ], [ 91.934243019000064, 26.127213600000061 ], [ 91.935011139000039, 26.127266689000066 ], [ 91.936880411000061, 26.127518391000024 ], [ 91.93914761700006, 26.127823704000036 ], [ 91.939851154000053, 26.127974368000025 ], [ 91.940270939000072, 26.128031615000054 ], [ 91.940786815000081, 26.128066131000026 ], [ 91.941417547000071, 26.128089145000047 ], [ 91.942713170000047, 26.127967511000065 ], [ 91.945547688000033, 26.127812187000075 ], [ 91.947447206000049, 26.127943716000061 ], [ 91.947836116000076, 26.12795957000003 ], [ 91.948037130000046, 26.127924247000067 ], [ 91.948219614000038, 26.127870668000071 ], [ 91.948945097000035, 26.127496330000042 ], [ 91.948809458000085, 26.127157547000024 ], [ 91.948758781000038, 26.12702887100005 ], [ 91.948118830000055, 26.126038477000066 ], [ 91.947908549000033, 26.125507878000064 ], [ 91.947822235000046, 26.125225142000033 ], [ 91.947834424000064, 26.124901432000058 ], [ 91.947825439000042, 26.124178355000026 ], [ 91.947468774000072, 26.122326821000058 ], [ 91.946623966000061, 26.118741199000056 ], [ 91.94609577600005, 26.116787756000065 ], [ 91.945876143000078, 26.114568793000046 ], [ 91.945723572000077, 26.112306456000056 ], [ 91.945802803000049, 26.111259193000024 ], [ 91.945926996000082, 26.110817655000062 ], [ 91.946128037000051, 26.110371097000041 ], [ 91.946429968000075, 26.109880798000063 ], [ 91.946278473000064, 26.109528330000046 ], [ 91.946076666000067, 26.109228847000054 ], [ 91.945944819000033, 26.109110791000035 ], [ 91.945811414000048, 26.109034025000028 ], [ 91.945632905000082, 26.109013788000027 ], [ 91.945487807000063, 26.109003904000076 ], [ 91.944882005000068, 26.109013125000047 ], [ 91.942762769000069, 26.109363666000036 ], [ 91.940488472000084, 26.109738668000034 ], [ 91.93874280600005, 26.109753875000024 ], [ 91.935641765000071, 26.10966482200007 ], [ 91.933670585000073, 26.109635985000068 ], [ 91.932229276000044, 26.109373757000071 ], [ 91.931155067000077, 26.109111463000033 ], [ 91.930669951000084, 26.108916266000051 ], [ 91.930401298000049, 26.108708020000051 ], [ 91.930334470000048, 26.111063435000062 ], [ 91.930323145000045, 26.111501948000068 ], [ 91.930117279000058, 26.112352949000069 ], [ 91.929640434000078, 26.113916406000044 ], [ 91.929516686000056, 26.114423996000028 ], [ 91.929410412000038, 26.115402208000035 ], [ 91.92952671900008, 26.117332402000045 ], [ 91.929778576000047, 26.119948625000063 ], [ 91.930072045000031, 26.121853282000075 ], [ 91.930391407000059, 26.123261212000045 ], [ 91.930570224000064, 26.123699784000053 ], [ 91.930836404000047, 26.124097320000033 ], [ 91.93102183600007, 26.124337433000051 ], [ 91.931822924000073, 26.125169250000056 ], [ 91.931877252000049, 26.125227297000038 ] ] ] } },
{ "type": "Feature", "properties": { "District": "322", "Subdistt": "02130", "Town/Village": "303448", "Name": "Kamarkuchi", "TRU": "Rural", "No_HH": 378, "TOT_P": 1725, "TOT_M": 876, "TOT_F": 849, "P_06": 188, "P_SC": 6, "P_ST": 66, "pc11_s_id": "18", "pc11_d_id": "322", "pc11_sd_id": "02130", "pc11_tv_id": "303448", "tv_name": "Kamarkuchi", "mdds_og": 0, "total_area_sqm": 3667877.8781757732, "total_area_ha": 366.78778781757734, "flood_area_1998": 0.0, "flood_pct_1998": 0.0, "exposed_pop_1998": 0, "flood_area_1999": 0.0, "flood_pct_1999": 0.0, "exposed_pop_1999": 0, "flood_area_2004": 0.0, "flood_pct_2004": 0.0, "exposed_pop_2004": 0, "flood_area_2012": 0.0, "flood_pct_2012": 0.0, "exposed_pop_2012": 0, "flood_area_2013": 0.0, "flood_pct_2013": 0.0, "exposed_pop_2013": 0, "flood_years_exposed": 0, "flood_frequency": 0.0, "max_flood_exposure_pct": 0.0, "exposure_note": "ESTIMATE: spatial overlap with historical flood inundation polygons only. NOT actual people affected." }, "geometry": { "type": "Polygon", "coordinates": [ [ [ 91.888042664000039, 26.109568516 ], [ 91.888519041000023, 26.109489082000081 ], [ 91.890376524000047, 26.109571670000076 ], [ 91.890493341000123, 26.107227811000033 ], [ 91.89064917900005, 26.106229928000069 ], [ 91.891027930000035, 26.10519358400003 ], [ 91.891833769000101, 26.103161033000077 ], [ 91.892073477000039, 26.102323619000067 ], [ 91.892252546000108, 26.101731643000026 ], [ 91.892343782000111, 26.100947317000056 ], [ 91.892285798000017, 26.099510340000087 ], [ 91.892106147000078, 26.098578911000025 ], [ 91.891288305000089, 26.097070030000058 ], [ 91.890353899000047, 26.095562981000064 ], [ 91.889841307, 26.094919517000026 ], [ 91.889403853000033, 26.094637667000065 ], [ 91.88888792300007, 26.094307024000063 ], [ 91.888168675000074, 26.09394105800007 ], [ 91.887325790000048, 26.093556932000084 ], [ 91.886347046000068, 26.09321540900007 ], [ 91.884837241000028, 26.092874774000041 ], [ 91.882388368000093, 26.092686378000085 ], [ 91.879666908000075, 26.092451343 ], [ 91.877650685000049, 26.092376993000066 ], [ 91.873775981276566, 26.09108794795052 ], [ 91.873459910946139, 26.091904648380915 ], [ 91.871195671642965, 26.097003242305838 ], [ 91.872246091000065, 26.100570022000014 ], [ 91.872024372000013, 26.101588045000046 ], [ 91.871631774000036, 26.102791221000032 ], [ 91.871339317, 26.103717855000053 ], [ 91.871221405000099, 26.104674157000041 ], [ 91.871756079000107, 26.10469466400005 ], [ 91.873065042000064, 26.105017641000039 ], [ 91.874253942000024, 26.105276781000075 ], [ 91.875382926000086, 26.105472335000091 ], [ 91.876111567000066, 26.105723823000027 ], [ 91.878683998000014, 26.107268309000098 ], [ 91.879356918, 26.107748091000094 ], [ 91.880296337000104, 26.108777076000056 ], [ 91.881329783000069, 26.11002045 ], [ 91.882050173, 26.110904259000023 ], [ 91.882380368000042, 26.111747430000065 ], [ 91.883540434000025, 26.114730953 ], [ 91.883692530000076, 26.115451089 ], [ 91.883692392000071, 26.115568935000066 ], [ 91.884228682000042, 26.115596121000095 ], [ 91.884700641000094, 26.115519174000035 ], [ 91.88512926200012, 26.115507505000046 ], [ 91.885634927000041, 26.115276131 ], [ 91.885975775000077, 26.115114813000062 ], [ 91.886438157000057, 26.11500588600002 ], [ 91.886801568000109, 26.114981669000059 ], [ 91.887902793000094, 26.114965796000078 ], [ 91.888563821000076, 26.114891968 ], [ 91.889677830000068, 26.114667213000065 ], [ 91.889965009000022, 26.114539637000078 ], [ 91.890162689000121, 26.114351106000111 ], [ 91.890316511000066, 26.114092021 ], [ 91.89036051000005, 26.113793172000044 ], [ 91.890327075000044, 26.113432850999985 ], [ 91.888064906000096, 26.111354176000034 ], [ 91.887406954000113, 26.110423271000016 ], [ 91.887294281000024, 26.110091318000084 ], [ 91.887293047000099, 26.109890128000046 ], [ 91.887369396000025, 26.109749575000052 ], [ 91.887512147000024, 26.109657673000086 ], [ 91.888042664000039, 26.109568516 ] ] ] } },
{ "type": "Feature", "properties": { "District": "322", "Subdistt": "02130", "Town/Village": "303449", "Name": "Amerigog N.C.", "TRU": "Rural", "No_HH": 1286, "TOT_P": 5348, "TOT_M": 2918, "TOT_F": 2430, "P_06": 658, "P_SC": 146, "P_ST": 354, "pc11_s_id": "18", "pc11_d_id": "322", "pc11_sd_id": "02130", "pc11_tv_id": "303449", "tv_name": "Amerigog N.C.", "mdds_og": 0, "total_area_sqm": 2354479.6496643024, "total_area_ha": 235.44796496643025, "flood_area_1998": 0.0, "flood_pct_1998": 0.0, "exposed_pop_1998": 0, "flood_area_1999": 0.0, "flood_pct_1999": 0.0, "exposed_pop_1999": 0, "flood_area_2004": 0.0, "flood_pct_2004": 0.0, "exposed_pop_2004": 0, "flood_area_2012": 0.0, "flood_pct_2012": 0.0, "exposed_pop_2012": 0, "flood_area_2013": 0.0, "flood_pct_2013": 0.0, "exposed_pop_2013": 0, "flood_years_exposed": 0, "flood_frequency": 0.0, "max_flood_exposure_pct": 0.0, "exposure_note": "ESTIMATE: spatial overlap with historical flood inundation polygons only. NOT actual people affected." }, "geometry": { "type": "Polygon", "coordinates": [ [ [ 91.869127174000113, 26.104905320000071 ], [ 91.870688059000031, 26.104654090000068 ], [ 91.871221405000099, 26.104674157000041 ], [ 91.871339317, 26.103717855000053 ], [ 91.871631774000036, 26.102791221000032 ], [ 91.872024372000013, 26.101588045000046 ], [ 91.872246091000065, 26.100570022000014 ], [ 91.871195671642965, 26.097003242305838 ], [ 91.86941558236326, 26.097736627743284 ], [ 91.868385098693395, 26.09816003665637 ], [ 91.866416729148796, 26.098882063656426 ], [ 91.862234299773164, 26.100491495785949 ], [ 91.859373834235129, 26.101638109810921 ], [ 91.859003141781585, 26.101786097750246 ], [ 91.854551038999332, 26.102493229279133 ], [ 91.851317173149113, 26.102967987682479 ], [ 91.850002007286861, 26.103179751943983 ], [ 91.848093716052233, 26.105515800314016 ], [ 91.846682027753431, 26.107136246440721 ], [ 91.846694539121728, 26.107145444706514 ], [ 91.846743403785155, 26.107220319562163 ], [ 91.846767105417641, 26.107289002585432 ], [ 91.846764090890161, 26.107549807777453 ], [ 91.846746665626171, 26.108667520289863 ], [ 91.846787485853824, 26.109336784964654 ], [ 91.8469677216831, 26.11095161572452 ], [ 91.847109014169703, 26.112149517186545 ], [ 91.847394178398645, 26.113649872343814 ], [ 91.847639297615572, 26.114846568714167 ], [ 91.847872906409563, 26.11620237763761 ], [ 91.847914267129838, 26.116403085633877 ], [ 91.849276974000119, 26.115732551000015 ], [ 91.851667175000088, 26.113923935000027 ], [ 91.854043158000124, 26.112462633000089 ], [ 91.855117602000021, 26.111856826000057 ], [ 91.856652677000028, 26.111038537000031 ], [ 91.859549075000047, 26.109470359000042 ], [ 91.86210603800005, 26.107993636000071 ], [ 91.864098764000076, 26.106867249000043 ], [ 91.865556727000097, 26.106127577000038 ], [ 91.868046371000034, 26.105278821000066 ], [ 91.869127174000113, 26.104905320000071 ] ] ] } },
{ "type": "Feature", "properties": { "District": "322", "Subdistt": "02130", "Town/Village": "303450", "Name": "Upar Tepechia N.C.", "TRU": "Rural", "No_HH": 34, "TOT_P": 179, "TOT_M": 85, "TOT_F": 94, "P_06": 16, "P_SC": 0, "P_ST": 0, "pc11_s_id": "18", "pc11_d_id": "322", "pc11_sd_id": "02130", "pc11_tv_id": "303450", "tv_name": "Upar Tepechia N.C.", "mdds_og": 0, "total_area_sqm": 2241191.4574145633, "total_area_ha": 224.11914574145632, "flood_area_1998": 0.0, "flood_pct_1998": 0.0, "exposed_pop_1998": 0, "flood_area_1999": 0.0, "flood_pct_1999": 0.0, "exposed_pop_1999": 0, "flood_area_2004": 0.0, "flood_pct_2004": 0.0, "exposed_pop_2004": 0, "flood_area_2012": 0.0, "flood_pct_2012": 0.0, "exposed_pop_2012": 0, "flood_area_2013": 0.0, "flood_pct_2013": 0.0, "exposed_pop_2013": 0, "flood_years_exposed": 0, "flood_frequency": 0.0, "max_flood_exposure_pct": 0.0, "exposure_note": "ESTIMATE: spatial overlap with historical flood inundation polygons only. NOT actual people affected." }, "geometry": { "type": "Polygon", "coordinates": [ [ [ 91.890376524000033, 26.109571670000037 ], [ 91.891087548000087, 26.109784443000024 ], [ 91.892060377000064, 26.10993568400005 ], [ 91.89508449300007, 26.110284515000046 ], [ 91.896331229000054, 26.11037495000005 ], [ 91.896782407000046, 26.11044713800004 ], [ 91.897947388000034, 26.110939512000073 ], [ 91.898594082000045, 26.11118470100007 ], [ 91.899007249000078, 26.111444181000024 ], [ 91.899167758000033, 26.111558435000063 ], [ 91.900239740000075, 26.112635745000034 ], [ 91.901206253000055, 26.113314965000029 ], [ 91.901368631000082, 26.113384158000031 ], [ 91.901588145000062, 26.113402823000058 ], [ 91.901797068000064, 26.113431665000064 ], [ 91.903108868000061, 26.113431465000076 ], [ 91.903422822000039, 26.113412867000079 ], [ 91.903761374000055, 26.113296716000036 ], [ 91.905885814000044, 26.112414132000026 ], [ 91.907127690000038, 26.111798371000077 ], [ 91.907645794000075, 26.111691470000039 ], [ 91.90794539500007, 26.111706329000071 ], [ 91.90811143500008, 26.111740294000072 ], [ 91.908707350000043, 26.111980333000076 ], [ 91.910485703000063, 26.112688429000059 ], [ 91.912426483000047, 26.113528838000036 ], [ 91.912800745000084, 26.113175173000059 ], [ 91.912967441000035, 26.113090875000069 ], [ 91.913134849000073, 26.113023750000025 ], [ 91.913356874000044, 26.112979163000034 ], [ 91.914495664000071, 26.113035403000026 ], [ 91.915852885000049, 26.113170741000033 ], [ 91.916027289000056, 26.113210778000052 ], [ 91.916189830000064, 26.113322467000046 ], [ 91.916333901000087, 26.113422590000027 ], [ 91.916884568000057, 26.113885380000056 ], [ 91.917301213000087, 26.114150919000053 ], [ 91.917639180000037, 26.114267088000076 ], [ 91.918588559000057, 26.114468116000069 ], [ 91.919201428000065, 26.114528776000043 ], [ 91.920081285000037, 26.114479827000025 ], [ 91.920855029000052, 26.114360852000061 ], [ 91.921315142000083, 26.114217617000065 ], [ 91.921777047000035, 26.113998752000043 ], [ 91.922082627000066, 26.113793060000035 ], [ 91.922322522000059, 26.113569172000041 ], [ 91.923401767000087, 26.112618038000051 ], [ 91.923631165000074, 26.112303937000036 ], [ 91.923820718000059, 26.112011959000029 ], [ 91.924221749000083, 26.110982014000058 ], [ 91.92503258000005, 26.109052889000054 ], [ 91.925246324000057, 26.108786527000063 ], [ 91.925444492000054, 26.108634671000061 ], [ 91.925985096000034, 26.10835363700005 ], [ 91.925810335000051, 26.107929962000071 ], [ 91.925461259000031, 26.10802103900005 ], [ 91.925119607000056, 26.108035315000052 ], [ 91.924160339000082, 26.108220950000032 ], [ 91.923603988000082, 26.108376385000042 ], [ 91.921866722000061, 26.108984398000075 ], [ 91.919640207000043, 26.109839155000031 ], [ 91.917812069000036, 26.110331252000037 ], [ 91.91700521000007, 26.110366228000032 ], [ 91.915855308000062, 26.110261342000058 ], [ 91.915137124000069, 26.11013446000004 ], [ 91.91076817000004, 26.109054664000041 ], [ 91.908002366000062, 26.108351327000037 ], [ 91.907171179000045, 26.108004402000063 ], [ 91.905481457000064, 26.107127044000038 ], [ 91.902936836000038, 26.10563581100007 ], [ 91.901607140000067, 26.104844250000042 ], [ 91.899976622000054, 26.103661744000078 ], [ 91.897837439000057, 26.102150609000034 ], [ 91.896138748000055, 26.100941717000069 ], [ 91.895001740000055, 26.100132385000052 ], [ 91.894407034000039, 26.09970226400003 ], [ 91.893171634000055, 26.099007635000078 ], [ 91.892645365000078, 26.098735404000024 ], [ 91.892376366000065, 26.098650232000068 ], [ 91.89210614700005, 26.098578911000061 ], [ 91.892285798000046, 26.099510340000052 ], [ 91.892343782000069, 26.100947317000077 ], [ 91.892252546000066, 26.101731643000051 ], [ 91.892073477000054, 26.10232361900006 ], [ 91.891833769000073, 26.103161033000049 ], [ 91.891027930000064, 26.105193584000062 ], [ 91.890649179000036, 26.106229928000062 ], [ 91.890493341000081, 26.10722781100003 ], [ 91.890376524000033, 26.109571670000037 ] ] ] } },
{ "type": "Feature", "properties": { "District": "322", "Subdistt": "02130", "Town/Village": "303451", "Name": "Tepechia N.C.", "TRU": "Rural", "No_HH": 60, "TOT_P": 261, "TOT_M": 126, "TOT_F": 135, "P_06": 34, "P_SC": 3, "P_ST": 77, "pc11_s_id": "18", "pc11_d_id": "322", "pc11_sd_id": "02130", "pc11_tv_id": "303451", "tv_name": "Tepechia N.C.", "mdds_og": 0, "total_area_sqm": 1130642.9781534395, "total_area_ha": 113.06429781534395, "flood_area_1998": 0.0, "flood_pct_1998": 0.0, "exposed_pop_1998": 0, "flood_area_1999": 0.0, "flood_pct_1999": 0.0, "exposed_pop_1999": 0, "flood_area_2004": 0.0, "flood_pct_2004": 0.0, "exposed_pop_2004": 0, "flood_area_2012": 0.0, "flood_pct_2012": 0.0, "exposed_pop_2012": 0, "flood_area_2013": 0.0, "flood_pct_2013": 0.0, "exposed_pop_2013": 0, "flood_years_exposed": 0, "flood_frequency": 0.0, "max_flood_exposure_pct": 0.0, "exposure_note": "ESTIMATE: spatial overlap with historical flood inundation polygons only. NOT actual people affected." }, "geometry": { "type": "Polygon", "coordinates": [ [ [ 91.933278177000034, 26.12666974900003 ], [ 91.933025893000035, 26.126448363000065 ], [ 91.931877252000049, 26.125227297000038 ], [ 91.931546744000059, 26.125288339000065 ], [ 91.930039600000043, 26.125356170000032 ], [ 91.929803784000057, 26.125394584000048 ], [ 91.929604551000068, 26.125471743000048 ], [ 91.928273153000077, 26.126100358000031 ], [ 91.926574321000032, 26.126933702000031 ], [ 91.925891706000073, 26.127195401000051 ], [ 91.925449517000061, 26.127255499000057 ], [ 91.923664935000033, 26.127325030000065 ], [ 91.921166174000064, 26.127497212000037 ], [ 91.919959335000044, 26.127635164000026 ], [ 91.919753048000075, 26.127619497000069 ], [ 91.919349656000065, 26.127588796000055 ], [ 91.919069870000044, 26.127521203000072 ], [ 91.917767099000059, 26.127091386000075 ], [ 91.914839504000042, 26.126145121000036 ], [ 91.914185802000077, 26.125946830000032 ], [ 91.913769740000077, 26.125693564000073 ], [ 91.913270743000055, 26.125378270000056 ], [ 91.912764713000058, 26.125046173000044 ], [ 91.911310818000061, 26.128401710000048 ], [ 91.912016234000077, 26.128804074000072 ], [ 91.913405536000084, 26.129505926000036 ], [ 91.915007846000037, 26.130053577000069 ], [ 91.917471143000057, 26.131006615000047 ], [ 91.919911343000081, 26.131757204000053 ], [ 91.922946168000067, 26.132644228000061 ], [ 91.92639151000003, 26.13359084800004 ], [ 91.929733674000033, 26.134614032000059 ], [ 91.930110393000064, 26.134775718000071 ], [ 91.930104009000047, 26.132044010000072 ], [ 91.929980496000042, 26.130762062000031 ], [ 91.929993763000084, 26.130352833000074 ], [ 91.930080657000076, 26.129978840000035 ], [ 91.931046757000047, 26.128015162000054 ], [ 91.931363291000082, 26.127478329000041 ], [ 91.931556434000072, 26.127300169000023 ], [ 91.931671347000076, 26.127197814000056 ], [ 91.931833298000072, 26.127126870000041 ], [ 91.93198383500004, 26.127091258000064 ], [ 91.93283903400004, 26.126931265000053 ], [ 91.933047104000082, 26.126854427000069 ], [ 91.933278177000034, 26.12666974900003 ] ] ] } },
{ "type": "Feature", "properties": { "District": "322", "Subdistt": "02130", "Town/Village": "303452", "Name": "Karchia N.C.", "TRU": "Rural", "No_HH": 125, "TOT_P": 616, "TOT_M": 303, "TOT_F": 313, "P_06": 80, "P_SC": 0, "P_ST": 166, "pc11_s_id": "18", "pc11_d_id": "322", "pc11_sd_id": "02130", "pc11_tv_id": "303452", "tv_name": "Karchia N.C.", "mdds_og": 0, "total_area_sqm": 1590614.1434428021, "total_area_ha": 159.06141434428022, "flood_area_1998": 0.0, "flood_pct_1998": 0.0, "exposed_pop_1998": 0, "flood_area_1999": 0.0, "flood_pct_1999": 0.0, "exposed_pop_1999": 0, "flood_area_2004": 0.0, "flood_pct_2004": 0.0, "exposed_pop_2004": 0, "flood_area_2012": 0.0, "flood_pct_2012": 0.0, "exposed_pop_2012": 0, "flood_area_2013": 0.0, "flood_pct_2013": 0.0, "exposed_pop_2013": 0, "flood_years_exposed": 0, "flood_frequency": 0.0, "max_flood_exposure_pct": 0.0, "exposure_note": "ESTIMATE: spatial overlap with historical flood inundation polygons only. NOT actual people affected." }, "geometry": { "type": "Polygon", "coordinates": [ [ [ 91.950918343000069, 26.134662347000074 ], [ 91.950927324000077, 26.134633884000039 ], [ 91.950980216000062, 26.134493063000036 ], [ 91.950985810000077, 26.134326231000045 ], [ 91.950807959000031, 26.133175553000058 ], [ 91.950225861000035, 26.130877693000059 ], [ 91.949256018000085, 26.128274564000037 ], [ 91.948945097000035, 26.127496330000042 ], [ 91.948219614000038, 26.127870668000071 ], [ 91.948037130000046, 26.127924247000067 ], [ 91.947836116000076, 26.12795957000003 ], [ 91.947447206000049, 26.127943716000061 ], [ 91.945547688000033, 26.127812187000075 ], [ 91.942713170000047, 26.127967511000065 ], [ 91.941417547000071, 26.128089145000047 ], [ 91.940786815000081, 26.128066131000026 ], [ 91.940270939000072, 26.128031615000054 ], [ 91.939851154000053, 26.127974368000025 ], [ 91.93914761700006, 26.127823704000036 ], [ 91.936880411000061, 26.127518391000024 ], [ 91.935011139000039, 26.127266689000066 ], [ 91.934243019000064, 26.127213600000061 ], [ 91.934013550000032, 26.127141485000038 ], [ 91.933777148000047, 26.127030718000071 ], [ 91.933531470000048, 26.126890167000056 ], [ 91.933278177000034, 26.12666974900003 ], [ 91.933047104000082, 26.126854427000069 ], [ 91.93283903400004, 26.126931265000053 ], [ 91.93198383500004, 26.127091258000064 ], [ 91.931833298000072, 26.127126870000041 ], [ 91.931671347000076, 26.127197814000056 ], [ 91.931556434000072, 26.127300169000023 ], [ 91.931363291000082, 26.127478329000041 ], [ 91.931046757000047, 26.128015162000054 ], [ 91.930080657000076, 26.129978840000035 ], [ 91.929993763000084, 26.130352833000074 ], [ 91.929980496000042, 26.130762062000031 ], [ 91.930104009000047, 26.132044010000072 ], [ 91.930110393000064, 26.134775718000071 ], [ 91.930344618000049, 26.134877278000033 ], [ 91.930540911000037, 26.134719769000071 ], [ 91.930858476000083, 26.134705934000067 ], [ 91.931469108000044, 26.134734536000053 ], [ 91.932234463000043, 26.134772739000027 ], [ 91.935147372000074, 26.134800123000048 ], [ 91.939389446000064, 26.134835625000051 ], [ 91.946306388000039, 26.135012833000076 ], [ 91.947978384000066, 26.134870051000064 ], [ 91.949202939000031, 26.134910122000065 ], [ 91.949593137000079, 26.134908880000069 ], [ 91.950221662000047, 26.13480555700005 ], [ 91.950771878000069, 26.134659125000042 ], [ 91.950918343000069, 26.134662347000074 ] ] ] } },
{ "type": "Feature", "properties": { "District": "322", "Subdistt": "02130", "Town/Village": "303453", "Name": "Batakuchi ", "TRU": "Rural", "No_HH": 160, "TOT_P": 818, "TOT_M": 386, "TOT_F": 432, "P_06": 94, "P_SC": 0, "P_ST": 437, "pc11_s_id": "18", "pc11_d_id": "322", "pc11_sd_id": "02130", "pc11_tv_id": "303453", "tv_name": "Batakuchi", "mdds_og": 0, "total_area_sqm": 1852695.3336081568, "total_area_ha": 185.26953336081567, "flood_area_1998": 0.0, "flood_pct_1998": 0.0, "exposed_pop_1998": 0, "flood_area_1999": 17206.024386716301, "flood_pct_1999": 0.92870231141605264, "exposed_pop_1999": 8, "flood_area_2004": 0.0, "flood_pct_2004": 0.0, "exposed_pop_2004": 0, "flood_area_2012": 0.0, "flood_pct_2012": 0.0, "exposed_pop_2012": 0, "flood_area_2013": 0.0, "flood_pct_2013": 0.0, "exposed_pop_2013": 0, "flood_years_exposed": 1, "flood_frequency": 0.2, "max_flood_exposure_pct": 0.92870231141605264, "exposure_note": "ESTIMATE: spatial overlap with historical flood inundation polygons only. NOT actual people affected." }, "geometry": { "type": "Polygon", "coordinates": [ [ [ 91.959778644000039, 26.139447314000051 ], [ 91.958087487000057, 26.138590657000066 ], [ 91.956370765000031, 26.138010458000053 ], [ 91.954950675000077, 26.137588372000039 ], [ 91.953260592000049, 26.137267738000048 ], [ 91.951340182000081, 26.137105662000067 ], [ 91.948906492000049, 26.137037809000049 ], [ 91.947010736000038, 26.137060654000038 ], [ 91.94527937600003, 26.137129006000066 ], [ 91.942831827000077, 26.137319558000058 ], [ 91.942454117000068, 26.137354781000056 ], [ 91.941550693000067, 26.137511369000038 ], [ 91.940974437000079, 26.137689374000047 ], [ 91.940136843000062, 26.13804099500004 ], [ 91.939480733000039, 26.138416489000065 ], [ 91.938943128000062, 26.138859773000036 ], [ 91.938045683000041, 26.13993795500005 ], [ 91.937289189000069, 26.140786202000072 ], [ 91.936772585000085, 26.141293387000076 ], [ 91.937225357000045, 26.141739878000067 ], [ 91.938061820000087, 26.141786069000034 ], [ 91.939443611000058, 26.142086339000059 ], [ 91.941435259000059, 26.142548172000033 ], [ 91.944715517000077, 26.14373217900004 ], [ 91.946817266000039, 26.144265520000033 ], [ 91.948965735000058, 26.144801408000035 ], [ 91.951609420000068, 26.145715628000062 ], [ 91.955134412000064, 26.146852884000054 ], [ 91.956369477000067, 26.147222469000042 ], [ 91.959066279000069, 26.147873046000029 ], [ 91.960041879000073, 26.148052735000078 ], [ 91.960723324000071, 26.148301422000031 ], [ 91.961758810000049, 26.148726917000033 ], [ 91.961820378000084, 26.147783595000078 ], [ 91.961758668000073, 26.147245429000066 ], [ 91.961584352000045, 26.146364758000061 ], [ 91.961323880000066, 26.145321889000058 ], [ 91.961008584000069, 26.144646415000068 ], [ 91.960282900000038, 26.142998541000054 ], [ 91.960088506000034, 26.142345954000064 ], [ 91.95991796900006, 26.141463649000059 ], [ 91.959770610000078, 26.139804100000049 ], [ 91.959778644000039, 26.139447314000051 ] ] ] } },
{ "type": "Feature", "properties": { "District": "322", "Subdistt": "02130", "Town/Village": "303454", "Name": "Dhangiri", "TRU": "Rural", "No_HH": 73, "TOT_P": 372, "TOT_M": 180, "TOT_F": 192, "P_06": 62, "P_SC": 0, "P_ST": 131, "pc11_s_id": "18", "pc11_d_id": "322", "pc11_sd_id": "02130", "pc11_tv_id": "303454", "tv_name": "Dhangiri", "mdds_og": 0, "total_area_sqm": 1720354.7705618767, "total_area_ha": 172.03547705618766, "flood_area_1998": 28765.617461381338, "flood_pct_1998": 1.6720747344448228, "exposed_pop_1998": 6, "flood_area_1999": 0.0, "flood_pct_1999": 0.0, "exposed_pop_1999": 0, "flood_area_2004": 0.0, "flood_pct_2004": 0.0, "exposed_pop_2004": 0, "flood_area_2012": 0.0, "flood_pct_2012": 0.0, "exposed_pop_2012": 0, "flood_area_2013": 0.0, "flood_pct_2013": 0.0, "exposed_pop_2013": 0, "flood_years_exposed": 1, "flood_frequency": 0.2, "max_flood_exposure_pct": 1.6720747344448228, "exposure_note": "ESTIMATE: spatial overlap with historical flood inundation polygons only. NOT actual people affected." }, "geometry": { "type": "Polygon", "coordinates": [ [ [ 91.978862479000043, 26.135001446000047 ], [ 91.977009083000041, 26.134965464000061 ], [ 91.975533456000051, 26.135065022000049 ], [ 91.975550493000071, 26.135765185000025 ], [ 91.975597085000061, 26.136046504000035 ], [ 91.97566973000005, 26.136212974000046 ], [ 91.97577792900006, 26.136370080000063 ], [ 91.975988039000072, 26.136518847000048 ], [ 91.976040062000038, 26.136638313000049 ], [ 91.976034669000057, 26.136778168000035 ], [ 91.975702148000039, 26.137741338000069 ], [ 91.97551171200007, 26.138291579000054 ], [ 91.975310970000066, 26.13910820600006 ], [ 91.975113921000059, 26.140173770000047 ], [ 91.975040659000058, 26.141809226000078 ], [ 91.975085493000051, 26.143226560000073 ], [ 91.975338841000053, 26.144431282000028 ], [ 91.975335351000069, 26.145095172000026 ], [ 91.976607804000082, 26.145811966000053 ], [ 91.978455040000085, 26.146907059000057 ], [ 91.979835038000033, 26.147726101000046 ], [ 91.980830167000079, 26.148240093000027 ], [ 91.981274792000079, 26.148628748000078 ], [ 91.981527186000051, 26.148925017000067 ], [ 91.981980211000064, 26.149282735000043 ], [ 91.98325714200007, 26.148061023000025 ], [ 91.984194867000042, 26.146912461000056 ], [ 91.985332579000044, 26.145938023000042 ], [ 91.985814541000082, 26.145518467000045 ], [ 91.986363463000032, 26.145118925000077 ], [ 91.987388061000047, 26.144437904000029 ], [ 91.988293604000035, 26.14385634000007 ], [ 91.990211430000045, 26.142452295000055 ], [ 91.990857745000085, 26.141897967000034 ], [ 91.990544984000053, 26.140388191000056 ], [ 91.990652208000085, 26.139822070000037 ], [ 91.990649228000052, 26.139641673000028 ], [ 91.990598598000076, 26.139449880000029 ], [ 91.990546713000072, 26.139318496000044 ], [ 91.989781580000056, 26.138472317000037 ], [ 91.988003474000038, 26.136564682000028 ], [ 91.987854793000054, 26.136398408000048 ], [ 91.98738122900005, 26.136370560000046 ], [ 91.987226117000034, 26.136363995000067 ], [ 91.986469413000066, 26.136334415000078 ], [ 91.984781075000058, 26.136039006000033 ], [ 91.981403951000061, 26.135314322000056 ], [ 91.979729951000081, 26.13504696800004 ], [ 91.978862479000043, 26.135001446000047 ] ] ] } },
{ "type": "Feature", "properties": { "District": "322", "Subdistt": "02130", "Town/Village": "303455", "Name": "Lomati ", "TRU": "Rural", "No_HH": 140, "TOT_P": 584, "TOT_M": 298, "TOT_F": 286, "P_06": 33, "P_SC": 48, "P_ST": 113, "pc11_s_id": "18", "pc11_d_id": "322", "pc11_sd_id": "02130", "pc11_tv_id": "303455", "tv_name": "Lomati", "mdds_og": 0, "total_area_sqm": 1811410.6479669304, "total_area_ha": 181.14106479669303, "flood_area_1998": 567020.89999091043, "flood_pct_1998": 31.302725344323036, "exposed_pop_1998": 183, "flood_area_1999": 637514.22261928977, "flood_pct_1999": 35.194351061964632, "exposed_pop_1999": 206, "flood_area_2004": 454968.30959172978, "flood_pct_2004": 25.116795581519391, "exposed_pop_2004": 147, "flood_area_2012": 0.0, "flood_pct_2012": 0.0, "exposed_pop_2012": 0, "flood_area_2013": 0.0, "flood_pct_2013": 0.0, "exposed_pop_2013": 0, "flood_years_exposed": 3, "flood_frequency": 0.6, "max_flood_exposure_pct": 35.194351061964632, "exposure_note": "ESTIMATE: spatial overlap with historical flood inundation polygons only. NOT actual people affected." }, "geometry": { "type": "Polygon", "coordinates": [ [ [ 91.959778644000039, 26.139447314000051 ], [ 91.959770610000078, 26.139804100000049 ], [ 91.95991796900006, 26.141463649000059 ], [ 91.960088506000034, 26.142345954000064 ], [ 91.960282900000038, 26.142998541000054 ], [ 91.961008584000069, 26.144646415000068 ], [ 91.961323880000066, 26.145321889000058 ], [ 91.961584352000045, 26.146364758000061 ], [ 91.961758668000073, 26.147245429000066 ], [ 91.961820378000084, 26.147783595000078 ], [ 91.961758810000049, 26.148726917000033 ], [ 91.963366147000045, 26.149691343000029 ], [ 91.96443955400008, 26.150533639000059 ], [ 91.965414030000034, 26.151212846000078 ], [ 91.967039954000086, 26.152361836000068 ], [ 91.968734760000075, 26.153408265000053 ], [ 91.96933853400003, 26.15368393600005 ], [ 91.969709395000052, 26.153807835000066 ], [ 91.970351946000051, 26.153859039000054 ], [ 91.971817618000046, 26.153709238000033 ], [ 91.972925795000037, 26.153438833000052 ], [ 91.973815161000061, 26.153350487000068 ], [ 91.975143434000074, 26.153235769000048 ], [ 91.97578261600006, 26.153230747000066 ], [ 91.976567173000035, 26.153230647000044 ], [ 91.976749347000066, 26.152696624000043 ], [ 91.97690715300007, 26.152512370000068 ], [ 91.97728714200008, 26.152302949000045 ], [ 91.978184032000058, 26.151803358000052 ], [ 91.980623680000065, 26.150213611000027 ], [ 91.981980211000064, 26.149282735000043 ], [ 91.981527186000051, 26.148925017000067 ], [ 91.981274792000079, 26.148628748000078 ], [ 91.980830167000079, 26.148240093000027 ], [ 91.979835038000033, 26.147726101000046 ], [ 91.978455040000085, 26.146907059000057 ], [ 91.976607804000082, 26.145811966000053 ], [ 91.975335351000069, 26.145095172000026 ], [ 91.972568782000053, 26.144096775000037 ], [ 91.970729121000034, 26.143496416000062 ], [ 91.969258030000049, 26.143165674000045 ], [ 91.967224728000076, 26.142786413000067 ], [ 91.965962868000076, 26.142480925000029 ], [ 91.964869179000061, 26.142032819000065 ], [ 91.96295647900007, 26.141200186000049 ], [ 91.959778644000039, 26.139447314000051 ] ] ] } },
{ "type": "Feature", "properties": { "District": "322", "Subdistt": "02130", "Town/Village": "303456", "Name": "Moirakuchi ", "TRU": "Rural", "No_HH": 225, "TOT_P": 974, "TOT_M": 479, "TOT_F": 495, "P_06": 125, "P_SC": 37, "P_ST": 636, "pc11_s_id": "18", "pc11_d_id": "322", "pc11_sd_id": "02130", "pc11_tv_id": "303456", "tv_name": "Moirakuchi", "mdds_og": 0, "total_area_sqm": 1499705.8182985766, "total_area_ha": 149.97058182985765, "flood_area_1998": 0.0, "flood_pct_1998": 0.0, "exposed_pop_1998": 0, "flood_area_1999": 0.0, "flood_pct_1999": 0.0, "exposed_pop_1999": 0, "flood_area_2004": 0.0, "flood_pct_2004": 0.0, "exposed_pop_2004": 0, "flood_area_2012": 0.0, "flood_pct_2012": 0.0, "exposed_pop_2012": 0, "flood_area_2013": 0.0, "flood_pct_2013": 0.0, "exposed_pop_2013": 0, "flood_years_exposed": 0, "flood_frequency": 0.0, "max_flood_exposure_pct": 0.0, "exposure_note": "ESTIMATE: spatial overlap with historical flood inundation polygons only. NOT actual people affected." }, "geometry": { "type": "Polygon", "coordinates": [ [ [ 91.951340182000081, 26.137105662000067 ], [ 91.953260592000049, 26.137267738000048 ], [ 91.954950675000077, 26.137588372000039 ], [ 91.956370765000031, 26.138010458000053 ], [ 91.958087487000057, 26.138590657000066 ], [ 91.959778644000039, 26.139447314000051 ], [ 91.96295647900007, 26.141200186000049 ], [ 91.964869179000061, 26.142032819000065 ], [ 91.965962868000076, 26.142480925000029 ], [ 91.967224728000076, 26.142786413000067 ], [ 91.969258030000049, 26.143165674000045 ], [ 91.970729121000034, 26.143496416000062 ], [ 91.972568782000053, 26.144096775000037 ], [ 91.975335351000069, 26.145095172000026 ], [ 91.975338841000053, 26.144431282000028 ], [ 91.975085493000051, 26.143226560000073 ], [ 91.975040659000058, 26.141809226000078 ], [ 91.975113921000059, 26.140173770000047 ], [ 91.975310970000066, 26.13910820600006 ], [ 91.97551171200007, 26.138291579000054 ], [ 91.975702148000039, 26.137741338000069 ], [ 91.976034669000057, 26.136778168000035 ], [ 91.976040062000038, 26.136638313000049 ], [ 91.975988039000072, 26.136518847000048 ], [ 91.97577792900006, 26.136370080000063 ], [ 91.97566973000005, 26.136212974000046 ], [ 91.975597085000061, 26.136046504000035 ], [ 91.975550493000071, 26.135765185000025 ], [ 91.975533456000051, 26.135065022000049 ], [ 91.975157947000071, 26.135089480000033 ], [ 91.973927047000075, 26.135314344000051 ], [ 91.972533396000074, 26.135539513000026 ], [ 91.97187940200007, 26.135700238000027 ], [ 91.971393864000049, 26.135764577000032 ], [ 91.968933123000056, 26.135671615000035 ], [ 91.964889296000081, 26.135637194000026 ], [ 91.960674869000059, 26.135455356000023 ], [ 91.95735275100003, 26.135167426000066 ], [ 91.954417334000084, 26.134846956000047 ], [ 91.95244789700007, 26.134661051000023 ], [ 91.951356660000044, 26.134669888000076 ], [ 91.950918343000069, 26.134662347000074 ], [ 91.950860030000058, 26.134845856000027 ], [ 91.950852109000039, 26.135084576000054 ], [ 91.950846560000059, 26.135252373000071 ], [ 91.950957678000066, 26.135535602000061 ], [ 91.951112219000038, 26.135964648000027 ], [ 91.951340182000081, 26.137105662000067 ] ] ] } },
{ "type": "Feature", "properties": { "District": "322", "Subdistt": "02130", "Town/Village": "303457", "Name": "Sialekhaiti", "TRU": "Rural", "No_HH": 250, "TOT_P": 1144, "TOT_M": 575, "TOT_F": 569, "P_06": 136, "P_SC": 103, "P_ST": 144, "pc11_s_id": "18", "pc11_d_id": "322", "pc11_sd_id": "02130", "pc11_tv_id": "303457", "tv_name": "Sialekhaiti", "mdds_og": 0, "total_area_sqm": 3575059.187712173, "total_area_ha": 357.5059187712173, "flood_area_1998": 110264.84039842965, "flood_pct_1998": 3.0842801366036303, "exposed_pop_1998": 35, "flood_area_1999": 0.0, "flood_pct_1999": 0.0, "exposed_pop_1999": 0, "flood_area_2004": 195861.44956671784, "flood_pct_2004": 5.4785512430091439, "exposed_pop_2004": 63, "flood_area_2012": 0.0, "flood_pct_2012": 0.0, "exposed_pop_2012": 0, "flood_area_2013": 0.0, "flood_pct_2013": 0.0, "exposed_pop_2013": 0, "flood_years_exposed": 2, "flood_frequency": 0.4, "max_flood_exposure_pct": 5.4785512430091439, "exposure_note": "ESTIMATE: spatial overlap with historical flood inundation polygons only. NOT actual people affected." }, "geometry": { "type": "Polygon", "coordinates": [ [ [ 91.987331476000065, 26.135520147000022 ], [ 91.98583435200004, 26.130699467000056 ], [ 91.985697849000076, 26.129697736000026 ], [ 91.985558476000051, 26.129022651000071 ], [ 91.985230924000064, 26.128228983000042 ], [ 91.98473060300006, 26.126969818000077 ], [ 91.984601324000039, 26.126864845000057 ], [ 91.98433674000006, 26.126794267000037 ], [ 91.983199734000038, 26.126674556000069 ], [ 91.982683765000047, 26.126620227000046 ], [ 91.982133236000038, 26.126629718000061 ], [ 91.981630963000043, 26.126638314000047 ], [ 91.978864700000031, 26.126650432000076 ], [ 91.972027832000038, 26.126468536000061 ], [ 91.968025538000063, 26.126129414000047 ], [ 91.964213997000058, 26.125619400000062 ], [ 91.964076277000061, 26.125613045000023 ], [ 91.961868380000055, 26.125515948000043 ], [ 91.961535165000043, 26.125507696000057 ], [ 91.959811696000031, 26.125686390000055 ], [ 91.957931168000073, 26.126138319000063 ], [ 91.954227228000036, 26.126907738000057 ], [ 91.953332121000074, 26.127084989000025 ], [ 91.952750129000037, 26.127113558000076 ], [ 91.95116130200006, 26.127156797000055 ], [ 91.948809458000085, 26.127157547000024 ], [ 91.948945097000035, 26.127496330000042 ], [ 91.949256018000085, 26.128274564000037 ], [ 91.950225861000035, 26.130877693000059 ], [ 91.950807959000031, 26.133175553000058 ], [ 91.950985810000077, 26.134326231000045 ], [ 91.950980216000062, 26.134493063000036 ], [ 91.950927324000077, 26.134633884000039 ], [ 91.950918343000069, 26.134662347000074 ], [ 91.951356660000044, 26.134669888000076 ], [ 91.95244789700007, 26.134661051000023 ], [ 91.954417334000084, 26.134846956000047 ], [ 91.95735275100003, 26.135167426000066 ], [ 91.960674869000059, 26.135455356000023 ], [ 91.964889296000081, 26.135637194000026 ], [ 91.968933123000056, 26.135671615000035 ], [ 91.971393864000049, 26.135764577000032 ], [ 91.97187940200007, 26.135700238000027 ], [ 91.972533396000074, 26.135539513000026 ], [ 91.973927047000075, 26.135314344000051 ], [ 91.975157947000071, 26.135089480000033 ], [ 91.975533456000051, 26.135065022000049 ], [ 91.977009083000041, 26.134965464000061 ], [ 91.978862479000043, 26.135001446000047 ], [ 91.979729951000081, 26.13504696800004 ], [ 91.981403951000061, 26.135314322000056 ], [ 91.984781075000058, 26.136039006000033 ], [ 91.986469413000066, 26.136334415000078 ], [ 91.987226117000034, 26.136363995000067 ], [ 91.98738122900005, 26.136370560000046 ], [ 91.987854793000054, 26.136398408000048 ], [ 91.987706115000037, 26.136232136000046 ], [ 91.987331476000065, 26.135520147000022 ] ] ] } },
{ "type": "Feature", "properties": { "District": "322", "Subdistt": "02130", "Town/Village": "303458", "Name": "Barkhat Gaon", "TRU": "Rural", "No_HH": 656, "TOT_P": 2908, "TOT_M": 1433, "TOT_F": 1475, "P_06": 293, "P_SC": 60, "P_ST": 628, "pc11_s_id": "18", "pc11_d_id": "322", "pc11_sd_id": "02130", "pc11_tv_id": "303458", "tv_name": "Barkhat Gaon", "mdds_og": 0, "total_area_sqm": 2326124.270487139, "total_area_ha": 232.6124270487139, "flood_area_1998": 252127.94233813108, "flood_pct_1998": 10.83897131107833, "exposed_pop_1998": 315, "flood_area_1999": 293540.72845648637, "flood_pct_1999": 12.619305519520365, "exposed_pop_1999": 367, "flood_area_2004": 147730.3865809656, "flood_pct_2004": 6.3509240867009984, "exposed_pop_2004": 185, "flood_area_2012": 82377.353568837992, "flood_pct_2012": 3.5413995122275415, "exposed_pop_2012": 103, "flood_area_2013": 105259.56352557235, "flood_pct_2013": 4.5251049078099683, "exposed_pop_2013": 132, "flood_years_exposed": 5, "flood_frequency": 1.0, "max_flood_exposure_pct": 12.619305519520365, "exposure_note": "ESTIMATE: spatial overlap with historical flood inundation polygons only. NOT actual people affected." }, "geometry": { "type": "Polygon", "coordinates": [ [ [ 91.948809458000085, 26.127157547000024 ], [ 91.95116130200006, 26.127156797000055 ], [ 91.952750129000037, 26.127113558000076 ], [ 91.953332121000074, 26.127084989000025 ], [ 91.954227228000036, 26.126907738000057 ], [ 91.957931168000073, 26.126138319000063 ], [ 91.959811696000031, 26.125686390000055 ], [ 91.961535165000043, 26.125507696000057 ], [ 91.961868380000055, 26.125515948000043 ], [ 91.964076277000061, 26.125613045000023 ], [ 91.963617360000057, 26.125079360000029 ], [ 91.963488368000071, 26.124841128000071 ], [ 91.96343573200005, 26.124607535000052 ], [ 91.963433764000058, 26.124376023000025 ], [ 91.96336530800005, 26.123685669000054 ], [ 91.963287863000062, 26.121208540000055 ], [ 91.963021426000068, 26.116649172000052 ], [ 91.963023836000048, 26.115344580000055 ], [ 91.959986265000055, 26.115319770000042 ], [ 91.95823667600007, 26.115194522000024 ], [ 91.957393609000064, 26.115127893000079 ], [ 91.956784416000062, 26.114955780000059 ], [ 91.956255978000058, 26.114775794000025 ], [ 91.954724843000065, 26.11415824200003 ], [ 91.952991213000075, 26.113285602000076 ], [ 91.951014544000031, 26.112487613000042 ], [ 91.949904958000047, 26.111912613000072 ], [ 91.94930865200007, 26.111678913000048 ], [ 91.948367786000063, 26.11144833000003 ], [ 91.947416278000048, 26.111225801000046 ], [ 91.947265492000042, 26.111165349000032 ], [ 91.947143461000053, 26.111048336000067 ], [ 91.947030478000045, 26.110881496000047 ], [ 91.946777134000058, 26.110430877000056 ], [ 91.946429968000075, 26.109880798000063 ], [ 91.946128037000051, 26.110371097000041 ], [ 91.945926996000082, 26.110817655000062 ], [ 91.945802803000049, 26.111259193000024 ], [ 91.945723572000077, 26.112306456000056 ], [ 91.945876143000078, 26.114568793000046 ], [ 91.94609577600005, 26.116787756000065 ], [ 91.946623966000061, 26.118741199000056 ], [ 91.947468774000072, 26.122326821000058 ], [ 91.947825439000042, 26.124178355000026 ], [ 91.947834424000064, 26.124901432000058 ], [ 91.947822235000046, 26.125225142000033 ], [ 91.947908549000033, 26.125507878000064 ], [ 91.948118830000055, 26.126038477000066 ], [ 91.948758781000038, 26.12702887100005 ], [ 91.948809458000085, 26.127157547000024 ] ] ] } },
{ "type": "Feature", "properties": { "District": "322", "Subdistt": "02130", "Town/Village": "303459", "Name": "Dhamara Pathar", "TRU": "Rural", "No_HH": 121, "TOT_P": 634, "TOT_M": 325, "TOT_F": 309, "P_06": 78, "P_SC": 17, "P_ST": 8, "pc11_s_id": "18", "pc11_d_id": "322", "pc11_sd_id": "02130", "pc11_tv_id": "303459", "tv_name": "Dhamara Pathar", "mdds_og": 0, "total_area_sqm": 3135076.796441935, "total_area_ha": 313.5076796441935, "flood_area_1998": 1741377.3061353315, "flood_pct_1998": 55.544964898839396, "exposed_pop_1998": 352, "flood_area_1999": 209373.77724619504, "flood_pct_1999": 6.6784257879685045, "exposed_pop_1999": 42, "flood_area_2004": 2720172.061600918, "flood_pct_2004": 86.765723400718571, "exposed_pop_2004": 550, "flood_area_2012": 250761.04196534262, "flood_pct_2012": 7.998561382928056, "exposed_pop_2012": 51, "flood_area_2013": 0.0, "flood_pct_2013": 0.0, "exposed_pop_2013": 0, "flood_years_exposed": 4, "flood_frequency": 0.8, "max_flood_exposure_pct": 86.765723400718571, "exposure_note": "ESTIMATE: spatial overlap with historical flood inundation polygons only. NOT actual people affected." }, "geometry": { "type": "Polygon", "coordinates": [ [ [ 91.978477889000033, 26.114871814000026 ], [ 91.979040614000041, 26.114103991000036 ], [ 91.979214687000081, 26.113894367000057 ], [ 91.979391461000034, 26.113659770000027 ], [ 91.979468365000059, 26.113434315000063 ], [ 91.979839540000057, 26.112358321000045 ], [ 91.980063663000067, 26.111846054000068 ], [ 91.980212068000071, 26.109081555000046 ], [ 91.980511733000071, 26.107922727000073 ], [ 91.980786224000042, 26.106894498000031 ], [ 91.980803499000046, 26.106667616000038 ], [ 91.980827480000073, 26.106353173000059 ], [ 91.980769548000069, 26.105986638000047 ], [ 91.980455348000078, 26.104666656000063 ], [ 91.979906988000039, 26.102612758000078 ], [ 91.979177634000052, 26.10092549500007 ], [ 91.978339055000049, 26.099712963000059 ], [ 91.977856319000068, 26.099177678000046 ], [ 91.977542931000073, 26.098848873000065 ], [ 91.977307007000036, 26.09874555600004 ], [ 91.976181633000067, 26.098298611000075 ], [ 91.974654035000071, 26.097440851000044 ], [ 91.97215820100007, 26.095979384000032 ], [ 91.971191992000058, 26.095457510000074 ], [ 91.970774407000079, 26.095221976000062 ], [ 91.968645648000063, 26.094437945000038 ], [ 91.965555435000056, 26.093528743000036 ], [ 91.962248024000075, 26.093027969000048 ], [ 91.961881142000038, 26.093000869000036 ], [ 91.961540798000044, 26.093028784000069 ], [ 91.961343084000077, 26.093229309000037 ], [ 91.961119135000047, 26.093480388000046 ], [ 91.961056069000051, 26.093789450000031 ], [ 91.961045376000072, 26.093841423000072 ], [ 91.961051935000057, 26.094092940000053 ], [ 91.961177362000058, 26.095493968000028 ], [ 91.961419116000059, 26.096220107000079 ], [ 91.961865308000085, 26.096984435000024 ], [ 91.963459743000044, 26.099341423000055 ], [ 91.96355297000008, 26.099566687000049 ], [ 91.963602709000043, 26.100055956000062 ], [ 91.963888247000057, 26.10287478500004 ], [ 91.963978846000032, 26.104160129000036 ], [ 91.963869402000057, 26.105218450000052 ], [ 91.963778481000077, 26.10577328100004 ], [ 91.963698378000061, 26.106014672000072 ], [ 91.963587214000086, 26.106212839000023 ], [ 91.963404740000044, 26.106884440000044 ], [ 91.963382994000085, 26.107047356000066 ], [ 91.963410410000051, 26.107202464000068 ], [ 91.963600437000082, 26.107403254000076 ], [ 91.964281903000085, 26.107964967000044 ], [ 91.966204031000075, 26.109524964000059 ], [ 91.969209215000035, 26.112162683000065 ], [ 91.970399661000044, 26.113169862000063 ], [ 91.971746635000045, 26.114581826000062 ], [ 91.972018078000076, 26.114576448000037 ], [ 91.973254156000053, 26.114645224000071 ], [ 91.975050895000038, 26.114703038000073 ], [ 91.976532039000062, 26.114811343000042 ], [ 91.977035902000068, 26.11486848900006 ], [ 91.977355318000036, 26.114958940000065 ], [ 91.977630212000065, 26.115113601000076 ], [ 91.978116230000069, 26.115364656000054 ], [ 91.978477889000033, 26.114871814000026 ] ] ] } },
{ "type": "Feature", "properties": { "District": "322", "Subdistt": "02130", "Town/Village": "303460", "Name": "Batakuchi N.C.", "TRU": "Rural", "No_HH": 0, "TOT_P": 0, "TOT_M": 0, "TOT_F": 0, "P_06": 0, "P_SC": 0, "P_ST": 0, "pc11_s_id": "18", "pc11_d_id": "322", "pc11_sd_id": "02130", "pc11_tv_id": "303460", "tv_name": "Batakuchi N.C.", "mdds_og": 0, "total_area_sqm": 677688.54240994493, "total_area_ha": 67.7688542409945, "flood_area_1998": 0.0, "flood_pct_1998": 0.0, "exposed_pop_1998": 0, "flood_area_1999": 0.0, "flood_pct_1999": 0.0, "exposed_pop_1999": 0, "flood_area_2004": 0.0, "flood_pct_2004": 0.0, "exposed_pop_2004": 0, "flood_area_2012": 0.0, "flood_pct_2012": 0.0, "exposed_pop_2012": 0, "flood_area_2013": 0.0, "flood_pct_2013": 0.0, "exposed_pop_2013": 0, "flood_years_exposed": 0, "flood_frequency": 0.0, "max_flood_exposure_pct": 0.0, "exposure_note": "ESTIMATE: spatial overlap with historical flood inundation polygons only. NOT actual people affected." }, "geometry": { "type": "Polygon", "coordinates": [ [ [ 91.951340182000081, 26.137105662000067 ], [ 91.951112219000038, 26.135964648000027 ], [ 91.950957678000066, 26.135535602000061 ], [ 91.950846560000059, 26.135252373000071 ], [ 91.950852109000039, 26.135084576000054 ], [ 91.950860030000058, 26.134845856000027 ], [ 91.950918343000069, 26.134662347000074 ], [ 91.950771878000069, 26.134659125000042 ], [ 91.950221662000047, 26.13480555700005 ], [ 91.949593137000079, 26.134908880000069 ], [ 91.949202939000031, 26.134910122000065 ], [ 91.947978384000066, 26.134870051000064 ], [ 91.946306388000039, 26.135012833000076 ], [ 91.939389446000064, 26.134835625000051 ], [ 91.935147372000074, 26.134800123000048 ], [ 91.932234463000043, 26.134772739000027 ], [ 91.931469108000044, 26.134734536000053 ], [ 91.930858476000083, 26.134705934000067 ], [ 91.930540911000037, 26.134719769000071 ], [ 91.930344618000049, 26.134877278000033 ], [ 91.930485980000071, 26.134937259000026 ], [ 91.930827211000064, 26.135114360000046 ], [ 91.931534108000051, 26.135756463000064 ], [ 91.933010891000038, 26.137214218000054 ], [ 91.936304885000084, 26.14083177200007 ], [ 91.936772585000085, 26.141293387000076 ], [ 91.937289189000069, 26.140786202000072 ], [ 91.938045683000041, 26.13993795500005 ], [ 91.938943128000062, 26.138859773000036 ], [ 91.939480733000039, 26.138416489000065 ], [ 91.940136843000062, 26.13804099500004 ], [ 91.940974437000079, 26.137689374000047 ], [ 91.941550693000067, 26.137511369000038 ], [ 91.942454117000068, 26.137354781000056 ], [ 91.942831827000077, 26.137319558000058 ], [ 91.94527937600003, 26.137129006000066 ], [ 91.947010736000038, 26.137060654000038 ], [ 91.948906492000049, 26.137037809000049 ], [ 91.951340182000081, 26.137105662000067 ] ] ] } },
{ "type": "Feature", "properties": { "District": "322", "Subdistt": "02130", "Town/Village": "303461", "Name": "Barkhat N.C.", "TRU": "Rural", "No_HH": 16, "TOT_P": 74, "TOT_M": 36, "TOT_F": 38, "P_06": 4, "P_SC": 0, "P_ST": 34, "pc11_s_id": "18", "pc11_d_id": "322", "pc11_sd_id": "02130", "pc11_tv_id": "303461", "tv_name": "Barkhat N.C.", "mdds_og": 0, "total_area_sqm": 1521258.8621291211, "total_area_ha": 152.12588621291212, "flood_area_1998": 7196.4177001265834, "flood_pct_1998": 0.47305674788672275, "exposed_pop_1998": 0, "flood_area_1999": 0.0, "flood_pct_1999": 0.0, "exposed_pop_1999": 0, "flood_area_2004": 0.0, "flood_pct_2004": 0.0, "exposed_pop_2004": 0, "flood_area_2012": 0.0, "flood_pct_2012": 0.0, "exposed_pop_2012": 0, "flood_area_2013": 0.0, "flood_pct_2013": 0.0, "exposed_pop_2013": 0, "flood_years_exposed": 1, "flood_frequency": 0.2, "max_flood_exposure_pct": 0.47305674788672275, "exposure_note": "ESTIMATE: spatial overlap with historical flood inundation polygons only. NOT actual people affected." }, "geometry": { "type": "Polygon", "coordinates": [ [ [ 91.946777134000058, 26.110430877000056 ], [ 91.947030478000045, 26.110881496000047 ], [ 91.947143461000053, 26.111048336000067 ], [ 91.947265492000042, 26.111165349000032 ], [ 91.947416278000048, 26.111225801000046 ], [ 91.948367786000063, 26.11144833000003 ], [ 91.94930865200007, 26.111678913000048 ], [ 91.949904958000047, 26.111912613000072 ], [ 91.951014544000031, 26.112487613000042 ], [ 91.952991213000075, 26.113285602000076 ], [ 91.954724843000065, 26.11415824200003 ], [ 91.956255978000058, 26.114775794000025 ], [ 91.956784416000062, 26.114955780000059 ], [ 91.957393609000064, 26.115127893000079 ], [ 91.95823667600007, 26.115194522000024 ], [ 91.959986265000055, 26.115319770000042 ], [ 91.963023836000048, 26.115344580000055 ], [ 91.963120074000074, 26.115345680000075 ], [ 91.967686794000031, 26.114781119000043 ], [ 91.969580444000087, 26.114619379000032 ], [ 91.971746635000045, 26.114581826000062 ], [ 91.970399661000044, 26.113169862000063 ], [ 91.969209215000035, 26.112162683000065 ], [ 91.966204031000075, 26.109524964000059 ], [ 91.964281903000085, 26.107964967000044 ], [ 91.963600437000082, 26.107403254000076 ], [ 91.963410410000051, 26.107202464000068 ], [ 91.963382994000085, 26.107047356000066 ], [ 91.963404740000044, 26.106884440000044 ], [ 91.963587214000086, 26.106212839000023 ], [ 91.962287485000047, 26.106998864000047 ], [ 91.960678521000034, 26.107942600000058 ], [ 91.960350692000077, 26.108026273000064 ], [ 91.959279368000068, 26.10816808800007 ], [ 91.958112267000047, 26.108302481000067 ], [ 91.95769419700008, 26.108274638000069 ], [ 91.957181533000039, 26.108240438000053 ], [ 91.956603929000039, 26.108048932000031 ], [ 91.956051848000072, 26.107822707000025 ], [ 91.955367139000032, 26.107314358000053 ], [ 91.954577943000061, 26.106583451000063 ], [ 91.953854432000071, 26.106048692000059 ], [ 91.953450204000035, 26.105938188000039 ], [ 91.95316203200008, 26.105918407000047 ], [ 91.952610512000035, 26.105844124000043 ], [ 91.952342886000054, 26.10589746100004 ], [ 91.952096355000037, 26.106013907000033 ], [ 91.95182064800008, 26.106350659000043 ], [ 91.951597951000053, 26.106565734000071 ], [ 91.950924269000041, 26.107123671000068 ], [ 91.950590694000084, 26.10742607800006 ], [ 91.949764084000037, 26.10792615500003 ], [ 91.949013669000067, 26.108397142000058 ], [ 91.948536979000039, 26.10865252800005 ], [ 91.947940924000079, 26.109245047000059 ], [ 91.946777134000058, 26.110430877000056 ] ] ] } },
{ "type": "Feature", "properties": { "District": "322", "Subdistt": "02130", "Town/Village": "303462", "Name": "Loflong", "TRU": "Rural", "No_HH": 94, "TOT_P": 486, "TOT_M": 233, "TOT_F": 253, "P_06": 61, "P_SC": 0, "P_ST": 354, "pc11_s_id": "18", "pc11_d_id": "322", "pc11_sd_id": "02130", "pc11_tv_id": "303462", "tv_name": "Loflong", "mdds_og": 0, "total_area_sqm": 1879915.7528644591, "total_area_ha": 187.99157528644591, "flood_area_1998": 81177.882913572626, "flood_pct_1998": 4.3181660023796562, "exposed_pop_1998": 21, "flood_area_1999": 0.0, "flood_pct_1999": 0.0, "exposed_pop_1999": 0, "flood_area_2004": 942749.27316262096, "flood_pct_2004": 50.148485203453298, "exposed_pop_2004": 244, "flood_area_2012": 157825.00141831624, "flood_pct_2012": 8.3953230977417821, "exposed_pop_2012": 41, "flood_area_2013": 0.0, "flood_pct_2013": 0.0, "exposed_pop_2013": 0, "flood_years_exposed": 3, "flood_frequency": 0.6, "max_flood_exposure_pct": 50.148485203453298, "exposure_note": "ESTIMATE: spatial overlap with historical flood inundation polygons only. NOT actual people affected." }, "geometry": { "type": "Polygon", "coordinates": [ [ [ 91.955452299000058, 26.090465468000048 ], [ 91.955231046000051, 26.090463768000063 ], [ 91.955099533000066, 26.09049488200003 ], [ 91.954399772000045, 26.090914988000065 ], [ 91.953699529000062, 26.091507395000065 ], [ 91.953624341000079, 26.091605339000068 ], [ 91.952851173000056, 26.092614025000046 ], [ 91.952227869000069, 26.093573508000077 ], [ 91.952000780000049, 26.094008507000069 ], [ 91.951699509000036, 26.094888989000026 ], [ 91.951499756000032, 26.095254535000038 ], [ 91.951316451000082, 26.095508549000044 ], [ 91.95093477000006, 26.095957760000033 ], [ 91.949675397000078, 26.097202586000037 ], [ 91.948558904000038, 26.098406906000037 ], [ 91.948148271000036, 26.09893476700006 ], [ 91.949289201000056, 26.099210481000057 ], [ 91.949761522000074, 26.099331052000025 ], [ 91.950099857000055, 26.099537373000032 ], [ 91.951394374000074, 26.100428487000045 ], [ 91.952001405000033, 26.10094151800007 ], [ 91.952328520000037, 26.101397309000049 ], [ 91.953783814000076, 26.103571671000054 ], [ 91.954122547000054, 26.104202235000059 ], [ 91.954294868000034, 26.104726194000023 ], [ 91.954456270000037, 26.105496286000061 ], [ 91.954577943000061, 26.106583451000063 ], [ 91.955367139000032, 26.107314358000053 ], [ 91.956051848000072, 26.107822707000025 ], [ 91.956603929000039, 26.108048932000031 ], [ 91.957181533000039, 26.108240438000053 ], [ 91.95769419700008, 26.108274638000069 ], [ 91.958112267000047, 26.108302481000067 ], [ 91.959279368000068, 26.10816808800007 ], [ 91.960350692000077, 26.108026273000064 ], [ 91.960678521000034, 26.107942600000058 ], [ 91.962287485000047, 26.106998864000047 ], [ 91.963587214000086, 26.106212839000023 ], [ 91.963698378000061, 26.106014672000072 ], [ 91.963778481000077, 26.10577328100004 ], [ 91.963869402000057, 26.105218450000052 ], [ 91.963978846000032, 26.104160129000036 ], [ 91.963888247000057, 26.10287478500004 ], [ 91.963602709000043, 26.100055956000062 ], [ 91.96355297000008, 26.099566687000049 ], [ 91.963459743000044, 26.099341423000055 ], [ 91.961865308000085, 26.096984435000024 ], [ 91.961419116000059, 26.096220107000079 ], [ 91.961177362000058, 26.095493968000028 ], [ 91.961051935000057, 26.094092940000053 ], [ 91.961045376000072, 26.093841423000072 ], [ 91.961056069000051, 26.093789450000031 ], [ 91.961119135000047, 26.093480388000046 ], [ 91.959262633000037, 26.092402471000071 ], [ 91.95690297200008, 26.090944725000043 ], [ 91.955779477000078, 26.090556391000064 ], [ 91.955452299000058, 26.090465468000048 ] ] ] } },
{ "type": "Feature", "properties": { "District": "322", "Subdistt": "02130", "Town/Village": "303463", "Name": "Kamalajari Gaon", "TRU": "Rural", "No_HH": 544, "TOT_P": 2344, "TOT_M": 1196, "TOT_F": 1148, "P_06": 364, "P_SC": 202, "P_ST": 102, "pc11_s_id": "18", "pc11_d_id": "322", "pc11_sd_id": "02130", "pc11_tv_id": "303463", "tv_name": "Kamalajari Gaon", "mdds_og": 0, "total_area_sqm": 2870422.8451491254, "total_area_ha": 287.04228451491252, "flood_area_1998": 0.0, "flood_pct_1998": 0.0, "exposed_pop_1998": 0, "flood_area_1999": 0.0, "flood_pct_1999": 0.0, "exposed_pop_1999": 0, "flood_area_2004": 152196.0491498668, "flood_pct_2004": 5.302217037711733, "exposed_pop_2004": 124, "flood_area_2012": 34425.964469022765, "flood_pct_2012": 1.199334255829275, "exposed_pop_2012": 28, "flood_area_2013": 0.0, "flood_pct_2013": 0.0, "exposed_pop_2013": 0, "flood_years_exposed": 2, "flood_frequency": 0.4, "max_flood_exposure_pct": 5.302217037711733, "exposure_note": "ESTIMATE: spatial overlap with historical flood inundation polygons only. NOT actual people affected." }, "geometry": { "type": "Polygon", "coordinates": [ [ [ 91.939091132000044, 26.083180473000027 ], [ 91.937873943000056, 26.083009740000023 ], [ 91.937402138000039, 26.083213628000067 ], [ 91.937196895000056, 26.083355745000063 ], [ 91.936996484000076, 26.083534894000024 ], [ 91.936824888000046, 26.083733603000042 ], [ 91.936746881000033, 26.083998946000065 ], [ 91.936717108000039, 26.087388231000034 ], [ 91.936599568000076, 26.087688775000061 ], [ 91.936457738000058, 26.087922731000049 ], [ 91.936213344000066, 26.088276946000065 ], [ 91.93531289200007, 26.089255122000054 ], [ 91.93506986500006, 26.089442593000058 ], [ 91.934673995000082, 26.089582303000043 ], [ 91.934316162000073, 26.089749343000051 ], [ 91.933934428000043, 26.089812987000073 ], [ 91.93336260500007, 26.090797222000049 ], [ 91.933253400000069, 26.091057880000051 ], [ 91.933229393000033, 26.091291099000046 ], [ 91.933285184000056, 26.092160255000067 ], [ 91.933353210000064, 26.094953904000079 ], [ 91.933424839000054, 26.095363837000036 ], [ 91.934105844000044, 26.096934007000073 ], [ 91.934443416000079, 26.09759927500005 ], [ 91.934664424000061, 26.097997874000043 ], [ 91.935905425000044, 26.099332176000075 ], [ 91.936235383000053, 26.099611205000031 ], [ 91.937003666000066, 26.099996297000075 ], [ 91.938916082000048, 26.101012651000076 ], [ 91.939736878000076, 26.101337942000043 ], [ 91.941314434000049, 26.101802833000079 ], [ 91.94359933700008, 26.10245539500005 ], [ 91.944323326000074, 26.102581081000039 ], [ 91.945856983000056, 26.102691209000056 ], [ 91.947083440000085, 26.102755588000036 ], [ 91.947047952000048, 26.102532749000034 ], [ 91.94705752200008, 26.102146585000071 ], [ 91.947080268000036, 26.101747672000045 ], [ 91.947200353000085, 26.101356373000044 ], [ 91.94764346900007, 26.100085965000062 ], [ 91.948148271000036, 26.09893476700006 ], [ 91.948558904000038, 26.098406906000037 ], [ 91.949675397000078, 26.097202586000037 ], [ 91.95093477000006, 26.095957760000033 ], [ 91.951316451000082, 26.095508549000044 ], [ 91.951499756000032, 26.095254535000038 ], [ 91.951699509000036, 26.094888989000026 ], [ 91.952000780000049, 26.094008507000069 ], [ 91.952227869000069, 26.093573508000077 ], [ 91.952851173000056, 26.092614025000046 ], [ 91.953624341000079, 26.091605339000068 ], [ 91.953699529000062, 26.091507395000065 ], [ 91.954399772000045, 26.090914988000065 ], [ 91.952470059000063, 26.089855722000038 ], [ 91.950938206000046, 26.088994910000054 ], [ 91.946777618000056, 26.086785447000068 ], [ 91.945142700000076, 26.085911562000035 ], [ 91.941961976000073, 26.084291035000035 ], [ 91.940787206000039, 26.083790520000036 ], [ 91.93988732400004, 26.083441967000056 ], [ 91.939508873000079, 26.083312361000026 ], [ 91.939091132000044, 26.083180473000027 ] ] ] } },
{ "type": "Feature", "properties": { "District": "322", "Subdistt": "02130", "Town/Village": "303464", "Name": "Sonai Gaon", "TRU": "Rural", "No_HH": 317, "TOT_P": 1545, "TOT_M": 750, "TOT_F": 795, "P_06": 190, "P_SC": 0, "P_ST": 0, "pc11_s_id": "18", "pc11_d_id": "322", "pc11_sd_id": "02130", "pc11_tv_id": "303464", "tv_name": "Sonai Gaon", "mdds_og": 0, "total_area_sqm": 2282127.859971588, "total_area_ha": 228.21278599715879, "flood_area_1998": 0.0, "flood_pct_1998": 0.0, "exposed_pop_1998": 0, "flood_area_1999": 0.0, "flood_pct_1999": 0.0, "exposed_pop_1999": 0, "flood_area_2004": 199379.48780232965, "flood_pct_2004": 8.7365607904550924, "exposed_pop_2004": 135, "flood_area_2012": 0.0, "flood_pct_2012": 0.0, "exposed_pop_2012": 0, "flood_area_2013": 0.0, "flood_pct_2013": 0.0, "exposed_pop_2013": 0, "flood_years_exposed": 1, "flood_frequency": 0.2, "max_flood_exposure_pct": 8.7365607904550924, "exposure_note": "ESTIMATE: spatial overlap with historical flood inundation polygons only. NOT actual people affected." }, "geometry": { "type": "Polygon", "coordinates": [ [ [ 91.921171075000075, 26.076504543000055 ], [ 91.921030870000038, 26.076260088000026 ], [ 91.920818867000037, 26.075903717000074 ], [ 91.920485720000045, 26.076014669000074 ], [ 91.920169586000043, 26.076096446000065 ], [ 91.919541430000038, 26.076260088000026 ], [ 91.919234712000048, 26.076333962000035 ], [ 91.918701041000077, 26.076346425000054 ], [ 91.91682854000004, 26.07624508400005 ], [ 91.915747860000067, 26.076181166000026 ], [ 91.914681913000038, 26.076031432000036 ], [ 91.912435570000071, 26.075679377000029 ], [ 91.912402308000082, 26.076342128000078 ], [ 91.912399048000054, 26.076417570000046 ], [ 91.912481239000044, 26.07685943000007 ], [ 91.912820072000045, 26.077992877000042 ], [ 91.913521303000039, 26.079632273000072 ], [ 91.913733096000044, 26.079955005000045 ], [ 91.913895206000063, 26.080138717000068 ], [ 91.915511243000083, 26.081100545000027 ], [ 91.917029663000051, 26.082002039000031 ], [ 91.917156145000035, 26.082084891000079 ], [ 91.917206406000048, 26.082213806000027 ], [ 91.917204446000085, 26.082376752000073 ], [ 91.916970893000041, 26.082754330000057 ], [ 91.91551264900005, 26.084393995000028 ], [ 91.914837261000059, 26.085561762000054 ], [ 91.914356503000079, 26.086584406000043 ], [ 91.914340938000066, 26.086795456000061 ], [ 91.914415785000074, 26.086987591000025 ], [ 91.914491363000081, 26.087105390000033 ], [ 91.915136836000045, 26.087482990000069 ], [ 91.915871994000042, 26.087804564000066 ], [ 91.916164132000063, 26.087835224000059 ], [ 91.917792560000066, 26.088001576000067 ], [ 91.919894408000062, 26.088286005000043 ], [ 91.921369673000072, 26.08838058200007 ], [ 91.923010624000085, 26.088473886000031 ], [ 91.923352967000085, 26.088546381000072 ], [ 91.925109878000058, 26.088938303000077 ], [ 91.926151233000041, 26.089158832000066 ], [ 91.927865861000043, 26.089397313000063 ], [ 91.930813846000035, 26.089668916000051 ], [ 91.931108944000073, 26.089683370000046 ], [ 91.933539951000057, 26.089799009000046 ], [ 91.933934428000043, 26.089812987000073 ], [ 91.934316162000073, 26.089749343000051 ], [ 91.934673995000082, 26.089582303000043 ], [ 91.93506986500006, 26.089442593000058 ], [ 91.93531289200007, 26.089255122000054 ], [ 91.936213344000066, 26.088276946000065 ], [ 91.936457738000058, 26.087922731000049 ], [ 91.936599568000076, 26.087688775000061 ], [ 91.936717108000039, 26.087388231000034 ], [ 91.936746881000033, 26.083998946000065 ], [ 91.936824888000046, 26.083733603000042 ], [ 91.936996484000076, 26.083534894000024 ], [ 91.936549271000047, 26.083336361000079 ], [ 91.935355024000046, 26.082914530000039 ], [ 91.932343574000072, 26.082163411000067 ], [ 91.928718545000038, 26.081454995000058 ], [ 91.927975704000062, 26.080882933000055 ], [ 91.92649743700008, 26.080268079000064 ], [ 91.924619420000056, 26.079599041000051 ], [ 91.923894360000077, 26.079232949000072 ], [ 91.922359386000039, 26.078181863000054 ], [ 91.921912998000039, 26.077770695000027 ], [ 91.921690158000047, 26.077508465000051 ], [ 91.921521170000062, 26.077111672000058 ], [ 91.921171075000075, 26.076504543000055 ] ] ] } },
{ "type": "Feature", "properties": { "District": "322", "Subdistt": "02130", "Town/Village": "303465", "Name": "Maragdala ", "TRU": "Rural", "No_HH": 19, "TOT_P": 95, "TOT_M": 51, "TOT_F": 44, "P_06": 11, "P_SC": 0, "P_ST": 0, "pc11_s_id": "18", "pc11_d_id": "322", "pc11_sd_id": "02130", "pc11_tv_id": "303465", "tv_name": "Maragdala", "mdds_og": 0, "total_area_sqm": 1057232.4837207419, "total_area_ha": 105.7232483720742, "flood_area_1998": 0.0, "flood_pct_1998": 0.0, "exposed_pop_1998": 0, "flood_area_1999": 0.0, "flood_pct_1999": 0.0, "exposed_pop_1999": 0, "flood_area_2004": 0.0, "flood_pct_2004": 0.0, "exposed_pop_2004": 0, "flood_area_2012": 0.0, "flood_pct_2012": 0.0, "exposed_pop_2012": 0, "flood_area_2013": 0.0, "flood_pct_2013": 0.0, "exposed_pop_2013": 0, "flood_years_exposed": 0, "flood_frequency": 0.0, "max_flood_exposure_pct": 0.0, "exposure_note": "ESTIMATE: spatial overlap with historical flood inundation polygons only. NOT actual people affected." }, "geometry": { "type": "Polygon", "coordinates": [ [ [ 91.905144139000072, 26.073358808000023 ], [ 91.90446330900005, 26.073196001000042 ], [ 91.904436271000066, 26.073392635000062 ], [ 91.904314929000066, 26.073584733000075 ], [ 91.904042815000082, 26.073800528000049 ], [ 91.903618364000067, 26.074136922000037 ], [ 91.902857401000063, 26.07501951100005 ], [ 91.902587725000046, 26.075539657000036 ], [ 91.90238005100008, 26.075945700000034 ], [ 91.902062768000064, 26.076792561000047 ], [ 91.901636944000074, 26.078489049000041 ], [ 91.901481466000064, 26.079085698000029 ], [ 91.901542883000047, 26.079408865000062 ], [ 91.901952178000045, 26.080453254000076 ], [ 91.904864879000058, 26.081447015000037 ], [ 91.91081186100007, 26.083068031000039 ], [ 91.91551264900005, 26.084393995000028 ], [ 91.916970893000041, 26.082754330000057 ], [ 91.917204446000085, 26.082376752000073 ], [ 91.917206406000048, 26.082213806000027 ], [ 91.917156145000035, 26.082084891000079 ], [ 91.917029663000051, 26.082002039000031 ], [ 91.915511243000083, 26.081100545000027 ], [ 91.913895206000063, 26.080138717000068 ], [ 91.913733096000044, 26.079955005000045 ], [ 91.913521303000039, 26.079632273000072 ], [ 91.912820072000045, 26.077992877000042 ], [ 91.912481239000044, 26.07685943000007 ], [ 91.912399048000054, 26.076417570000046 ], [ 91.912402308000082, 26.076342128000078 ], [ 91.912435570000071, 26.075679377000029 ], [ 91.912100103000057, 26.075593014000049 ], [ 91.911706318000086, 26.075523630000077 ], [ 91.910868553000057, 26.075280048000025 ], [ 91.907737568000073, 26.074257818000035 ], [ 91.906518348000077, 26.073926391000043 ], [ 91.905746072000056, 26.073652200000026 ], [ 91.905144139000072, 26.073358808000023 ] ] ] } },
{ "type": "Feature", "properties": { "District": "322", "Subdistt": "02130", "Town/Village": "303466", "Name": "Sarutari Gaon", "TRU": "Rural", "No_HH": 326, "TOT_P": 1445, "TOT_M": 744, "TOT_F": 701, "P_06": 229, "P_SC": 3, "P_ST": 87, "pc11_s_id": "18", "pc11_d_id": "322", "pc11_sd_id": "02130", "pc11_tv_id": "303466", "tv_name": "Sarutari Gaon", "mdds_og": 0, "total_area_sqm": 742904.44038453011, "total_area_ha": 74.290444038453018, "flood_area_1998": 0.0, "flood_pct_1998": 0.0, "exposed_pop_1998": 0, "flood_area_1999": 0.0, "flood_pct_1999": 0.0, "exposed_pop_1999": 0, "flood_area_2004": 0.0, "flood_pct_2004": 0.0, "exposed_pop_2004": 0, "flood_area_2012": 0.0, "flood_pct_2012": 0.0, "exposed_pop_2012": 0, "flood_area_2013": 0.0, "flood_pct_2013": 0.0, "exposed_pop_2013": 0, "flood_years_exposed": 0, "flood_frequency": 0.0, "max_flood_exposure_pct": 0.0, "exposure_note": "ESTIMATE: spatial overlap with historical flood inundation polygons only. NOT actual people affected." }, "geometry": { "type": "Polygon", "coordinates": [ [ [ 91.89279657600008, 26.064201515000036 ], [ 91.892527935000032, 26.06386500900004 ], [ 91.891685345000042, 26.062807629000076 ], [ 91.891150594000067, 26.062403424000024 ], [ 91.890701268000043, 26.062106981000056 ], [ 91.889212050000083, 26.061484248000056 ], [ 91.886781002000077, 26.06032020300006 ], [ 91.885545750000063, 26.059781154000063 ], [ 91.884759471000052, 26.059338626000056 ], [ 91.884332412000049, 26.059267980000072 ], [ 91.884252977000074, 26.059281891000069 ], [ 91.884152994000033, 26.059339829000066 ], [ 91.884108337000043, 26.059515388000023 ], [ 91.884074817000055, 26.059648991000074 ], [ 91.883751028000063, 26.063427345000036 ], [ 91.883666222000045, 26.06358453100006 ], [ 91.88354570000007, 26.063696336000078 ], [ 91.883402080000053, 26.063819960000046 ], [ 91.883224122000058, 26.06387657700003 ], [ 91.882987510000078, 26.063888034000058 ], [ 91.880357772000082, 26.063825448000046 ], [ 91.880475416000081, 26.064581156000031 ], [ 91.880677363000075, 26.065413636000073 ], [ 91.880856509000068, 26.065758230000029 ], [ 91.881163868000044, 26.066094500000077 ], [ 91.881327494000061, 26.066223773000047 ], [ 91.88149097400003, 26.066361951000033 ], [ 91.881682674000047, 26.066492521000043 ], [ 91.881791331000045, 26.066605319000075 ], [ 91.882199980000053, 26.066641136000044 ], [ 91.883546725000031, 26.06693298700003 ], [ 91.886962977000053, 26.067769666000061 ], [ 91.888497161000032, 26.068012061000047 ], [ 91.888944151000032, 26.068082587000049 ], [ 91.889549077000083, 26.068091132000063 ], [ 91.890980673000058, 26.068074086000024 ], [ 91.891476717000046, 26.06805520100005 ], [ 91.891726141000049, 26.067927559000054 ], [ 91.891907439000079, 26.067771745000073 ], [ 91.892034934000037, 26.067601961000037 ], [ 91.892668164000042, 26.065954742000031 ], [ 91.892919056000039, 26.065127246000031 ], [ 91.892933976000052, 26.064860273000079 ], [ 91.892939323000064, 26.064545851000048 ], [ 91.89279657600008, 26.064201515000036 ] ] ] } },
{ "type": "Feature", "properties": { "District": "322", "Subdistt": "02130", "Town/Village": "303467", "Name": "Tamulikuchi Gaon", "TRU": "Rural", "No_HH": 338, "TOT_P": 1413, "TOT_M": 742, "TOT_F": 671, "P_06": 180, "P_SC": 163, "P_ST": 240, "pc11_s_id": "18", "pc11_d_id": "322", "pc11_sd_id": "02130", "pc11_tv_id": "303467", "tv_name": "Tamulikuchi Gaon", "mdds_og": 0, "total_area_sqm": 1851851.1856344484, "total_area_ha": 185.18511856344483, "flood_area_1998": 0.0, "flood_pct_1998": 0.0, "exposed_pop_1998": 0, "flood_area_1999": 0.0, "flood_pct_1999": 0.0, "exposed_pop_1999": 0, "flood_area_2004": 0.0, "flood_pct_2004": 0.0, "exposed_pop_2004": 0, "flood_area_2012": 0.0, "flood_pct_2012": 0.0, "exposed_pop_2012": 0, "flood_area_2013": 0.0, "flood_pct_2013": 0.0, "exposed_pop_2013": 0, "flood_years_exposed": 0, "flood_frequency": 0.0, "max_flood_exposure_pct": 0.0, "exposure_note": "ESTIMATE: spatial overlap with historical flood inundation polygons only. NOT actual people affected." }, "geometry": { "type": "Polygon", "coordinates": [ [ [ 91.885047808000039, 26.075976287000024 ], [ 91.884794434000042, 26.07504818200006 ], [ 91.883921082000072, 26.072509254000042 ], [ 91.883368442000091, 26.071135019000025 ], [ 91.882119638000063, 26.068576544000077 ], [ 91.88189818500004, 26.068005677 ], [ 91.881815154, 26.067436916000108 ], [ 91.881853130000124, 26.06678641300002 ], [ 91.881791331000073, 26.066605319000047 ], [ 91.881682674000047, 26.06649252100004 ], [ 91.881490974, 26.066361951000072 ], [ 91.881327494000061, 26.066223773 ], [ 91.88116386800003, 26.066094500000059 ], [ 91.880856509000083, 26.065758230000036 ], [ 91.880677363000103, 26.065413636000034 ], [ 91.880475416000081, 26.064581155999988 ], [ 91.880357772000124, 26.063825448000078 ], [ 91.879807674000077, 26.063812863000102 ], [ 91.875100783, 26.063479264000033 ], [ 91.87202081490878, 26.063180602602731 ], [ 91.872005066880376, 26.063722075413498 ], [ 91.87129588759521, 26.06546798685816 ], [ 91.870108601730664, 26.068151787774774 ], [ 91.868783635956135, 26.07166345690306 ], [ 91.869005669576069, 26.072508584903353 ], [ 91.869125220052879, 26.072732612320237 ], [ 91.869992008224614, 26.074374572928249 ], [ 91.870869170975581, 26.076919472655558 ], [ 91.871132898964177, 26.077471464836233 ], [ 91.885047808000039, 26.075976287000024 ] ] ] } },
{ "type": "Feature", "properties": { "District": "322", "Subdistt": "02130", "Town/Village": "303468", "Name": "Ambher Gaon", "TRU": "Rural", "No_HH": 260, "TOT_P": 1170, "TOT_M": 683, "TOT_F": 487, "P_06": 192, "P_SC": 13, "P_ST": 458, "pc11_s_id": "18", "pc11_d_id": "322", "pc11_sd_id": "02130", "pc11_tv_id": "303468", "tv_name": "Ambher Gaon", "mdds_og": 0, "total_area_sqm": 952873.10646414536, "total_area_ha": 95.287310646414539, "flood_area_1998": 0.0, "flood_pct_1998": 0.0, "exposed_pop_1998": 0, "flood_area_1999": 0.0, "flood_pct_1999": 0.0, "exposed_pop_1999": 0, "flood_area_2004": 0.0, "flood_pct_2004": 0.0, "exposed_pop_2004": 0, "flood_area_2012": 0.0, "flood_pct_2012": 0.0, "exposed_pop_2012": 0, "flood_area_2013": 0.0, "flood_pct_2013": 0.0, "exposed_pop_2013": 0, "flood_years_exposed": 0, "flood_frequency": 0.0, "max_flood_exposure_pct": 0.0, "exposure_note": "ESTIMATE: spatial overlap with historical flood inundation polygons only. NOT actual people affected." }, "geometry": { "type": "Polygon", "coordinates": [ [ [ 91.885810778000021, 26.086406340000064 ], [ 91.884472639000052, 26.085506144000099 ], [ 91.884089157000034, 26.085621306000036 ], [ 91.882004438000124, 26.085913059000106 ], [ 91.878322826000058, 26.086150064 ], [ 91.876746999000062, 26.086402553000017 ], [ 91.875302317847755, 26.086665883423883 ], [ 91.875332696946458, 26.086870715711015 ], [ 91.873775981276566, 26.091087947950527 ], [ 91.877650685000049, 26.092376993000073 ], [ 91.879666908000075, 26.092451343 ], [ 91.882388368000093, 26.092686378000092 ], [ 91.884837241000028, 26.092874774000048 ], [ 91.886347046000068, 26.093215409000077 ], [ 91.888428154000053, 26.092079585000068 ], [ 91.888680439000041, 26.091865075000083 ], [ 91.88875534200011, 26.091598049000016 ], [ 91.888787833000052, 26.091178053000082 ], [ 91.888884219000033, 26.090285614000049 ], [ 91.888887589000049, 26.089946332000043 ], [ 91.888832582000106, 26.089643019000082 ], [ 91.888531266000058, 26.089012898000082 ], [ 91.888114292000097, 26.088336199000047 ], [ 91.887231486000061, 26.087554378000018 ], [ 91.885810778000021, 26.086406340000064 ] ] ] } },
{ "type": "Feature", "properties": { "District": "322", "Subdistt": "02130", "Town/Village": "303469", "Name": "Loflong N.C.", "TRU": "Rural", "No_HH": 110, "TOT_P": 518, "TOT_M": 258, "TOT_F": 260, "P_06": 54, "P_SC": 0, "P_ST": 367, "pc11_s_id": "18", "pc11_d_id": "322", "pc11_sd_id": "02130", "pc11_tv_id": "303469", "tv_name": "Loflong N.C.", "mdds_og": 0, "total_area_sqm": 357212.6746930721, "total_area_ha": 35.721267469307207, "flood_area_1998": 0.0, "flood_pct_1998": 0.0, "exposed_pop_1998": 0, "flood_area_1999": 0.0, "flood_pct_1999": 0.0, "exposed_pop_1999": 0, "flood_area_2004": 0.0, "flood_pct_2004": 0.0, "exposed_pop_2004": 0, "flood_area_2012": 0.0, "flood_pct_2012": 0.0, "exposed_pop_2012": 0, "flood_area_2013": 0.0, "flood_pct_2013": 0.0, "exposed_pop_2013": 0, "flood_years_exposed": 0, "flood_frequency": 0.0, "max_flood_exposure_pct": 0.0, "exposure_note": "ESTIMATE: spatial overlap with historical flood inundation polygons only. NOT actual people affected." }, "geometry": { "type": "Polygon", "coordinates": [ [ [ 91.947083440000085, 26.102755588000036 ], [ 91.947308898000074, 26.103184386000066 ], [ 91.947535102000074, 26.103631028000052 ], [ 91.947577380000041, 26.103733711000075 ], [ 91.947740336000038, 26.103861176000066 ], [ 91.947874313000057, 26.103957060000027 ], [ 91.94821190600004, 26.104087603000039 ], [ 91.948819822000075, 26.104313241000057 ], [ 91.950077030000045, 26.105029107000064 ], [ 91.951332011000034, 26.105894548000038 ], [ 91.951572570000053, 26.105958651000037 ], [ 91.951815193000073, 26.105994564000071 ], [ 91.952096355000037, 26.106013907000033 ], [ 91.952342886000054, 26.10589746100004 ], [ 91.952610512000035, 26.105844124000043 ], [ 91.95316203200008, 26.105918407000047 ], [ 91.953450204000035, 26.105938188000039 ], [ 91.953854432000071, 26.106048692000059 ], [ 91.954577943000061, 26.106583451000063 ], [ 91.954456270000037, 26.105496286000061 ], [ 91.954294868000034, 26.104726194000023 ], [ 91.954122547000054, 26.104202235000059 ], [ 91.953783814000076, 26.103571671000054 ], [ 91.952328520000037, 26.101397309000049 ], [ 91.952001405000033, 26.10094151800007 ], [ 91.951394374000074, 26.100428487000045 ], [ 91.950099857000055, 26.099537373000032 ], [ 91.949761522000074, 26.099331052000025 ], [ 91.949289201000056, 26.099210481000057 ], [ 91.948148271000036, 26.09893476700006 ], [ 91.94764346900007, 26.100085965000062 ], [ 91.947200353000085, 26.101356373000044 ], [ 91.947080268000036, 26.101747672000045 ], [ 91.94705752200008, 26.102146585000071 ], [ 91.947047952000048, 26.102532749000034 ], [ 91.947083440000085, 26.102755588000036 ] ] ] } },
{ "type": "Feature", "properties": { "District": "322", "Subdistt": "02130", "Town/Village": "303470", "Name": "Kamalajari N.C.", "TRU": "Rural", "No_HH": 80, "TOT_P": 415, "TOT_M": 195, "TOT_F": 220, "P_06": 49, "P_SC": 1, "P_ST": 0, "pc11_s_id": "18", "pc11_d_id": "322", "pc11_sd_id": "02130", "pc11_tv_id": "303470", "tv_name": "Kamalajari N.C.", "mdds_og": 0, "total_area_sqm": 2327048.5042850804, "total_area_ha": 232.70485042850802, "flood_area_1998": 0.0, "flood_pct_1998": 0.0, "exposed_pop_1998": 0, "flood_area_1999": 0.0, "flood_pct_1999": 0.0, "exposed_pop_1999": 0, "flood_area_2004": 0.0, "flood_pct_2004": 0.0, "exposed_pop_2004": 0, "flood_area_2012": 0.0, "flood_pct_2012": 0.0, "exposed_pop_2012": 0, "flood_area_2013": 0.0, "flood_pct_2013": 0.0, "exposed_pop_2013": 0, "flood_years_exposed": 0, "flood_frequency": 0.0, "max_flood_exposure_pct": 0.0, "exposure_note": "ESTIMATE: spatial overlap with historical flood inundation polygons only. NOT actual people affected." }, "geometry": { "type": "Polygon", "coordinates": [ [ [ 91.925810335000051, 26.107929962000071 ], [ 91.925985096000034, 26.10835363700005 ], [ 91.926496387000043, 26.108262293000053 ], [ 91.927124824000032, 26.108028903000047 ], [ 91.927576180000074, 26.107867706000036 ], [ 91.928101316000038, 26.107852159000061 ], [ 91.928461326000047, 26.107878391000042 ], [ 91.929517266000062, 26.108106544000066 ], [ 91.929844089000085, 26.108172855000078 ], [ 91.930040426000062, 26.108208362000028 ], [ 91.930223632000036, 26.108329334000075 ], [ 91.930401298000049, 26.108708020000051 ], [ 91.930669951000084, 26.108916266000051 ], [ 91.931155067000077, 26.109111463000033 ], [ 91.932229276000044, 26.109373757000071 ], [ 91.933670585000073, 26.109635985000068 ], [ 91.935641765000071, 26.10966482200007 ], [ 91.93874280600005, 26.109753875000024 ], [ 91.940488472000084, 26.109738668000034 ], [ 91.942762769000069, 26.109363666000036 ], [ 91.944882005000068, 26.109013125000047 ], [ 91.945487807000063, 26.109003904000076 ], [ 91.945632905000082, 26.109013788000027 ], [ 91.945811414000048, 26.109034025000028 ], [ 91.945944819000033, 26.109110791000035 ], [ 91.946076666000067, 26.109228847000054 ], [ 91.946278473000064, 26.109528330000046 ], [ 91.946429968000075, 26.109880798000063 ], [ 91.946777134000058, 26.110430877000056 ], [ 91.947940924000079, 26.109245047000059 ], [ 91.948536979000039, 26.10865252800005 ], [ 91.949013669000067, 26.108397142000058 ], [ 91.949764084000037, 26.10792615500003 ], [ 91.950590694000084, 26.10742607800006 ], [ 91.950924269000041, 26.107123671000068 ], [ 91.951597951000053, 26.106565734000071 ], [ 91.95182064800008, 26.106350659000043 ], [ 91.952096355000037, 26.106013907000033 ], [ 91.951815193000073, 26.105994564000071 ], [ 91.951572570000053, 26.105958651000037 ], [ 91.951332011000034, 26.105894548000038 ], [ 91.950077030000045, 26.105029107000064 ], [ 91.948819822000075, 26.104313241000057 ], [ 91.94821190600004, 26.104087603000039 ], [ 91.947874313000057, 26.103957060000027 ], [ 91.947740336000038, 26.103861176000066 ], [ 91.947577380000041, 26.103733711000075 ], [ 91.947535102000074, 26.103631028000052 ], [ 91.947308898000074, 26.103184386000066 ], [ 91.947083440000085, 26.102755588000036 ], [ 91.945856983000056, 26.102691209000056 ], [ 91.944323326000074, 26.102581081000039 ], [ 91.94359933700008, 26.10245539500005 ], [ 91.941314434000049, 26.101802833000079 ], [ 91.939736878000076, 26.101337942000043 ], [ 91.938916082000048, 26.101012651000076 ], [ 91.937003666000066, 26.099996297000075 ], [ 91.936235383000053, 26.099611205000031 ], [ 91.935905425000044, 26.099332176000075 ], [ 91.934664424000061, 26.097997874000043 ], [ 91.934443416000079, 26.09759927500005 ], [ 91.934105844000044, 26.096934007000073 ], [ 91.933424839000054, 26.095363837000036 ], [ 91.933353210000064, 26.094953904000079 ], [ 91.933285184000056, 26.092160255000067 ], [ 91.933229393000033, 26.091291099000046 ], [ 91.933253400000069, 26.091057880000051 ], [ 91.93336260500007, 26.090797222000049 ], [ 91.933934428000043, 26.089812987000073 ], [ 91.933539951000057, 26.089799009000046 ], [ 91.931108944000073, 26.089683370000046 ], [ 91.931193388000054, 26.091538082000056 ], [ 91.931154584000069, 26.093578327000046 ], [ 91.930974908000053, 26.09477042900005 ], [ 91.930611622000072, 26.097453317000031 ], [ 91.930417962000035, 26.098178666000024 ], [ 91.929744505000031, 26.100180600000044 ], [ 91.929476396000041, 26.100899096000035 ], [ 91.929210081000065, 26.101432976000069 ], [ 91.92772700900008, 26.104042285000048 ], [ 91.926069122000058, 26.107268273000045 ], [ 91.925810335000051, 26.107929962000071 ] ] ] } },
{ "type": "Feature", "properties": { "District": "322", "Subdistt": "02130", "Town/Village": "303471", "Name": "Sonai N.C.", "TRU": "Rural", "No_HH": 63, "TOT_P": 359, "TOT_M": 181, "TOT_F": 178, "P_06": 104, "P_SC": 5, "P_ST": 125, "pc11_s_id": "18", "pc11_d_id": "322", "pc11_sd_id": "02130", "pc11_tv_id": "303471", "tv_name": "Sonai N.C.", "mdds_og": 0, "total_area_sqm": 7915998.1431775624, "total_area_ha": 791.59981431775623, "flood_area_1998": 0.0, "flood_pct_1998": 0.0, "exposed_pop_1998": 0, "flood_area_1999": 0.0, "flood_pct_1999": 0.0, "exposed_pop_1999": 0, "flood_area_2004": 0.0, "flood_pct_2004": 0.0, "exposed_pop_2004": 0, "flood_area_2012": 0.0, "flood_pct_2012": 0.0, "exposed_pop_2012": 0, "flood_area_2013": 0.0, "flood_pct_2013": 0.0, "exposed_pop_2013": 0, "flood_years_exposed": 0, "flood_frequency": 0.0, "max_flood_exposure_pct": 0.0, "exposure_note": "ESTIMATE: spatial overlap with historical flood inundation polygons only. NOT actual people affected." }, "geometry": { "type": "Polygon", "coordinates": [ [ [ 91.895001740000055, 26.100132385000052 ], [ 91.896138748000055, 26.100941717000069 ], [ 91.897837439000057, 26.102150609000034 ], [ 91.899976622000054, 26.103661744000078 ], [ 91.901607140000067, 26.104844250000042 ], [ 91.902936836000038, 26.10563581100007 ], [ 91.905481457000064, 26.107127044000038 ], [ 91.907171179000045, 26.108004402000063 ], [ 91.908002366000062, 26.108351327000037 ], [ 91.91076817000004, 26.109054664000041 ], [ 91.915137124000069, 26.11013446000004 ], [ 91.915855308000062, 26.110261342000058 ], [ 91.91700521000007, 26.110366228000032 ], [ 91.917812069000036, 26.110331252000037 ], [ 91.919640207000043, 26.109839155000031 ], [ 91.921866722000061, 26.108984398000075 ], [ 91.923603988000082, 26.108376385000042 ], [ 91.924160339000082, 26.108220950000032 ], [ 91.925119607000056, 26.108035315000052 ], [ 91.925461259000031, 26.10802103900005 ], [ 91.925810335000051, 26.107929962000071 ], [ 91.926069122000058, 26.107268273000045 ], [ 91.92772700900008, 26.104042285000048 ], [ 91.929210081000065, 26.101432976000069 ], [ 91.929476396000041, 26.100899096000035 ], [ 91.929744505000031, 26.100180600000044 ], [ 91.930417962000035, 26.098178666000024 ], [ 91.930611622000072, 26.097453317000031 ], [ 91.930974908000053, 26.09477042900005 ], [ 91.931154584000069, 26.093578327000046 ], [ 91.931193388000054, 26.091538082000056 ], [ 91.931108944000073, 26.089683370000046 ], [ 91.930813846000035, 26.089668916000051 ], [ 91.927865861000043, 26.089397313000063 ], [ 91.926151233000041, 26.089158832000066 ], [ 91.925109878000058, 26.088938303000077 ], [ 91.923352967000085, 26.088546381000072 ], [ 91.923010624000085, 26.088473886000031 ], [ 91.921369673000072, 26.08838058200007 ], [ 91.919894408000062, 26.088286005000043 ], [ 91.917792560000066, 26.088001576000067 ], [ 91.916164132000063, 26.087835224000059 ], [ 91.915871994000042, 26.087804564000066 ], [ 91.915136836000045, 26.087482990000069 ], [ 91.914491363000081, 26.087105390000033 ], [ 91.914415785000074, 26.086987591000025 ], [ 91.914340938000066, 26.086795456000061 ], [ 91.914356503000079, 26.086584406000043 ], [ 91.914837261000059, 26.085561762000054 ], [ 91.91551264900005, 26.084393995000028 ], [ 91.91081186100007, 26.083068031000039 ], [ 91.904864879000058, 26.081447015000037 ], [ 91.901952178000045, 26.080453254000076 ], [ 91.901664799000059, 26.080934035000041 ], [ 91.90137493800006, 26.081649523000067 ], [ 91.90085595100004, 26.082569644000046 ], [ 91.900500907000037, 26.083151373000078 ], [ 91.900308634000055, 26.083613231000072 ], [ 91.900078830000041, 26.084900730000072 ], [ 91.899838689000035, 26.086622908000038 ], [ 91.899482427000066, 26.088187280000056 ], [ 91.898843513000031, 26.090485916000034 ], [ 91.898505555000042, 26.091843332000053 ], [ 91.898406083000054, 26.092317752000042 ], [ 91.898319916000048, 26.092513097000051 ], [ 91.89811919400006, 26.092740217000028 ], [ 91.897812438000074, 26.092978629000072 ], [ 91.897181367000087, 26.094227042000057 ], [ 91.896798978000049, 26.095428835000064 ], [ 91.896289998000043, 26.096935943000062 ], [ 91.896138954000037, 26.098024722000048 ], [ 91.895963506000044, 26.098545890000025 ], [ 91.895646993000071, 26.099189663000061 ], [ 91.895424947000038, 26.09964737100006 ], [ 91.895001740000055, 26.100132385000052 ] ] ] } },
{ "type": "Feature", "properties": { "District": "322", "Subdistt": "02130", "Town/Village": "303472", "Name": "Maragdola N.C.", "TRU": "Rural", "No_HH": 58, "TOT_P": 297, "TOT_M": 142, "TOT_F": 155, "P_06": 35, "P_SC": 0, "P_ST": 5, "pc11_s_id": "18", "pc11_d_id": "322", "pc11_sd_id": "02130", "pc11_tv_id": "303472", "tv_name": "Maragdola N.C.", "mdds_og": 0, "total_area_sqm": 2868137.6571766678, "total_area_ha": 286.8137657176668, "flood_area_1998": 0.0, "flood_pct_1998": 0.0, "exposed_pop_1998": 0, "flood_area_1999": 0.0, "flood_pct_1999": 0.0, "exposed_pop_1999": 0, "flood_area_2004": 0.0, "flood_pct_2004": 0.0, "exposed_pop_2004": 0, "flood_area_2012": 0.0, "flood_pct_2012": 0.0, "exposed_pop_2012": 0, "flood_area_2013": 0.0, "flood_pct_2013": 0.0, "exposed_pop_2013": 0, "flood_years_exposed": 0, "flood_frequency": 0.0, "max_flood_exposure_pct": 0.0, "exposure_note": "ESTIMATE: spatial overlap with historical flood inundation polygons only. NOT actual people affected." }, "geometry": { "type": "Polygon", "coordinates": [ [ [ 91.900527885000031, 26.069247269000073 ], [ 91.898908517000052, 26.067777652000075 ], [ 91.898415639000063, 26.067334607000078 ], [ 91.897147528000062, 26.06650054000005 ], [ 91.894836462000058, 26.064802222000026 ], [ 91.893007041000033, 26.063444324000045 ], [ 91.892185734000066, 26.062728806000052 ], [ 91.892002688000048, 26.062612806000061 ], [ 91.891892498000061, 26.062612037000065 ], [ 91.891842600000075, 26.062611694000054 ], [ 91.891782633000048, 26.062652506000063 ], [ 91.891685345000042, 26.062807629000076 ], [ 91.892527935000032, 26.06386500900004 ], [ 91.89279657600008, 26.064201515000036 ], [ 91.892939323000064, 26.064545851000048 ], [ 91.892933976000052, 26.064860273000079 ], [ 91.892919056000039, 26.065127246000031 ], [ 91.892668164000042, 26.065954742000031 ], [ 91.892034934000037, 26.067601961000037 ], [ 91.891907439000079, 26.067771745000073 ], [ 91.891726141000049, 26.067927559000054 ], [ 91.891476717000046, 26.06805520100005 ], [ 91.890980673000058, 26.068074086000024 ], [ 91.889549077000083, 26.068091132000063 ], [ 91.888944151000032, 26.068082587000049 ], [ 91.888497161000032, 26.068012061000047 ], [ 91.888971980000065, 26.068875780000042 ], [ 91.889103520000049, 26.069231892000062 ], [ 91.889394105000065, 26.070901714000058 ], [ 91.88998177600007, 26.075640220000025 ], [ 91.890356824000037, 26.078541596000036 ], [ 91.890848443000039, 26.081834161000074 ], [ 91.891331436000087, 26.083611490000067 ], [ 91.892627101000073, 26.086898381000026 ], [ 91.893453344000079, 26.088872885000058 ], [ 91.894656369000074, 26.090949033000072 ], [ 91.894960385000047, 26.091408392000062 ], [ 91.895524555000065, 26.092005236000034 ], [ 91.896229380000079, 26.092437812000071 ], [ 91.896720119000065, 26.092678472000046 ], [ 91.897812438000074, 26.092978629000072 ], [ 91.89811919400006, 26.092740217000028 ], [ 91.898319916000048, 26.092513097000051 ], [ 91.898406083000054, 26.092317752000042 ], [ 91.898505555000042, 26.091843332000053 ], [ 91.898843513000031, 26.090485916000034 ], [ 91.899482427000066, 26.088187280000056 ], [ 91.899838689000035, 26.086622908000038 ], [ 91.900078830000041, 26.084900730000072 ], [ 91.900308634000055, 26.083613231000072 ], [ 91.900500907000037, 26.083151373000078 ], [ 91.90085595100004, 26.082569644000046 ], [ 91.90137493800006, 26.081649523000067 ], [ 91.901664799000059, 26.080934035000041 ], [ 91.901952178000045, 26.080453254000076 ], [ 91.901542883000047, 26.079408865000062 ], [ 91.901481466000064, 26.079085698000029 ], [ 91.901636944000074, 26.078489049000041 ], [ 91.902062768000064, 26.076792561000047 ], [ 91.90238005100008, 26.075945700000034 ], [ 91.902587725000046, 26.075539657000036 ], [ 91.902857401000063, 26.07501951100005 ], [ 91.903618364000067, 26.074136922000037 ], [ 91.904042815000082, 26.073800528000049 ], [ 91.904314929000066, 26.073584733000075 ], [ 91.904436271000066, 26.073392635000062 ], [ 91.90446330900005, 26.073196001000042 ], [ 91.904467252000074, 26.072952856000029 ], [ 91.904458189000081, 26.072744673000045 ], [ 91.903237001000036, 26.071812581000074 ], [ 91.900527885000031, 26.069247269000073 ] ] ] } },
{ "type": "Feature", "properties": { "District": "322", "Subdistt": "02130", "Town/Village": "303473", "Name": "Sarutari N.C.", "TRU": "Rural", "No_HH": 35, "TOT_P": 152, "TOT_M": 75, "TOT_F": 77, "P_06": 22, "P_SC": 3, "P_ST": 46, "pc11_s_id": "18", "pc11_d_id": "322", "pc11_sd_id": "02130", "pc11_tv_id": "303473", "tv_name": "Sarutari N.C.", "mdds_og": 0, "total_area_sqm": 2600598.6760019716, "total_area_ha": 260.05986760019715, "flood_area_1998": 0.0, "flood_pct_1998": 0.0, "exposed_pop_1998": 0, "flood_area_1999": 0.0, "flood_pct_1999": 0.0, "exposed_pop_1999": 0, "flood_area_2004": 92064.076177124443, "flood_pct_2004": 3.5401108608829674, "exposed_pop_2004": 5, "flood_area_2012": 0.0, "flood_pct_2012": 0.0, "exposed_pop_2012": 0, "flood_area_2013": 0.0, "flood_pct_2013": 0.0, "exposed_pop_2013": 0, "flood_years_exposed": 1, "flood_frequency": 0.2, "max_flood_exposure_pct": 3.5401108608829674, "exposure_note": "ESTIMATE: spatial overlap with historical flood inundation polygons only. NOT actual people affected." }, "geometry": { "type": "Polygon", "coordinates": [ [ [ 91.897010180000052, 26.057727729000078 ], [ 91.897148353000034, 26.057169199000043 ], [ 91.897706937000066, 26.05596984500005 ], [ 91.898237382000048, 26.054952812000067 ], [ 91.898426361000077, 26.054793595000035 ], [ 91.898869719000061, 26.05469196100006 ], [ 91.899543613000048, 26.054695543000037 ], [ 91.900518643000055, 26.05469051700004 ], [ 91.901313659000039, 26.054644051000025 ], [ 91.901211129000046, 26.054524786000059 ], [ 91.90018150800006, 26.05328822000007 ], [ 91.899819502000071, 26.052636422000035 ], [ 91.899557141000059, 26.051729278000039 ], [ 91.899374167000076, 26.050294944000029 ], [ 91.899975730000051, 26.044001153000067 ], [ 91.900059617000068, 26.043262482000046 ], [ 91.900272083000061, 26.042724003000046 ], [ 91.901345324000033, 26.041001020000067 ], [ 91.901517522000063, 26.040780731000041 ], [ 91.899936557000046, 26.041175317000068 ], [ 91.896721749000051, 26.041955936000079 ], [ 91.893803835000085, 26.042817893000063 ], [ 91.891070109000054, 26.043905079000069 ], [ 91.889348743000085, 26.044834168000023 ], [ 91.887886279000043, 26.045668875000047 ], [ 91.886573901000077, 26.046589801000039 ], [ 91.884774979000042, 26.047977711000044 ], [ 91.883910031000084, 26.048586377000049 ], [ 91.88241572000004, 26.049438980000048 ], [ 91.881999293000035, 26.049690631000033 ], [ 91.881751163000047, 26.049936768000066 ], [ 91.881063247000043, 26.050844980000079 ], [ 91.880892915000061, 26.051013663000049 ], [ 91.880751049000082, 26.051282583000045 ], [ 91.880731596000032, 26.051488188000064 ], [ 91.88072676400003, 26.051752266000051 ], [ 91.880974382000034, 26.052212129000054 ], [ 91.881064364000054, 26.052608552000038 ], [ 91.881842168000048, 26.053028728000072 ], [ 91.883200375000058, 26.053481142000066 ], [ 91.884496874000035, 26.054009394000047 ], [ 91.88489067200004, 26.054202501000077 ], [ 91.885432918000049, 26.054483704000063 ], [ 91.885790653000072, 26.054702065000072 ], [ 91.886168818000044, 26.055054430000041 ], [ 91.887222215000065, 26.056258091000075 ], [ 91.888253837000036, 26.057844825000075 ], [ 91.889512266000054, 26.059130442000026 ], [ 91.89054466500005, 26.060054786000023 ], [ 91.890890788000036, 26.060246324000047 ], [ 91.892032844000084, 26.060767118000058 ], [ 91.892611861000034, 26.060950237000043 ], [ 91.893272023000065, 26.061065992000067 ], [ 91.893910977000075, 26.061082362000036 ], [ 91.894672195000055, 26.060997062000069 ], [ 91.895536269000047, 26.06078954700007 ], [ 91.895863851000058, 26.060656555000037 ], [ 91.896252654000079, 26.060353487000043 ], [ 91.896384314000045, 26.060138269000049 ], [ 91.896738438000057, 26.059228956000027 ], [ 91.896872084000051, 26.058285671000078 ], [ 91.897010180000052, 26.057727729000078 ] ] ] } },
{ "type": "Feature", "properties": { "District": "322", "Subdistt": "02130", "Town/Village": "303474", "Name": "Ambher N.C.", "TRU": "Rural", "No_HH": 51, "TOT_P": 277, "TOT_M": 147, "TOT_F": 130, "P_06": 56, "P_SC": 0, "P_ST": 214, "pc11_s_id": "18", "pc11_d_id": "322", "pc11_sd_id": "02130", "pc11_tv_id": "303474", "tv_name": "Ambher N.C.", "mdds_og": 0, "total_area_sqm": 2077412.7513601962, "total_area_ha": 207.74127513601962, "flood_area_1998": 0.0, "flood_pct_1998": 0.0, "exposed_pop_1998": 0, "flood_area_1999": 0.0, "flood_pct_1999": 0.0, "exposed_pop_1999": 0, "flood_area_2004": 0.0, "flood_pct_2004": 0.0, "exposed_pop_2004": 0, "flood_area_2012": 0.0, "flood_pct_2012": 0.0, "exposed_pop_2012": 0, "flood_area_2013": 0.0, "flood_pct_2013": 0.0, "exposed_pop_2013": 0, "flood_years_exposed": 0, "flood_frequency": 0.0, "max_flood_exposure_pct": 0.0, "exposure_note": "ESTIMATE: spatial overlap with historical flood inundation polygons only. NOT actual people affected." }, "geometry": { "type": "Polygon", "coordinates": [ [ [ 91.897812438000074, 26.092978629000072 ], [ 91.896720119000065, 26.092678472000046 ], [ 91.896229380000079, 26.092437812000071 ], [ 91.895524555000065, 26.092005236000034 ], [ 91.894960385000047, 26.091408392000062 ], [ 91.894656369000074, 26.090949033000072 ], [ 91.893453344000079, 26.088872885000058 ], [ 91.892627101000073, 26.086898381000026 ], [ 91.891331436000087, 26.083611490000067 ], [ 91.890848443000039, 26.081834161000074 ], [ 91.890356824000037, 26.078541596000036 ], [ 91.88998177600007, 26.075640220000025 ], [ 91.889394105000065, 26.070901714000058 ], [ 91.889103520000049, 26.069231892000062 ], [ 91.888971980000065, 26.068875780000042 ], [ 91.888497161000032, 26.068012061000047 ], [ 91.886962977000053, 26.067769666000061 ], [ 91.883546725000031, 26.06693298700003 ], [ 91.882199980000053, 26.066641136000044 ], [ 91.881791331000045, 26.066605319000075 ], [ 91.881853130000081, 26.066786413000045 ], [ 91.881815154000037, 26.067436916000077 ], [ 91.881898185000068, 26.068005677000031 ], [ 91.882119638000063, 26.068576544000052 ], [ 91.883368442000062, 26.071135019000053 ], [ 91.883921082000086, 26.072509254000067 ], [ 91.884794434000071, 26.075048182000046 ], [ 91.885047808000081, 26.07597628700006 ], [ 91.88561737200007, 26.078062593000027 ], [ 91.885997797000073, 26.08022902600004 ], [ 91.885991412000067, 26.080680778000044 ], [ 91.885993266000071, 26.081582995000076 ], [ 91.885547751000047, 26.084066836000034 ], [ 91.885393226000076, 26.084589012000038 ], [ 91.885287765000044, 26.084787786000049 ], [ 91.88504985600008, 26.085033559000067 ], [ 91.88447263900008, 26.085506144000078 ], [ 91.885810778000064, 26.086406340000053 ], [ 91.887231486000076, 26.08755437800005 ], [ 91.888114292000068, 26.088336199000025 ], [ 91.888531266000086, 26.089012898000078 ], [ 91.888832582000077, 26.08964301900005 ], [ 91.888887589000035, 26.089946332000068 ], [ 91.888884219000033, 26.090285614000038 ], [ 91.888787833000038, 26.091178053000078 ], [ 91.888755342000081, 26.091598049000027 ], [ 91.888680439000041, 26.091865075000044 ], [ 91.888428154000053, 26.092079585000079 ], [ 91.886347046000083, 26.093215409000038 ], [ 91.887325790000034, 26.09355693200007 ], [ 91.888168675000031, 26.093941058000041 ], [ 91.888887923000084, 26.094307024000045 ], [ 91.889403853000033, 26.094637667000029 ], [ 91.88984130700004, 26.094919517000051 ], [ 91.890353899000047, 26.095562981000057 ], [ 91.891288305000046, 26.097070030000054 ], [ 91.89210614700005, 26.098578911000061 ], [ 91.892376366000065, 26.098650232000068 ], [ 91.892645365000078, 26.098735404000024 ], [ 91.893171634000055, 26.099007635000078 ], [ 91.894407034000039, 26.09970226400003 ], [ 91.895001740000055, 26.100132385000052 ], [ 91.895424947000038, 26.09964737100006 ], [ 91.895646993000071, 26.099189663000061 ], [ 91.895963506000044, 26.098545890000025 ], [ 91.896138954000037, 26.098024722000048 ], [ 91.896289998000043, 26.096935943000062 ], [ 91.896798978000049, 26.095428835000064 ], [ 91.897181367000087, 26.094227042000057 ], [ 91.897812438000074, 26.092978629000072 ] ] ] } },
{ "type": "Feature", "properties": { "District": "322", "Subdistt": "02130", "Town/Village": "303475", "Name": "Barkuchi", "TRU": "Rural", "No_HH": 188, "TOT_P": 1024, "TOT_M": 524, "TOT_F": 500, "P_06": 108, "P_SC": 58, "P_ST": 146, "pc11_s_id": "18", "pc11_d_id": "322", "pc11_sd_id": "02130", "pc11_tv_id": "303475", "tv_name": "Barkuchi", "mdds_og": 0, "total_area_sqm": 2321974.2136950963, "total_area_ha": 232.19742136950964, "flood_area_1998": 242465.41878531981, "flood_pct_1998": 10.442209795235843, "exposed_pop_1998": 107, "flood_area_1999": 0.0, "flood_pct_1999": 0.0, "exposed_pop_1999": 0, "flood_area_2004": 386693.96873380954, "flood_pct_2004": 16.653671968149911, "exposed_pop_2004": 171, "flood_area_2012": 0.0, "flood_pct_2012": 0.0, "exposed_pop_2012": 0, "flood_area_2013": 0.0, "flood_pct_2013": 0.0, "exposed_pop_2013": 0, "flood_years_exposed": 2, "flood_frequency": 0.4, "max_flood_exposure_pct": 16.653671968149911, "exposure_note": "ESTIMATE: spatial overlap with historical flood inundation polygons only. NOT actual people affected." }, "geometry": { "type": "Polygon", "coordinates": [ [ [ 91.994761802000085, 26.102376731000049 ], [ 91.99684796400004, 26.10235298300006 ], [ 91.999779814000078, 26.102512023000031 ], [ 92.001275015000033, 26.102746452000076 ], [ 92.002340076000053, 26.103043910000054 ], [ 92.004099560000043, 26.103557149000039 ], [ 92.006666374000076, 26.104188375000035 ], [ 92.007285141000068, 26.104154578000077 ], [ 92.008377487000075, 26.104054654000038 ], [ 92.008762875000059, 26.103984208000043 ], [ 92.008577758000058, 26.103695049000066 ], [ 92.007921578000037, 26.102215439000076 ], [ 92.007558025000037, 26.101362218000077 ], [ 92.006809341000064, 26.100296127000036 ], [ 92.006018124000036, 26.099356743000044 ], [ 92.005511785000067, 26.098676935000071 ], [ 92.004751762000069, 26.098155227000063 ], [ 92.003412852000054, 26.097223427000074 ], [ 92.002204993000078, 26.096217723000052 ], [ 92.001090213000055, 26.095281326000077 ], [ 91.998600736000071, 26.093649338000034 ], [ 91.997791088000042, 26.093071012000053 ], [ 91.997378824000066, 26.092891937000047 ], [ 91.996337048000044, 26.092434153000056 ], [ 91.995158150000066, 26.091823560000023 ], [ 91.995070437000038, 26.091777816000047 ], [ 91.99491606600003, 26.091706341000076 ], [ 91.994072794000033, 26.092381295000052 ], [ 91.992218222000076, 26.09379431900004 ], [ 91.990824842000052, 26.095032769000056 ], [ 91.989383734000057, 26.096485829000073 ], [ 91.989241689000039, 26.096680099000025 ], [ 91.98891971200004, 26.097009466000031 ], [ 91.988639490000082, 26.09721971700003 ], [ 91.988221143000032, 26.097448076000035 ], [ 91.987614778000079, 26.097741746000054 ], [ 91.986993910000081, 26.098057204000042 ], [ 91.986614256000053, 26.098244124000075 ], [ 91.986226632000069, 26.09837400300006 ], [ 91.985770528000046, 26.098482060000038 ], [ 91.984389132000047, 26.098555898000029 ], [ 91.983008765000079, 26.098795882000047 ], [ 91.981151190000048, 26.098932277000074 ], [ 91.979677095000056, 26.098980116000064 ], [ 91.979377743000043, 26.098995845000047 ], [ 91.979275609000069, 26.099028384000064 ], [ 91.979115101000048, 26.09914926600004 ], [ 91.97908846100006, 26.099136545000079 ], [ 91.978853206000053, 26.099327090000031 ], [ 91.978339055000049, 26.099712963000059 ], [ 91.979177634000052, 26.10092549500007 ], [ 91.979906988000039, 26.102612758000078 ], [ 91.980461079000065, 26.103005610000025 ], [ 91.981129369000087, 26.103521980000039 ], [ 91.981649296000057, 26.10381458300003 ], [ 91.982079948000035, 26.103949438000029 ], [ 91.983014718000049, 26.104243441000051 ], [ 91.984838111000045, 26.104550895000045 ], [ 91.986158983000053, 26.104970939000054 ], [ 91.987049206000052, 26.10528520400004 ], [ 91.98751222900006, 26.10545563900007 ], [ 91.987881093000055, 26.105519756000035 ], [ 91.988563861000046, 26.10553942100006 ], [ 91.989347300000077, 26.105557139000041 ], [ 91.98957861100007, 26.10563490800007 ], [ 91.989663191000034, 26.105673720000027 ], [ 91.98980206400006, 26.105736380000053 ], [ 91.990193759000078, 26.105406635000065 ], [ 91.991841887000078, 26.103917551000052 ], [ 91.993335578000085, 26.102869203000068 ], [ 91.993987372000049, 26.102461198000071 ], [ 91.994271375000039, 26.102392740000028 ], [ 91.994761802000085, 26.102376731000049 ] ] ] } },
{ "type": "Feature", "properties": { "District": "322", "Subdistt": "02130", "Town/Village": "303476", "Name": "Bhakuagog", "TRU": "Rural", "No_HH": 78, "TOT_P": 388, "TOT_M": 190, "TOT_F": 198, "P_06": 34, "P_SC": 0, "P_ST": 0, "pc11_s_id": "18", "pc11_d_id": "322", "pc11_sd_id": "02130", "pc11_tv_id": "303476", "tv_name": "Bhakuagog", "mdds_og": 0, "total_area_sqm": 1324732.3945489302, "total_area_ha": 132.47323945489302, "flood_area_1998": 0.0, "flood_pct_1998": 0.0, "exposed_pop_1998": 0, "flood_area_1999": 73523.047587246852, "flood_pct_1999": 5.5500301713601079, "exposed_pop_1999": 22, "flood_area_2004": 160148.36211027525, "flood_pct_2004": 12.089110432360611, "exposed_pop_2004": 47, "flood_area_2012": 0.0, "flood_pct_2012": 0.0, "exposed_pop_2012": 0, "flood_area_2013": 0.0, "flood_pct_2013": 0.0, "exposed_pop_2013": 0, "flood_years_exposed": 2, "flood_frequency": 0.4, "max_flood_exposure_pct": 12.089110432360611, "exposure_note": "ESTIMATE: spatial overlap with historical flood inundation polygons only. NOT actual people affected." }, "geometry": { "type": "Polygon", "coordinates": [ [ [ 91.978853206000053, 26.099327090000031 ], [ 91.97908846100006, 26.099136545000079 ], [ 91.979115101000048, 26.09914926600004 ], [ 91.979275609000069, 26.099028384000064 ], [ 91.979377743000043, 26.098995845000047 ], [ 91.979677095000056, 26.098980116000064 ], [ 91.981151190000048, 26.098932277000074 ], [ 91.983008765000079, 26.098795882000047 ], [ 91.984389132000047, 26.098555898000029 ], [ 91.985770528000046, 26.098482060000038 ], [ 91.986226632000069, 26.09837400300006 ], [ 91.986614256000053, 26.098244124000075 ], [ 91.986993910000081, 26.098057204000042 ], [ 91.987614778000079, 26.097741746000054 ], [ 91.988221143000032, 26.097448076000035 ], [ 91.988639490000082, 26.09721971700003 ], [ 91.98891971200004, 26.097009466000031 ], [ 91.989241689000039, 26.096680099000025 ], [ 91.989383734000057, 26.096485829000073 ], [ 91.990824842000052, 26.095032769000056 ], [ 91.992218222000076, 26.09379431900004 ], [ 91.994072794000033, 26.092381295000052 ], [ 91.99491606600003, 26.091706341000076 ], [ 91.994534234000071, 26.091531327000041 ], [ 91.993269153000085, 26.090800088000037 ], [ 91.990612571000042, 26.089012568000044 ], [ 91.988549703000047, 26.088046662000067 ], [ 91.988157662000049, 26.087733971000034 ], [ 91.988033269000084, 26.087666058000025 ], [ 91.987616481000032, 26.087635287000069 ], [ 91.987030208000078, 26.087713154000028 ], [ 91.986133130000042, 26.088155140000026 ], [ 91.984050431000071, 26.088765988000034 ], [ 91.982774074000076, 26.089128363000043 ], [ 91.982592225000076, 26.089202107000062 ], [ 91.982408665000037, 26.08935595500003 ], [ 91.982087682000042, 26.089648476000036 ], [ 91.981463978000079, 26.090396161000058 ], [ 91.981371899000067, 26.090506555000047 ], [ 91.980289351000067, 26.09208056500006 ], [ 91.979283948000045, 26.093787563000035 ], [ 91.978762329000062, 26.094926034000025 ], [ 91.97817359000004, 26.096709702000055 ], [ 91.978087867000056, 26.097141709000027 ], [ 91.97802245400004, 26.097298250000051 ], [ 91.977932840000051, 26.097507832000076 ], [ 91.977613786000063, 26.098147582000024 ], [ 91.977307007000036, 26.09874555600004 ], [ 91.977542931000073, 26.098848873000065 ], [ 91.977856319000068, 26.099177678000046 ], [ 91.978339055000049, 26.099712963000059 ], [ 91.978853206000053, 26.099327090000031 ] ] ] } },
{ "type": "Feature", "properties": { "District": "322", "Subdistt": "02130", "Town/Village": "303477", "Name": "Luri Gaon", "TRU": "Rural", "No_HH": 175, "TOT_P": 835, "TOT_M": 401, "TOT_F": 434, "P_06": 68, "P_SC": 5, "P_ST": 770, "pc11_s_id": "18", "pc11_d_id": "322", "pc11_sd_id": "02130", "pc11_tv_id": "303477", "tv_name": "Luri Gaon", "mdds_og": 0, "total_area_sqm": 2557062.0058113793, "total_area_ha": 255.70620058113792, "flood_area_1998": 128551.95171765357, "flood_pct_1998": 5.0273302495401495, "exposed_pop_1998": 42, "flood_area_1999": 126226.06568009827, "flood_pct_1999": 4.9363709363803858, "exposed_pop_1999": 41, "flood_area_2004": 821014.12533372303, "flood_pct_2004": 32.107712815247424, "exposed_pop_2004": 268, "flood_area_2012": 60482.160768882801, "flood_pct_2012": 2.3652989497879329, "exposed_pop_2012": 20, "flood_area_2013": 0.0, "flood_pct_2013": 0.0, "exposed_pop_2013": 0, "flood_years_exposed": 4, "flood_frequency": 0.8, "max_flood_exposure_pct": 32.107712815247424, "exposure_note": "ESTIMATE: spatial overlap with historical flood inundation polygons only. NOT actual people affected." }, "geometry": { "type": "Polygon", "coordinates": [ [ [ 91.980289351000067, 26.09208056500006 ], [ 91.981371899000067, 26.090506555000047 ], [ 91.981463978000079, 26.090396161000058 ], [ 91.981108458000051, 26.090441079000072 ], [ 91.980887342000074, 26.090462541000079 ], [ 91.979112303000079, 26.091210087000036 ], [ 91.977881164000053, 26.091740112000025 ], [ 91.977482187000078, 26.091787921000048 ], [ 91.976548148000063, 26.091763042000025 ], [ 91.975764981000054, 26.091646465000053 ], [ 91.975418661000049, 26.091479969000034 ], [ 91.975254783000082, 26.091272189000051 ], [ 91.973782645000085, 26.089425788000028 ], [ 91.972495739000067, 26.087451244000079 ], [ 91.971819408000044, 26.086463671000047 ], [ 91.971503570000039, 26.085804651000046 ], [ 91.971438631000069, 26.085520851000069 ], [ 91.971373775000075, 26.085200907000058 ], [ 91.971374249000064, 26.084908158000076 ], [ 91.971374704000084, 26.084616464000078 ], [ 91.971473261000085, 26.084175519000041 ], [ 91.971649049000064, 26.083733151000047 ], [ 91.971888538000087, 26.083356529000071 ], [ 91.972072730000036, 26.083012255000028 ], [ 91.972105259000045, 26.082966261000024 ], [ 91.972366247000082, 26.082601232000059 ], [ 91.972821195000051, 26.082217964000051 ], [ 91.973479027000053, 26.081909772000074 ], [ 91.973759323000081, 26.081787951000024 ], [ 91.974182020000057, 26.081559095000046 ], [ 91.973743521000074, 26.081031431000042 ], [ 91.973563954000042, 26.08074438500006 ], [ 91.973546749000036, 26.080615011000077 ], [ 91.97352955000008, 26.080485645000067 ], [ 91.973574627000062, 26.079847963000077 ], [ 91.973529212000074, 26.079503114000033 ], [ 91.97345062800008, 26.079341358000079 ], [ 91.973349882000036, 26.079216461000044 ], [ 91.973271288000035, 26.079152701000055 ], [ 91.972371192000082, 26.078833178000025 ], [ 91.968394511000042, 26.077256526000042 ], [ 91.965667661000055, 26.07612432600007 ], [ 91.963142273000074, 26.074851555000066 ], [ 91.962329323000063, 26.074435398000048 ], [ 91.961997198000063, 26.074322102000053 ], [ 91.961145251000062, 26.07419414900005 ], [ 91.960638433000042, 26.074216780000029 ], [ 91.960452990000078, 26.074291516000073 ], [ 91.960198499000057, 26.074458764000042 ], [ 91.95951221100006, 26.075168800000029 ], [ 91.958998742000063, 26.07581444300007 ], [ 91.958597356000041, 26.076290667000023 ], [ 91.958704029000046, 26.07645913600004 ], [ 91.959096167000041, 26.077086098000052 ], [ 91.959274609000033, 26.077511869000034 ], [ 91.95940039900006, 26.078245051000067 ], [ 91.960044768000046, 26.080333888000041 ], [ 91.960710282000036, 26.082017751000024 ], [ 91.961036355000033, 26.082608218000075 ], [ 91.961855803000049, 26.083834738000064 ], [ 91.96336150500008, 26.086620254000024 ], [ 91.963950883000052, 26.087680113000033 ], [ 91.96427660900008, 26.088394304000076 ], [ 91.96451718600008, 26.089609720000055 ], [ 91.964710959000058, 26.09052495800006 ], [ 91.965101228000037, 26.091676335000045 ], [ 91.965120635000062, 26.091732801000035 ], [ 91.965432768000085, 26.092535432000034 ], [ 91.965547851000053, 26.092941529000029 ], [ 91.965555435000056, 26.093528743000036 ], [ 91.968645648000063, 26.094437945000038 ], [ 91.970774407000079, 26.095221976000062 ], [ 91.971191992000058, 26.095457510000074 ], [ 91.97215820100007, 26.095979384000032 ], [ 91.974654035000071, 26.097440851000044 ], [ 91.976181633000067, 26.098298611000075 ], [ 91.977307007000036, 26.09874555600004 ], [ 91.977613786000063, 26.098147582000024 ], [ 91.977932840000051, 26.097507832000076 ], [ 91.97802245400004, 26.097298250000051 ], [ 91.978087867000056, 26.097141709000027 ], [ 91.97817359000004, 26.096709702000055 ], [ 91.978762329000062, 26.094926034000025 ], [ 91.979283948000045, 26.093787563000035 ], [ 91.980289351000067, 26.09208056500006 ] ] ] } },
{ "type": "Feature", "properties": { "District": "322", "Subdistt": "02130", "Town/Village": "303478", "Name": "Nartap", "TRU": "Rural", "No_HH": 180, "TOT_P": 887, "TOT_M": 461, "TOT_F": 426, "P_06": 120, "P_SC": 0, "P_ST": 25, "pc11_s_id": "18", "pc11_d_id": "322", "pc11_sd_id": "02130", "pc11_tv_id": "303478", "tv_name": "Nartap", "mdds_og": 0, "total_area_sqm": 2483323.36903797, "total_area_ha": 248.332336903797, "flood_area_1998": 95867.131147794513, "flood_pct_1998": 3.8604368783809693, "exposed_pop_1998": 34, "flood_area_1999": 214187.45773126744, "flood_pct_1999": 8.6250329055713291, "exposed_pop_1999": 77, "flood_area_2004": 167217.48567338946, "flood_pct_2004": 6.7336170455388134, "exposed_pop_2004": 60, "flood_area_2012": 0.0, "flood_pct_2012": 0.0, "exposed_pop_2012": 0, "flood_area_2013": 0.0, "flood_pct_2013": 0.0, "exposed_pop_2013": 0, "flood_years_exposed": 3, "flood_frequency": 0.6, "max_flood_exposure_pct": 8.6250329055713291, "exposure_note": "ESTIMATE: spatial overlap with historical flood inundation polygons only. NOT actual people affected." }, "geometry": { "type": "Polygon", "coordinates": [ [ [ 91.965555435000056, 26.093528743000036 ], [ 91.965547851000053, 26.092941529000029 ], [ 91.965432768000085, 26.092535432000034 ], [ 91.965120635000062, 26.091732801000035 ], [ 91.965101228000037, 26.091676335000045 ], [ 91.964710959000058, 26.09052495800006 ], [ 91.96451718600008, 26.089609720000055 ], [ 91.96427660900008, 26.088394304000076 ], [ 91.963950883000052, 26.087680113000033 ], [ 91.96336150500008, 26.086620254000024 ], [ 91.961855803000049, 26.083834738000064 ], [ 91.961036355000033, 26.082608218000075 ], [ 91.960710282000036, 26.082017751000024 ], [ 91.960044768000046, 26.080333888000041 ], [ 91.95940039900006, 26.078245051000067 ], [ 91.959274609000033, 26.077511869000034 ], [ 91.959096167000041, 26.077086098000052 ], [ 91.958704029000046, 26.07645913600004 ], [ 91.958597356000041, 26.076290667000023 ], [ 91.957218223000041, 26.074130091000029 ], [ 91.956906380000078, 26.073854406000066 ], [ 91.956135750000044, 26.073345356000061 ], [ 91.956013746000053, 26.073457391000034 ], [ 91.954624290000083, 26.07418558300003 ], [ 91.953498857000056, 26.074626072000058 ], [ 91.95225733500007, 26.074809592000065 ], [ 91.951246559000083, 26.074855123000077 ], [ 91.950897617000066, 26.074836480000045 ], [ 91.950477428000056, 26.074814039000046 ], [ 91.950237919000074, 26.074714719000042 ], [ 91.948491041000068, 26.073701193000034 ], [ 91.947916619000068, 26.073210507000056 ], [ 91.948073600000043, 26.075858001000029 ], [ 91.948082227000043, 26.076078948000031 ], [ 91.948127918000068, 26.076228421000053 ], [ 91.94822006000004, 26.076466710000034 ], [ 91.948961097000051, 26.077231037000047 ], [ 91.949278628000059, 26.077555671000027 ], [ 91.949595164000073, 26.077965653000035 ], [ 91.949931106000065, 26.078745597000022 ], [ 91.950655567000069, 26.080171727000049 ], [ 91.950664213000039, 26.080404446000045 ], [ 91.950662193000085, 26.080576859000075 ], [ 91.950575370000081, 26.080926239000064 ], [ 91.950107457000058, 26.082196747000069 ], [ 91.949962403000086, 26.082395120000058 ], [ 91.949757308000073, 26.082603616000029 ], [ 91.94949302200007, 26.082745728000077 ], [ 91.948263937000036, 26.082976016000032 ], [ 91.947870290000083, 26.083037782000076 ], [ 91.947477419000052, 26.083025257000031 ], [ 91.945353382000064, 26.082895890000032 ], [ 91.94460385900004, 26.082862749000071 ], [ 91.944516695000061, 26.083198419000041 ], [ 91.944514896000044, 26.083381533000079 ], [ 91.944512897000038, 26.083589010000026 ], [ 91.944731484000044, 26.084106853000037 ], [ 91.944793261000086, 26.084252701000025 ], [ 91.945036923000032, 26.085024802000078 ], [ 91.945187991000068, 26.085400167000046 ], [ 91.945222458000046, 26.085621866000054 ], [ 91.945142700000076, 26.085911562000035 ], [ 91.946777618000056, 26.086785447000068 ], [ 91.950938206000046, 26.088994910000054 ], [ 91.952470059000063, 26.089855722000038 ], [ 91.954399772000045, 26.090914988000065 ], [ 91.955099533000066, 26.09049488200003 ], [ 91.955231046000051, 26.090463768000063 ], [ 91.955452299000058, 26.090465468000048 ], [ 91.955779477000078, 26.090556391000064 ], [ 91.95690297200008, 26.090944725000043 ], [ 91.959262633000037, 26.092402471000071 ], [ 91.961119135000047, 26.093480388000046 ], [ 91.961343084000077, 26.093229309000037 ], [ 91.961540798000044, 26.093028784000069 ], [ 91.961881142000038, 26.093000869000036 ], [ 91.962248024000075, 26.093027969000048 ], [ 91.965555435000056, 26.093528743000036 ] ] ] } },
{ "type": "Feature", "properties": { "District": "322", "Subdistt": "02130", "Town/Village": "303479", "Name": "Lofar Gaon", "TRU": "Rural", "No_HH": 55, "TOT_P": 311, "TOT_M": 153, "TOT_F": 158, "P_06": 31, "P_SC": 0, "P_ST": 2, "pc11_s_id": "18", "pc11_d_id": "322", "pc11_sd_id": "02130", "pc11_tv_id": "303479", "tv_name": "Lofar Gaon", "mdds_og": 0, "total_area_sqm": 735416.99775123654, "total_area_ha": 73.541699775123661, "flood_area_1998": 0.0, "flood_pct_1998": 0.0, "exposed_pop_1998": 0, "flood_area_1999": 61885.371868858587, "flood_pct_1999": 8.4150042843845227, "exposed_pop_1999": 26, "flood_area_2004": 0.0, "flood_pct_2004": 0.0, "exposed_pop_2004": 0, "flood_area_2012": 0.0, "flood_pct_2012": 0.0, "exposed_pop_2012": 0, "flood_area_2013": 0.0, "flood_pct_2013": 0.0, "exposed_pop_2013": 0, "flood_years_exposed": 1, "flood_frequency": 0.2, "max_flood_exposure_pct": 8.4150042843845227, "exposure_note": "ESTIMATE: spatial overlap with historical flood inundation polygons only. NOT actual people affected." }, "geometry": { "type": "Polygon", "coordinates": [ [ [ 91.956135750000044, 26.073345356000061 ], [ 91.956256728000085, 26.073232154000038 ], [ 91.956465923000053, 26.072791914000049 ], [ 91.956554898000036, 26.072395934000042 ], [ 91.956556271000068, 26.072271100000023 ], [ 91.956534352000062, 26.07210632400006 ], [ 91.956392601000061, 26.071861256000034 ], [ 91.956158306000077, 26.071311235000053 ], [ 91.95553282000003, 26.070146947000069 ], [ 91.954362852000031, 26.068474709000043 ], [ 91.954056867000077, 26.068009626000048 ], [ 91.953714065000042, 26.067610801000058 ], [ 91.95349320300005, 26.067625367000062 ], [ 91.953191202000085, 26.067611450000072 ], [ 91.952798189000077, 26.067447166000079 ], [ 91.951271505000079, 26.066797369000028 ], [ 91.949448091000079, 26.065651274000061 ], [ 91.94719301300006, 26.063815337000051 ], [ 91.947002869000073, 26.063690544000053 ], [ 91.946917922000068, 26.066084673000034 ], [ 91.947040629000071, 26.069526769000049 ], [ 91.947229778000064, 26.070703783000056 ], [ 91.947337069000071, 26.071754807000048 ], [ 91.947365251000065, 26.07237701400004 ], [ 91.947410762000061, 26.072615014000064 ], [ 91.947468424000078, 26.072791782000024 ], [ 91.947622264000074, 26.072960701000056 ], [ 91.947916619000068, 26.073210507000056 ], [ 91.948491041000068, 26.073701193000034 ], [ 91.950237919000074, 26.074714719000042 ], [ 91.950477428000056, 26.074814039000046 ], [ 91.950897617000066, 26.074836480000045 ], [ 91.951246559000083, 26.074855123000077 ], [ 91.95225733500007, 26.074809592000065 ], [ 91.953498857000056, 26.074626072000058 ], [ 91.954624290000083, 26.07418558300003 ], [ 91.956013746000053, 26.073457391000034 ], [ 91.956135750000044, 26.073345356000061 ] ] ] } },
{ "type": "Feature", "properties": { "District": "322", "Subdistt": "02130", "Town/Village": "303480", "Name": "Dhemai Gaon", "TRU": "Rural", "No_HH": 47, "TOT_P": 244, "TOT_M": 126, "TOT_F": 118, "P_06": 27, "P_SC": 0, "P_ST": 29, "pc11_s_id": "18", "pc11_d_id": "322", "pc11_sd_id": "02130", "pc11_tv_id": "303480", "tv_name": "Dhemai Gaon", "mdds_og": 0, "total_area_sqm": 1873748.5897365767, "total_area_ha": 187.37485897365767, "flood_area_1998": 0.0, "flood_pct_1998": 0.0, "exposed_pop_1998": 0, "flood_area_1999": 0.0, "flood_pct_1999": 0.0, "exposed_pop_1999": 0, "flood_area_2004": 170135.6361822811, "flood_pct_2004": 9.0799607329497629, "exposed_pop_2004": 22, "flood_area_2012": 0.0, "flood_pct_2012": 0.0, "exposed_pop_2012": 0, "flood_area_2013": 0.0, "flood_pct_2013": 0.0, "exposed_pop_2013": 0, "flood_years_exposed": 1, "flood_frequency": 0.2, "max_flood_exposure_pct": 9.0799607329497629, "exposure_note": "ESTIMATE: spatial overlap with historical flood inundation polygons only. NOT actual people affected." }, "geometry": { "type": "Polygon", "coordinates": [ [ [ 91.924218508000081, 26.066337024000063 ], [ 91.923989564000067, 26.066227731000026 ], [ 91.923849346000054, 26.067781748000073 ], [ 91.923701487000073, 26.069055794000064 ], [ 91.923613482000064, 26.069768181000029 ], [ 91.923396498000045, 26.070653523000033 ], [ 91.922680841000044, 26.072376145000078 ], [ 91.922020502000066, 26.07401326300004 ], [ 91.921491482000079, 26.075136773000054 ], [ 91.920972963000054, 26.075784061000036 ], [ 91.920818867000037, 26.075903717000074 ], [ 91.921030870000038, 26.076260088000026 ], [ 91.921171075000075, 26.076504543000055 ], [ 91.921521170000062, 26.077111672000058 ], [ 91.921690158000047, 26.077508465000051 ], [ 91.921912998000039, 26.077770695000027 ], [ 91.922359386000039, 26.078181863000054 ], [ 91.923894360000077, 26.079232949000072 ], [ 91.924619420000056, 26.079599041000051 ], [ 91.92649743700008, 26.080268079000064 ], [ 91.927975704000062, 26.080882933000055 ], [ 91.928718545000038, 26.081454995000058 ], [ 91.932343574000072, 26.082163411000067 ], [ 91.935355024000046, 26.082914530000039 ], [ 91.936549271000047, 26.083336361000079 ], [ 91.936996484000076, 26.083534894000024 ], [ 91.937196895000056, 26.083355745000063 ], [ 91.937402138000039, 26.083213628000067 ], [ 91.937873943000056, 26.083009740000023 ], [ 91.937867088000075, 26.082665268000028 ], [ 91.937813014000085, 26.079683995000039 ], [ 91.93759388400008, 26.078524153000046 ], [ 91.937473541000031, 26.078020244000072 ], [ 91.937074233000033, 26.076820630000043 ], [ 91.936637940000082, 26.075619051000047 ], [ 91.93640823000004, 26.075183983000045 ], [ 91.934729197000081, 26.073325575000069 ], [ 91.931188164000048, 26.070304917000044 ], [ 91.929483191000031, 26.068920596000055 ], [ 91.928964009000083, 26.068585342000063 ], [ 91.928011670000046, 26.068104079000022 ], [ 91.924218508000081, 26.066337024000063 ] ] ] } },
{ "type": "Feature", "properties": { "District": "322", "Subdistt": "02130", "Town/Village": "303481", "Name": "Moupur Gaon", "TRU": "Rural", "No_HH": 47, "TOT_P": 203, "TOT_M": 106, "TOT_F": 97, "P_06": 25, "P_SC": 0, "P_ST": 104, "pc11_s_id": "18", "pc11_d_id": "322", "pc11_sd_id": "02130", "pc11_tv_id": "303481", "tv_name": "Moupur Gaon", "mdds_og": 0, "total_area_sqm": 1897837.054577043, "total_area_ha": 189.78370545770431, "flood_area_1998": 0.0, "flood_pct_1998": 0.0, "exposed_pop_1998": 0, "flood_area_1999": 0.0, "flood_pct_1999": 0.0, "exposed_pop_1999": 0, "flood_area_2004": 8960.7910330250543, "flood_pct_2004": 0.47215808182341978, "exposed_pop_2004": 1, "flood_area_2012": 0.0, "flood_pct_2012": 0.0, "exposed_pop_2012": 0, "flood_area_2013": 0.0, "flood_pct_2013": 0.0, "exposed_pop_2013": 0, "flood_years_exposed": 1, "flood_frequency": 0.2, "max_flood_exposure_pct": 0.47215808182341978, "exposure_note": "ESTIMATE: spatial overlap with historical flood inundation polygons only. NOT actual people affected." }, "geometry": { "type": "Polygon", "coordinates": [ [ [ 91.905276628000081, 26.070901030000073 ], [ 91.905569626000045, 26.07086814400003 ], [ 91.905959333000055, 26.070881335000024 ], [ 91.907580468000049, 26.071357817000035 ], [ 91.908061257000043, 26.071375094000075 ], [ 91.908373972000049, 26.071335357000066 ], [ 91.908688576000031, 26.071180248000076 ], [ 91.909945841000081, 26.07068681800007 ], [ 91.910181881000085, 26.070516145000056 ], [ 91.910485080000058, 26.070295521000048 ], [ 91.910911299000077, 26.069718986000055 ], [ 91.911070937000034, 26.069468031000042 ], [ 91.911113558000068, 26.069211764000045 ], [ 91.911119584000062, 26.068851379000023 ], [ 91.911049261000073, 26.068410124000025 ], [ 91.910065604000067, 26.066582757000049 ], [ 91.909634976000063, 26.065886627000054 ], [ 91.909263624000062, 26.065459931000078 ], [ 91.908004362000042, 26.064692366000031 ], [ 91.906408683000052, 26.063569248000078 ], [ 91.901724885000078, 26.060852580000073 ], [ 91.898907632000032, 26.059480488000077 ], [ 91.89830984300005, 26.059120955000026 ], [ 91.897749388000079, 26.058704521000038 ], [ 91.897374357000047, 26.058200577000036 ], [ 91.897010180000052, 26.057727729000078 ], [ 91.896872084000051, 26.058285671000078 ], [ 91.896738438000057, 26.059228956000027 ], [ 91.896384314000045, 26.060138269000049 ], [ 91.896252654000079, 26.060353487000043 ], [ 91.895863851000058, 26.060656555000037 ], [ 91.895536269000047, 26.06078954700007 ], [ 91.894672195000055, 26.060997062000069 ], [ 91.893910977000075, 26.061082362000036 ], [ 91.893272023000065, 26.061065992000067 ], [ 91.892611861000034, 26.060950237000043 ], [ 91.892032844000084, 26.060767118000058 ], [ 91.890890788000036, 26.060246324000047 ], [ 91.89054466500005, 26.060054786000023 ], [ 91.889512266000054, 26.059130442000026 ], [ 91.888253837000036, 26.057844825000075 ], [ 91.887222215000065, 26.056258091000075 ], [ 91.886168818000044, 26.055054430000041 ], [ 91.885790653000072, 26.054702065000072 ], [ 91.885432918000049, 26.054483704000063 ], [ 91.88489067200004, 26.054202501000077 ], [ 91.884496874000035, 26.054009394000047 ], [ 91.883200375000058, 26.053481142000066 ], [ 91.881842168000048, 26.053028728000072 ], [ 91.881064364000054, 26.052608552000038 ], [ 91.880405805000066, 26.052979449000077 ], [ 91.87896157800003, 26.053810987000077 ], [ 91.878036717000043, 26.05434286600007 ], [ 91.879670818000079, 26.054804430000047 ], [ 91.880751830000065, 26.055229564000058 ], [ 91.881391609000048, 26.05554324700006 ], [ 91.881788700000072, 26.055877923000025 ], [ 91.883597288000033, 26.057699831000036 ], [ 91.884479759000044, 26.058633745000066 ], [ 91.884636006000051, 26.05888083800005 ], [ 91.884712418000049, 26.05904331000005 ], [ 91.884759471000052, 26.059338626000056 ], [ 91.885545750000063, 26.059781154000063 ], [ 91.886781002000077, 26.06032020300006 ], [ 91.889212050000083, 26.061484248000056 ], [ 91.890701268000043, 26.062106981000056 ], [ 91.891150594000067, 26.062403424000024 ], [ 91.891685345000042, 26.062807629000076 ], [ 91.891782633000048, 26.062652506000063 ], [ 91.891842600000075, 26.062611694000054 ], [ 91.891892498000061, 26.062612037000065 ], [ 91.892002688000048, 26.062612806000061 ], [ 91.892185734000066, 26.062728806000052 ], [ 91.893007041000033, 26.063444324000045 ], [ 91.894836462000058, 26.064802222000026 ], [ 91.897147528000062, 26.06650054000005 ], [ 91.898415639000063, 26.067334607000078 ], [ 91.898908517000052, 26.067777652000075 ], [ 91.900527885000031, 26.069247269000073 ], [ 91.903237001000036, 26.071812581000074 ], [ 91.904458189000081, 26.072744673000045 ], [ 91.904588834000037, 26.072619494000037 ], [ 91.904667273000086, 26.072515751000026 ], [ 91.904714805000083, 26.072335785000064 ], [ 91.904716328000063, 26.072242463000066 ], [ 91.904535693000071, 26.071935733000032 ], [ 91.904511041000035, 26.071857737000073 ], [ 91.904493263000063, 26.07180332400003 ], [ 91.904553776000057, 26.071655129000078 ], [ 91.904645706000053, 26.071488653000074 ], [ 91.904927536000059, 26.071127273000059 ], [ 91.905069431000072, 26.071013081000046 ], [ 91.90517950900005, 26.070941514000026 ], [ 91.905276628000081, 26.070901030000073 ] ] ] } },
{ "type": "Feature", "properties": { "District": "322", "Subdistt": "02130", "Town/Village": "303482", "Name": "Aparikola Gaon", "TRU": "Rural", "No_HH": 74, "TOT_P": 376, "TOT_M": 181, "TOT_F": 195, "P_06": 46, "P_SC": 1, "P_ST": 132, "pc11_s_id": "18", "pc11_d_id": "322", "pc11_sd_id": "02130", "pc11_tv_id": "303482", "tv_name": "Aparikola Gaon", "mdds_og": 0, "total_area_sqm": 2953084.1847712845, "total_area_ha": 295.30841847712844, "flood_area_1998": 0.0, "flood_pct_1998": 0.0, "exposed_pop_1998": 0, "flood_area_1999": 0.0, "flood_pct_1999": 0.0, "exposed_pop_1999": 0, "flood_area_2004": 0.0, "flood_pct_2004": 0.0, "exposed_pop_2004": 0, "flood_area_2012": 0.0, "flood_pct_2012": 0.0, "exposed_pop_2012": 0, "flood_area_2013": 0.0, "flood_pct_2013": 0.0, "exposed_pop_2013": 0, "flood_years_exposed": 0, "flood_frequency": 0.0, "max_flood_exposure_pct": 0.0, "exposure_note": "ESTIMATE: spatial overlap with historical flood inundation polygons only. NOT actual people affected." }, "geometry": { "type": "Polygon", "coordinates": [ [ [ 91.89330370600004, 26.040699291000102 ], [ 91.895039642000057, 26.040183878 ], [ 91.895561341000047, 26.039933781000091 ], [ 91.896015559000062, 26.039632399000023 ], [ 91.896296108000101, 26.039419562 ], [ 91.897016836000049, 26.038749926000015 ], [ 91.897351616000037, 26.038398414000063 ], [ 91.897583525000044, 26.038046940000026 ], [ 91.897863812000054, 26.037119588000035 ], [ 91.898546896000084, 26.035222760000032 ], [ 91.898939745000078, 26.03395452500008 ], [ 91.899105841000051, 26.03159936900008 ], [ 91.898990982000043, 26.029887548000019 ], [ 91.897508883228426, 26.026536731185246 ], [ 91.896173409775088, 26.026817750438891 ], [ 91.893753845863287, 26.028027581407809 ], [ 91.891952134183711, 26.029551651687388 ], [ 91.889382545368207, 26.029327621572484 ], [ 91.88360414761334, 26.028674402601659 ], [ 91.882053305415752, 26.029504464259645 ], [ 91.881428665100898, 26.029809572753582 ], [ 91.877578810413851, 26.031401548142963 ], [ 91.876460629354639, 26.032635125710524 ], [ 91.874316159063511, 26.037267261075314 ], [ 91.873583776370268, 26.040817869948807 ], [ 91.879579623000041, 26.04022443600007 ], [ 91.880041597000073, 26.040579147000109 ], [ 91.880819157000104, 26.040780969000021 ], [ 91.881821205000051, 26.040973360000041 ], [ 91.883461952000104, 26.041036806000051 ], [ 91.886346734000043, 26.041063015000088 ], [ 91.889403145000074, 26.041079206000095 ], [ 91.890954294000068, 26.041041526000086 ], [ 91.891591984000073, 26.041027353000068 ], [ 91.892251202000082, 26.040841093000022 ], [ 91.89330370600004, 26.040699291000102 ] ] ] } },
{ "type": "Feature", "properties": { "District": "322", "Subdistt": "02130", "Town/Village": "303483", "Name": "Barni", "TRU": "Rural", "No_HH": 213, "TOT_P": 882, "TOT_M": 520, "TOT_F": 362, "P_06": 116, "P_SC": 64, "P_ST": 50, "pc11_s_id": "18", "pc11_d_id": "322", "pc11_sd_id": "02130", "pc11_tv_id": "303483", "tv_name": "Barni", "mdds_og": 0, "total_area_sqm": 1422978.1144608147, "total_area_ha": 142.29781144608148, "flood_area_1998": 0.0, "flood_pct_1998": 0.0, "exposed_pop_1998": 0, "flood_area_1999": 0.0, "flood_pct_1999": 0.0, "exposed_pop_1999": 0, "flood_area_2004": 0.0, "flood_pct_2004": 0.0, "exposed_pop_2004": 0, "flood_area_2012": 0.0, "flood_pct_2012": 0.0, "exposed_pop_2012": 0, "flood_area_2013": 0.0, "flood_pct_2013": 0.0, "exposed_pop_2013": 0, "flood_years_exposed": 0, "flood_frequency": 0.0, "max_flood_exposure_pct": 0.0, "exposure_note": "ESTIMATE: spatial overlap with historical flood inundation polygons only. NOT actual people affected." }, "geometry": { "type": "Polygon", "coordinates": [ [ [ 91.884252977000088, 26.059281891000108 ], [ 91.884332412000091, 26.059267980000111 ], [ 91.884759471000081, 26.059338626000095 ], [ 91.884712418000092, 26.059043310000085 ], [ 91.884636006000079, 26.058880838000054 ], [ 91.88447975900003, 26.058633745000037 ], [ 91.883597288000018, 26.057699831000036 ], [ 91.88178870000003, 26.055877923000015 ], [ 91.881391609000048, 26.055543247000035 ], [ 91.880751830000037, 26.055229564000015 ], [ 91.879670818000037, 26.054804430000011 ], [ 91.878036717000015, 26.054342866000102 ], [ 91.876726315000042, 26.053893019 ], [ 91.876353405, 26.053788883 ], [ 91.87542853100004, 26.053371369000011 ], [ 91.874579580000045, 26.052883973000096 ], [ 91.873740119000047, 26.052420319000102 ], [ 91.872674480000072, 26.051887109000038 ], [ 91.871278562155993, 26.050878466068372 ], [ 91.869347071110496, 26.056859660045362 ], [ 91.869665156821597, 26.057519632924731 ], [ 91.870541431042255, 26.059340286125376 ], [ 91.872041880628345, 26.06245626344581 ], [ 91.87202081490878, 26.063180602602731 ], [ 91.875100783, 26.063479264000033 ], [ 91.879807674000077, 26.063812863000102 ], [ 91.880357772000124, 26.063825448000078 ], [ 91.882987510000106, 26.063888034000016 ], [ 91.883224122000058, 26.063876577000045 ], [ 91.883402080000025, 26.063819960000068 ], [ 91.883545700000099, 26.063696336000053 ], [ 91.883666222000045, 26.063584531000039 ], [ 91.883751028000034, 26.063427345 ], [ 91.884074817000098, 26.059648991000106 ], [ 91.884108337000029, 26.059515388000065 ], [ 91.884152994, 26.059339829000105 ], [ 91.884252977000088, 26.059281891000108 ] ] ] } },
{ "type": "Feature", "properties": { "District": "322", "Subdistt": "02130", "Town/Village": "303484", "Name": "Luri Grant", "TRU": "Rural", "No_HH": 21, "TOT_P": 98, "TOT_M": 51, "TOT_F": 47, "P_06": 22, "P_SC": 0, "P_ST": 36, "pc11_s_id": "18", "pc11_d_id": "322", "pc11_sd_id": "02130", "pc11_tv_id": "303484", "tv_name": "Luri Grant", "mdds_og": 0, "total_area_sqm": 895020.71568635281, "total_area_ha": 89.502071568635287, "flood_area_1998": 0.0, "flood_pct_1998": 0.0, "exposed_pop_1998": 0, "flood_area_1999": 0.0, "flood_pct_1999": 0.0, "exposed_pop_1999": 0, "flood_area_2004": 230594.90209287798, "flood_pct_2004": 25.764197191351563, "exposed_pop_2004": 25, "flood_area_2012": 0.0, "flood_pct_2012": 0.0, "exposed_pop_2012": 0, "flood_area_2013": 0.0, "flood_pct_2013": 0.0, "exposed_pop_2013": 0, "flood_years_exposed": 1, "flood_frequency": 0.2, "max_flood_exposure_pct": 25.764197191351563, "exposure_note": "ESTIMATE: spatial overlap with historical flood inundation polygons only. NOT actual people affected." }, "geometry": { "type": "Polygon", "coordinates": [ [ [ 91.981463978000079, 26.090396161000058 ], [ 91.982087682000042, 26.089648476000036 ], [ 91.982408665000037, 26.08935595500003 ], [ 91.982592225000076, 26.089202107000062 ], [ 91.982774074000076, 26.089128363000043 ], [ 91.984050431000071, 26.088765988000034 ], [ 91.986133130000042, 26.088155140000026 ], [ 91.987030208000078, 26.087713154000028 ], [ 91.986002399000085, 26.087256955000043 ], [ 91.983194735000041, 26.086032886000055 ], [ 91.981871765000051, 26.085422848000064 ], [ 91.980612801000063, 26.085092947000078 ], [ 91.978401957000074, 26.084345986000073 ], [ 91.977233307000063, 26.083898585000043 ], [ 91.976377924000076, 26.08344504400003 ], [ 91.975462954000079, 26.082739138000079 ], [ 91.974182020000057, 26.081559095000046 ], [ 91.973759323000081, 26.081787951000024 ], [ 91.973479027000053, 26.081909772000074 ], [ 91.972821195000051, 26.082217964000051 ], [ 91.972366247000082, 26.082601232000059 ], [ 91.972105259000045, 26.082966261000024 ], [ 91.972072730000036, 26.083012255000028 ], [ 91.971888538000087, 26.083356529000071 ], [ 91.971649049000064, 26.083733151000047 ], [ 91.971473261000085, 26.084175519000041 ], [ 91.971374704000084, 26.084616464000078 ], [ 91.971374249000064, 26.084908158000076 ], [ 91.971373775000075, 26.085200907000058 ], [ 91.971438631000069, 26.085520851000069 ], [ 91.971503570000039, 26.085804651000046 ], [ 91.971819408000044, 26.086463671000047 ], [ 91.972495739000067, 26.087451244000079 ], [ 91.973782645000085, 26.089425788000028 ], [ 91.975254783000082, 26.091272189000051 ], [ 91.975418661000049, 26.091479969000034 ], [ 91.975764981000054, 26.091646465000053 ], [ 91.976548148000063, 26.091763042000025 ], [ 91.977482187000078, 26.091787921000048 ], [ 91.977881164000053, 26.091740112000025 ], [ 91.979112303000079, 26.091210087000036 ], [ 91.980887342000074, 26.090462541000079 ], [ 91.981108458000051, 26.090441079000072 ], [ 91.981463978000079, 26.090396161000058 ] ] ] } },
{ "type": "Feature", "properties": { "District": "322", "Subdistt": "02130", "Town/Village": "303485", "Name": "Barkuchi N.C.", "TRU": "Rural", "No_HH": 77, "TOT_P": 444, "TOT_M": 221, "TOT_F": 223, "P_06": 49, "P_SC": 17, "P_ST": 352, "pc11_s_id": "18", "pc11_d_id": "322", "pc11_sd_id": "02130", "pc11_tv_id": "303485", "tv_name": "Barkuchi N.C.", "mdds_og": 0, "total_area_sqm": 1636864.3551614375, "total_area_ha": 163.68643551614375, "flood_area_1998": 0.0, "flood_pct_1998": 0.0, "exposed_pop_1998": 0, "flood_area_1999": 0.0, "flood_pct_1999": 0.0, "exposed_pop_1999": 0, "flood_area_2004": 0.0, "flood_pct_2004": 0.0, "exposed_pop_2004": 0, "flood_area_2012": 0.0, "flood_pct_2012": 0.0, "exposed_pop_2012": 0, "flood_area_2013": 0.0, "flood_pct_2013": 0.0, "exposed_pop_2013": 0, "flood_years_exposed": 0, "flood_frequency": 0.0, "max_flood_exposure_pct": 0.0, "exposure_note": "ESTIMATE: spatial overlap with historical flood inundation polygons only. NOT actual people affected." }, "geometry": { "type": "Polygon", "coordinates": [ [ [ 92.014770221000049, 26.094466053000076 ], [ 92.014674102000072, 26.094391765000069 ], [ 92.012257695000073, 26.092249055000025 ], [ 92.011445546000061, 26.091563074000078 ], [ 92.011155710000082, 26.091276525000069 ], [ 92.01075863300008, 26.090995401000043 ], [ 92.009391951000055, 26.090554303000033 ], [ 92.006003554000074, 26.089347501000077 ], [ 92.001875718000065, 26.087737137000033 ], [ 92.001644068000076, 26.087624059000063 ], [ 91.999963218000062, 26.088735281000027 ], [ 91.999663575000056, 26.088923349000027 ], [ 91.998897231000058, 26.089258674000064 ], [ 91.998302739000053, 26.089401643000031 ], [ 91.99796583300008, 26.089497967000057 ], [ 91.997686670000064, 26.089650031000076 ], [ 91.996964300000059, 26.090286062000075 ], [ 91.995158150000066, 26.091823560000023 ], [ 91.996337048000044, 26.092434153000056 ], [ 91.997378824000066, 26.092891937000047 ], [ 91.997791088000042, 26.093071012000053 ], [ 91.998600736000071, 26.093649338000034 ], [ 92.001090213000055, 26.095281326000077 ], [ 92.002204993000078, 26.096217723000052 ], [ 92.003412852000054, 26.097223427000074 ], [ 92.004751762000069, 26.098155227000063 ], [ 92.005511785000067, 26.098676935000071 ], [ 92.006018124000036, 26.099356743000044 ], [ 92.006809341000064, 26.100296127000036 ], [ 92.007558025000037, 26.101362218000077 ], [ 92.007921578000037, 26.102215439000076 ], [ 92.008577758000058, 26.103695049000066 ], [ 92.008762875000059, 26.103984208000043 ], [ 92.009125603000086, 26.103917652000064 ], [ 92.00995782800004, 26.103520941000056 ], [ 92.010429718000069, 26.103162226000052 ], [ 92.010701272000063, 26.102834189000077 ], [ 92.011273851000055, 26.101805508000041 ], [ 92.013089510000043, 26.098388230000069 ], [ 92.014128718000052, 26.096183790000055 ], [ 92.014565505000064, 26.095013497000025 ], [ 92.014770221000049, 26.094466053000076 ] ] ] } },
{ "type": "Feature", "properties": { "District": "322", "Subdistt": "02130", "Town/Village": "303486", "Name": "Tamuli Kuchi N.C.", "TRU": "Rural", "No_HH": 216, "TOT_P": 1020, "TOT_M": 521, "TOT_F": 499, "P_06": 178, "P_SC": 1, "P_ST": 506, "pc11_s_id": "18", "pc11_d_id": "322", "pc11_sd_id": "02130", "pc11_tv_id": "303486", "tv_name": "Tamuli Kuchi N.C.", "mdds_og": 0, "total_area_sqm": 1228390.43367578, "total_area_ha": 122.839043367578, "flood_area_1998": 0.0, "flood_pct_1998": 0.0, "exposed_pop_1998": 0, "flood_area_1999": 0.0, "flood_pct_1999": 0.0, "exposed_pop_1999": 0, "flood_area_2004": 0.0, "flood_pct_2004": 0.0, "exposed_pop_2004": 0, "flood_area_2012": 0.0, "flood_pct_2012": 0.0, "exposed_pop_2012": 0, "flood_area_2013": 0.0, "flood_pct_2013": 0.0, "exposed_pop_2013": 0, "flood_years_exposed": 0, "flood_frequency": 0.0, "max_flood_exposure_pct": 0.0, "exposure_note": "ESTIMATE: spatial overlap with historical flood inundation polygons only. NOT actual people affected." }, "geometry": { "type": "Polygon", "coordinates": [ [ [ 91.884472639000052, 26.085506144000092 ], [ 91.885049856000123, 26.08503355900007 ], [ 91.885287765, 26.084787786000074 ], [ 91.885393226000105, 26.084589012000059 ], [ 91.885547751000018, 26.084066836000019 ], [ 91.885993266000114, 26.081582995000119 ], [ 91.885991412000038, 26.080680778000076 ], [ 91.885997797000044, 26.080229026 ], [ 91.885617372000098, 26.078062592999984 ], [ 91.885047808000039, 26.075976287000024 ], [ 91.871132898964177, 26.077471464836233 ], [ 91.871844999247372, 26.078975632219681 ], [ 91.871998759035563, 26.079035323821209 ], [ 91.872987557329992, 26.079402103324512 ], [ 91.874044788636141, 26.079800526373198 ], [ 91.874669267972394, 26.082397430297277 ], [ 91.875302317847755, 26.086665883423876 ], [ 91.876746999000062, 26.08640255300001 ], [ 91.878322826000058, 26.086150064 ], [ 91.882004438000124, 26.085913059000099 ], [ 91.884089157000034, 26.085621306000029 ], [ 91.884472639000052, 26.085506144000092 ] ] ] } },
{ "type": "Feature", "properties": { "District": "322", "Subdistt": "02130", "Town/Village": "303487", "Name": "Bhakuagog N C", "TRU": "Rural", "No_HH": 39, "TOT_P": 184, "TOT_M": 95, "TOT_F": 89, "P_06": 32, "P_SC": 0, "P_ST": 6, "pc11_s_id": "18", "pc11_d_id": "322", "pc11_sd_id": "02130", "pc11_tv_id": "303487", "tv_name": "Bhakuagog N C", "mdds_og": 0, "total_area_sqm": 1477258.8056038143, "total_area_ha": 147.72588056038143, "flood_area_1998": 0.0, "flood_pct_1998": 0.0, "exposed_pop_1998": 0, "flood_area_1999": 0.0, "flood_pct_1999": 0.0, "exposed_pop_1999": 0, "flood_area_2004": 0.0, "flood_pct_2004": 0.0, "exposed_pop_2004": 0, "flood_area_2012": 0.0, "flood_pct_2012": 0.0, "exposed_pop_2012": 0, "flood_area_2013": 0.0, "flood_pct_2013": 0.0, "exposed_pop_2013": 0, "flood_years_exposed": 0, "flood_frequency": 0.0, "max_flood_exposure_pct": 0.0, "exposure_note": "ESTIMATE: spatial overlap with historical flood inundation polygons only. NOT actual people affected." }, "geometry": { "type": "Polygon", "coordinates": [ [ [ 91.978563938000036, 26.073865246000025 ], [ 91.97763397500006, 26.07319024800006 ], [ 91.974106224000082, 26.071145227000045 ], [ 91.972095176000039, 26.070217208000031 ], [ 91.968571819000033, 26.068574363000039 ], [ 91.964442770000062, 26.066834679000067 ], [ 91.963660820000086, 26.066486805000068 ], [ 91.962992153000073, 26.066314332000047 ], [ 91.961882255000035, 26.066220921000024 ], [ 91.96036255100006, 26.066193222000038 ], [ 91.960622761000081, 26.066722369000047 ], [ 91.960727392000081, 26.067030745000068 ], [ 91.96091904900004, 26.068164421000063 ], [ 91.961027926000042, 26.070338605000074 ], [ 91.961169569000049, 26.072674581000058 ], [ 91.961255616000074, 26.07346430900003 ], [ 91.961145251000062, 26.07419414900005 ], [ 91.961997198000063, 26.074322102000053 ], [ 91.962329323000063, 26.074435398000048 ], [ 91.963142273000074, 26.074851555000066 ], [ 91.965667661000055, 26.07612432600007 ], [ 91.968394511000042, 26.077256526000042 ], [ 91.972371192000082, 26.078833178000025 ], [ 91.973271288000035, 26.079152701000055 ], [ 91.973349882000036, 26.079216461000044 ], [ 91.97345062800008, 26.079341358000079 ], [ 91.973529212000074, 26.079503114000033 ], [ 91.973574627000062, 26.079847963000077 ], [ 91.97352955000008, 26.080485645000067 ], [ 91.973546749000036, 26.080615011000077 ], [ 91.973850776000063, 26.080376357000034 ], [ 91.974136141000031, 26.079998802000034 ], [ 91.974628394000035, 26.079228016000059 ], [ 91.975491878000071, 26.078109340000026 ], [ 91.976155151000057, 26.077311192000025 ], [ 91.976610134000055, 26.076773520000074 ], [ 91.977075093000053, 26.07621027700003 ], [ 91.977722855000081, 26.075297124000031 ], [ 91.978239836000057, 26.074418157000025 ], [ 91.978563938000036, 26.073865246000025 ] ] ] } },
{ "type": "Feature", "properties": { "District": "322", "Subdistt": "02130", "Town/Village": "303488", "Name": "Luri N.C.", "TRU": "Rural", "No_HH": 67, "TOT_P": 355, "TOT_M": 161, "TOT_F": 194, "P_06": 43, "P_SC": 0, "P_ST": 0, "pc11_s_id": "18", "pc11_d_id": "322", "pc11_sd_id": "02130", "pc11_tv_id": "303488", "tv_name": "Luri N.C.", "mdds_og": 0, "total_area_sqm": 2021835.8545592928, "total_area_ha": 202.18358545592929, "flood_area_1998": 0.0, "flood_pct_1998": 0.0, "exposed_pop_1998": 0, "flood_area_1999": 0.0, "flood_pct_1999": 0.0, "exposed_pop_1999": 0, "flood_area_2004": 0.0, "flood_pct_2004": 0.0, "exposed_pop_2004": 0, "flood_area_2012": 0.0, "flood_pct_2012": 0.0, "exposed_pop_2012": 0, "flood_area_2013": 0.0, "flood_pct_2013": 0.0, "exposed_pop_2013": 0, "flood_years_exposed": 0, "flood_frequency": 0.0, "max_flood_exposure_pct": 0.0, "exposure_note": "ESTIMATE: spatial overlap with historical flood inundation polygons only. NOT actual people affected." }, "geometry": { "type": "Polygon", "coordinates": [ [ [ 92.001644068000076, 26.087624059000063 ], [ 91.998989252000058, 26.086323017000041 ], [ 91.995711582000069, 26.08454111900005 ], [ 91.994412519000036, 26.084006184000032 ], [ 91.992963169000063, 26.08355210600007 ], [ 91.989992833000031, 26.082250444000067 ], [ 91.988561685000036, 26.081547529000034 ], [ 91.987591680000037, 26.081070400000044 ], [ 91.986856079000063, 26.080260529000043 ], [ 91.985206208000079, 26.078740960000061 ], [ 91.983755337000048, 26.077550372000076 ], [ 91.979784804000076, 26.074747020000075 ], [ 91.978563938000036, 26.073865246000025 ], [ 91.978239836000057, 26.074418157000025 ], [ 91.977722855000081, 26.075297124000031 ], [ 91.977075093000053, 26.07621027700003 ], [ 91.976610134000055, 26.076773520000074 ], [ 91.976155151000057, 26.077311192000025 ], [ 91.975491878000071, 26.078109340000026 ], [ 91.974628394000035, 26.079228016000059 ], [ 91.974136141000031, 26.079998802000034 ], [ 91.973850776000063, 26.080376357000034 ], [ 91.973546749000036, 26.080615011000077 ], [ 91.973563954000042, 26.08074438500006 ], [ 91.973743521000074, 26.081031431000042 ], [ 91.974182020000057, 26.081559095000046 ], [ 91.975462954000079, 26.082739138000079 ], [ 91.976377924000076, 26.08344504400003 ], [ 91.977233307000063, 26.083898585000043 ], [ 91.978401957000074, 26.084345986000073 ], [ 91.980612801000063, 26.085092947000078 ], [ 91.981871765000051, 26.085422848000064 ], [ 91.983194735000041, 26.086032886000055 ], [ 91.986002399000085, 26.087256955000043 ], [ 91.987030208000078, 26.087713154000028 ], [ 91.987616481000032, 26.087635287000069 ], [ 91.988033269000084, 26.087666058000025 ], [ 91.988157662000049, 26.087733971000034 ], [ 91.988549703000047, 26.088046662000067 ], [ 91.990612571000042, 26.089012568000044 ], [ 91.993269153000085, 26.090800088000037 ], [ 91.994534234000071, 26.091531327000041 ], [ 91.99491606600003, 26.091706341000076 ], [ 91.995070437000038, 26.091777816000047 ], [ 91.995158150000066, 26.091823560000023 ], [ 91.996964300000059, 26.090286062000075 ], [ 91.997686670000064, 26.089650031000076 ], [ 91.99796583300008, 26.089497967000057 ], [ 91.998302739000053, 26.089401643000031 ], [ 91.998897231000058, 26.089258674000064 ], [ 91.999663575000056, 26.088923349000027 ], [ 91.999963218000062, 26.088735281000027 ], [ 92.001644068000076, 26.087624059000063 ] ] ] } },
{ "type": "Feature", "properties": { "District": "322", "Subdistt": "02130", "Town/Village": "303489", "Name": "Nartap N.C.", "TRU": "Rural", "No_HH": 67, "TOT_P": 334, "TOT_M": 150, "TOT_F": 184, "P_06": 32, "P_SC": 0, "P_ST": 99, "pc11_s_id": "18", "pc11_d_id": "322", "pc11_sd_id": "02130", "pc11_tv_id": "303489", "tv_name": "Nartap N.C.", "mdds_og": 0, "total_area_sqm": 504831.96574514417, "total_area_ha": 50.483196574514416, "flood_area_1998": 0.0, "flood_pct_1998": 0.0, "exposed_pop_1998": 0, "flood_area_1999": 0.0, "flood_pct_1999": 0.0, "exposed_pop_1999": 0, "flood_area_2004": 0.0, "flood_pct_2004": 0.0, "exposed_pop_2004": 0, "flood_area_2012": 0.0, "flood_pct_2012": 0.0, "exposed_pop_2012": 0, "flood_area_2013": 0.0, "flood_pct_2013": 0.0, "exposed_pop_2013": 0, "flood_years_exposed": 0, "flood_frequency": 0.0, "max_flood_exposure_pct": 0.0, "exposure_note": "ESTIMATE: spatial overlap with historical flood inundation polygons only. NOT actual people affected." }, "geometry": { "type": "Polygon", "coordinates": [ [ [ 91.961145251000062, 26.07419414900005 ], [ 91.961255616000074, 26.07346430900003 ], [ 91.961169569000049, 26.072674581000058 ], [ 91.961027926000042, 26.070338605000074 ], [ 91.96091904900004, 26.068164421000063 ], [ 91.960727392000081, 26.067030745000068 ], [ 91.960622761000081, 26.066722369000047 ], [ 91.96036255100006, 26.066193222000038 ], [ 91.958841637000035, 26.066163914000072 ], [ 91.957936032000077, 26.066172883000036 ], [ 91.957283313000062, 26.066313720000039 ], [ 91.955998359000034, 26.066937292000034 ], [ 91.95393593700004, 26.067597344000035 ], [ 91.953714065000042, 26.067610801000058 ], [ 91.954056867000077, 26.068009626000048 ], [ 91.954362852000031, 26.068474709000043 ], [ 91.95553282000003, 26.070146947000069 ], [ 91.956158306000077, 26.071311235000053 ], [ 91.956392601000061, 26.071861256000034 ], [ 91.956534352000062, 26.07210632400006 ], [ 91.956556271000068, 26.072271100000023 ], [ 91.956554898000036, 26.072395934000042 ], [ 91.956465923000053, 26.072791914000049 ], [ 91.956256728000085, 26.073232154000038 ], [ 91.956135750000044, 26.073345356000061 ], [ 91.956906380000078, 26.073854406000066 ], [ 91.957218223000041, 26.074130091000029 ], [ 91.958597356000041, 26.076290667000023 ], [ 91.958998742000063, 26.07581444300007 ], [ 91.95951221100006, 26.075168800000029 ], [ 91.960198499000057, 26.074458764000042 ], [ 91.960452990000078, 26.074291516000073 ], [ 91.960638433000042, 26.074216780000029 ], [ 91.961145251000062, 26.07419414900005 ] ] ] } },
{ "type": "Feature", "properties": { "District": "322", "Subdistt": "02130", "Town/Village": "303490", "Name": "Lofar N.C.", "TRU": "Rural", "No_HH": 87, "TOT_P": 459, "TOT_M": 238, "TOT_F": 221, "P_06": 81, "P_SC": 0, "P_ST": 15, "pc11_s_id": "18", "pc11_d_id": "322", "pc11_sd_id": "02130", "pc11_tv_id": "303490", "tv_name": "Lofar N.C.", "mdds_og": 0, "total_area_sqm": 1886631.3982090666, "total_area_ha": 188.66313982090665, "flood_area_1998": 28794.980023933273, "flood_pct_1998": 1.5262642215786109, "exposed_pop_1998": 7, "flood_area_1999": 45778.706245594927, "flood_pct_1999": 2.4264785526760311, "exposed_pop_1999": 11, "flood_area_2004": 0.0, "flood_pct_2004": 0.0, "exposed_pop_2004": 0, "flood_area_2012": 0.0, "flood_pct_2012": 0.0, "exposed_pop_2012": 0, "flood_area_2013": 0.0, "flood_pct_2013": 0.0, "exposed_pop_2013": 0, "flood_years_exposed": 2, "flood_frequency": 0.4, "max_flood_exposure_pct": 2.4264785526760311, "exposure_note": "ESTIMATE: spatial overlap with historical flood inundation polygons only. NOT actual people affected." }, "geometry": { "type": "Polygon", "coordinates": [ [ [ 91.947916619000068, 26.073210507000056 ], [ 91.947622264000074, 26.072960701000056 ], [ 91.947468424000078, 26.072791782000024 ], [ 91.947410762000061, 26.072615014000064 ], [ 91.947365251000065, 26.07237701400004 ], [ 91.947337069000071, 26.071754807000048 ], [ 91.947229778000064, 26.070703783000056 ], [ 91.947040629000071, 26.069526769000049 ], [ 91.946917922000068, 26.066084673000034 ], [ 91.947002869000073, 26.063690544000053 ], [ 91.946248468000078, 26.063196289000075 ], [ 91.945626058000073, 26.062784054000076 ], [ 91.941837177000082, 26.061761792000027 ], [ 91.940468865000071, 26.061418295000067 ], [ 91.939701512000056, 26.061387939000042 ], [ 91.938793416000067, 26.061376663000033 ], [ 91.936485375000075, 26.061621108000054 ], [ 91.931349024000042, 26.062425528000063 ], [ 91.928678958000035, 26.063203232000035 ], [ 91.928057598000066, 26.063392252000028 ], [ 91.928904111000065, 26.063786486000026 ], [ 91.92970026100005, 26.064162697000029 ], [ 91.932188914000051, 26.064904046000038 ], [ 91.934663842000077, 26.065648752000072 ], [ 91.935658059000048, 26.066180657000075 ], [ 91.937862811000059, 26.067230817000052 ], [ 91.938397503000033, 26.067546090000064 ], [ 91.938958450000086, 26.068047329000024 ], [ 91.940424546000031, 26.069346266000025 ], [ 91.940998636000074, 26.070034402000033 ], [ 91.941628704000038, 26.07101762800005 ], [ 91.942151155000033, 26.07217976000004 ], [ 91.942857505000063, 26.074294675000033 ], [ 91.943387087000076, 26.076149208000061 ], [ 91.943615175000048, 26.077051619000031 ], [ 91.943718323000041, 26.078427457000032 ], [ 91.943737035000083, 26.081271842000035 ], [ 91.943786489000047, 26.08155395600005 ], [ 91.943867646000058, 26.08178410000005 ], [ 91.944135648000042, 26.082337748000043 ], [ 91.94460385900004, 26.082862749000071 ], [ 91.945353382000064, 26.082895890000032 ], [ 91.947477419000052, 26.083025257000031 ], [ 91.947870290000083, 26.083037782000076 ], [ 91.948263937000036, 26.082976016000032 ], [ 91.94949302200007, 26.082745728000077 ], [ 91.949757308000073, 26.082603616000029 ], [ 91.949962403000086, 26.082395120000058 ], [ 91.950107457000058, 26.082196747000069 ], [ 91.950575370000081, 26.080926239000064 ], [ 91.950662193000085, 26.080576859000075 ], [ 91.950664213000039, 26.080404446000045 ], [ 91.950655567000069, 26.080171727000049 ], [ 91.949931106000065, 26.078745597000022 ], [ 91.949595164000073, 26.077965653000035 ], [ 91.949278628000059, 26.077555671000027 ], [ 91.948961097000051, 26.077231037000047 ], [ 91.94822006000004, 26.076466710000034 ], [ 91.948127918000068, 26.076228421000053 ], [ 91.948082227000043, 26.076078948000031 ], [ 91.948073600000043, 26.075858001000029 ], [ 91.947916619000068, 26.073210507000056 ] ] ] } },
{ "type": "Feature", "properties": { "District": "322", "Subdistt": "02130", "Town/Village": "303491", "Name": "Dhemai N.C.", "TRU": "Rural", "No_HH": 48, "TOT_P": 239, "TOT_M": 124, "TOT_F": 115, "P_06": 24, "P_SC": 0, "P_ST": 51, "pc11_s_id": "18", "pc11_d_id": "322", "pc11_sd_id": "02130", "pc11_tv_id": "303491", "tv_name": "Dhemai N.C.", "mdds_og": 0, "total_area_sqm": 1801602.8408609636, "total_area_ha": 180.16028408609637, "flood_area_1998": 0.0, "flood_pct_1998": 0.0, "exposed_pop_1998": 0, "flood_area_1999": 0.0, "flood_pct_1999": 0.0, "exposed_pop_1999": 0, "flood_area_2004": 2289.0996249208388, "flood_pct_2004": 0.12705905946656404, "exposed_pop_2004": 0, "flood_area_2012": 0.0, "flood_pct_2012": 0.0, "exposed_pop_2012": 0, "flood_area_2013": 0.0, "flood_pct_2013": 0.0, "exposed_pop_2013": 0, "flood_years_exposed": 1, "flood_frequency": 0.2, "max_flood_exposure_pct": 0.12705905946656404, "exposure_note": "ESTIMATE: spatial overlap with historical flood inundation polygons only. NOT actual people affected." }, "geometry": { "type": "Polygon", "coordinates": [ [ [ 91.928904111000065, 26.063786486000026 ], [ 91.928057598000066, 26.063392252000028 ], [ 91.925913477000051, 26.064045666000027 ], [ 91.923086908000073, 26.065311091000069 ], [ 91.922536824000076, 26.065534874000036 ], [ 91.923989564000067, 26.066227731000026 ], [ 91.924218508000081, 26.066337024000063 ], [ 91.928011670000046, 26.068104079000022 ], [ 91.928964009000083, 26.068585342000063 ], [ 91.929483191000031, 26.068920596000055 ], [ 91.931188164000048, 26.070304917000044 ], [ 91.934729197000081, 26.073325575000069 ], [ 91.93640823000004, 26.075183983000045 ], [ 91.936637940000082, 26.075619051000047 ], [ 91.937074233000033, 26.076820630000043 ], [ 91.937473541000031, 26.078020244000072 ], [ 91.93759388400008, 26.078524153000046 ], [ 91.937813014000085, 26.079683995000039 ], [ 91.937867088000075, 26.082665268000028 ], [ 91.937873943000056, 26.083009740000023 ], [ 91.939091132000044, 26.083180473000027 ], [ 91.939508873000079, 26.083312361000026 ], [ 91.93988732400004, 26.083441967000056 ], [ 91.940787206000039, 26.083790520000036 ], [ 91.941961976000073, 26.084291035000035 ], [ 91.945142700000076, 26.085911562000035 ], [ 91.945222458000046, 26.085621866000054 ], [ 91.945187991000068, 26.085400167000046 ], [ 91.945036923000032, 26.085024802000078 ], [ 91.944793261000086, 26.084252701000025 ], [ 91.944731484000044, 26.084106853000037 ], [ 91.944512897000038, 26.083589010000026 ], [ 91.944514896000044, 26.083381533000079 ], [ 91.944516695000061, 26.083198419000041 ], [ 91.94460385900004, 26.082862749000071 ], [ 91.944135648000042, 26.082337748000043 ], [ 91.943867646000058, 26.08178410000005 ], [ 91.943786489000047, 26.08155395600005 ], [ 91.943737035000083, 26.081271842000035 ], [ 91.943718323000041, 26.078427457000032 ], [ 91.943615175000048, 26.077051619000031 ], [ 91.943387087000076, 26.076149208000061 ], [ 91.942857505000063, 26.074294675000033 ], [ 91.942151155000033, 26.07217976000004 ], [ 91.941628704000038, 26.07101762800005 ], [ 91.940998636000074, 26.070034402000033 ], [ 91.940424546000031, 26.069346266000025 ], [ 91.938958450000086, 26.068047329000024 ], [ 91.938397503000033, 26.067546090000064 ], [ 91.937862811000059, 26.067230817000052 ], [ 91.935658059000048, 26.066180657000075 ], [ 91.934663842000077, 26.065648752000072 ], [ 91.932188914000051, 26.064904046000038 ], [ 91.92970026100005, 26.064162697000029 ], [ 91.928904111000065, 26.063786486000026 ] ] ] } },
{ "type": "Feature", "properties": { "District": "322", "Subdistt": "02130", "Town/Village": "303492", "Name": "Moupur N.C.", "TRU": "Rural", "No_HH": 63, "TOT_P": 359, "TOT_M": 182, "TOT_F": 177, "P_06": 52, "P_SC": 0, "P_ST": 189, "pc11_s_id": "18", "pc11_d_id": "322", "pc11_sd_id": "02130", "pc11_tv_id": "303492", "tv_name": "Moupur N.C.", "mdds_og": 0, "total_area_sqm": 2367605.4713183618, "total_area_ha": 236.76054713183618, "flood_area_1998": 0.0, "flood_pct_1998": 0.0, "exposed_pop_1998": 0, "flood_area_1999": 0.0, "flood_pct_1999": 0.0, "exposed_pop_1999": 0, "flood_area_2004": 90300.881812503023, "flood_pct_2004": 3.8140172805995616, "exposed_pop_2004": 14, "flood_area_2012": 0.0, "flood_pct_2012": 0.0, "exposed_pop_2012": 0, "flood_area_2013": 0.0, "flood_pct_2013": 0.0, "exposed_pop_2013": 0, "flood_years_exposed": 1, "flood_frequency": 0.2, "max_flood_exposure_pct": 3.8140172805995616, "exposure_note": "ESTIMATE: spatial overlap with historical flood inundation polygons only. NOT actual people affected." }, "geometry": { "type": "Polygon", "coordinates": [ [ [ 91.922680841000044, 26.072376145000078 ], [ 91.923396498000045, 26.070653523000033 ], [ 91.923613482000064, 26.069768181000029 ], [ 91.923701487000073, 26.069055794000064 ], [ 91.923849346000054, 26.067781748000073 ], [ 91.923989564000067, 26.066227731000026 ], [ 91.922536824000076, 26.065534874000036 ], [ 91.921395854000082, 26.066000215000031 ], [ 91.920878894000055, 26.066215342000078 ], [ 91.919045880000056, 26.066382594000061 ], [ 91.918416774000036, 26.066359632000058 ], [ 91.91790248600006, 26.066341033000072 ], [ 91.917345394000051, 26.066157107000038 ], [ 91.915193673000033, 26.06498528700007 ], [ 91.913338543000066, 26.064203386000031 ], [ 91.91257590500004, 26.063736490000053 ], [ 91.906754489000036, 26.059674425000026 ], [ 91.902863161000084, 26.056429124000033 ], [ 91.901313659000039, 26.054644051000025 ], [ 91.900518643000055, 26.05469051700004 ], [ 91.899543613000048, 26.054695543000037 ], [ 91.898869719000061, 26.05469196100006 ], [ 91.898426361000077, 26.054793595000035 ], [ 91.898237382000048, 26.054952812000067 ], [ 91.897706937000066, 26.05596984500005 ], [ 91.897148353000034, 26.057169199000043 ], [ 91.897010180000052, 26.057727729000078 ], [ 91.897374357000047, 26.058200577000036 ], [ 91.897749388000079, 26.058704521000038 ], [ 91.89830984300005, 26.059120955000026 ], [ 91.898907632000032, 26.059480488000077 ], [ 91.901724885000078, 26.060852580000073 ], [ 91.906408683000052, 26.063569248000078 ], [ 91.908004362000042, 26.064692366000031 ], [ 91.909263624000062, 26.065459931000078 ], [ 91.909634976000063, 26.065886627000054 ], [ 91.910065604000067, 26.066582757000049 ], [ 91.911049261000073, 26.068410124000025 ], [ 91.911119584000062, 26.068851379000023 ], [ 91.911113558000068, 26.069211764000045 ], [ 91.911070937000034, 26.069468031000042 ], [ 91.910911299000077, 26.069718986000055 ], [ 91.910485080000058, 26.070295521000048 ], [ 91.910181881000085, 26.070516145000056 ], [ 91.909945841000081, 26.07068681800007 ], [ 91.908688576000031, 26.071180248000076 ], [ 91.908373972000049, 26.071335357000066 ], [ 91.908061257000043, 26.071375094000075 ], [ 91.907580468000049, 26.071357817000035 ], [ 91.905959333000055, 26.070881335000024 ], [ 91.905569626000045, 26.07086814400003 ], [ 91.905276628000081, 26.070901030000073 ], [ 91.90517950900005, 26.070941514000026 ], [ 91.905069431000072, 26.071013081000046 ], [ 91.904927536000059, 26.071127273000059 ], [ 91.904645706000053, 26.071488653000074 ], [ 91.904553776000057, 26.071655129000078 ], [ 91.904493263000063, 26.07180332400003 ], [ 91.904511041000035, 26.071857737000073 ], [ 91.904535693000071, 26.071935733000032 ], [ 91.904716328000063, 26.072242463000066 ], [ 91.904714805000083, 26.072335785000064 ], [ 91.904667273000086, 26.072515751000026 ], [ 91.904588834000037, 26.072619494000037 ], [ 91.904458189000081, 26.072744673000045 ], [ 91.904467252000074, 26.072952856000029 ], [ 91.90446330900005, 26.073196001000042 ], [ 91.905144139000072, 26.073358808000023 ], [ 91.905746072000056, 26.073652200000026 ], [ 91.906518348000077, 26.073926391000043 ], [ 91.907737568000073, 26.074257818000035 ], [ 91.910868553000057, 26.075280048000025 ], [ 91.911706318000086, 26.075523630000077 ], [ 91.912100103000057, 26.075593014000049 ], [ 91.912435570000071, 26.075679377000029 ], [ 91.914681913000038, 26.076031432000036 ], [ 91.915747860000067, 26.076181166000026 ], [ 91.91682854000004, 26.07624508400005 ], [ 91.918701041000077, 26.076346425000054 ], [ 91.919234712000048, 26.076333962000035 ], [ 91.919541430000038, 26.076260088000026 ], [ 91.920169586000043, 26.076096446000065 ], [ 91.920485720000045, 26.076014669000074 ], [ 91.920818867000037, 26.075903717000074 ], [ 91.920972963000054, 26.075784061000036 ], [ 91.921491482000079, 26.075136773000054 ], [ 91.922020502000066, 26.07401326300004 ], [ 91.922680841000044, 26.072376145000078 ] ] ] } },
{ "type": "Feature", "properties": { "District": "322", "Subdistt": "02130", "Town/Village": "303493", "Name": "Aparikola N.C.", "TRU": "Rural", "No_HH": 81, "TOT_P": 373, "TOT_M": 187, "TOT_F": 186, "P_06": 68, "P_SC": 0, "P_ST": 263, "pc11_s_id": "18", "pc11_d_id": "322", "pc11_sd_id": "02130", "pc11_tv_id": "303493", "tv_name": "Aparikola N.C.", "mdds_og": 0, "total_area_sqm": 2777976.4797869283, "total_area_ha": 277.79764797869285, "flood_area_1998": 0.0, "flood_pct_1998": 0.0, "exposed_pop_1998": 0, "flood_area_1999": 0.0, "flood_pct_1999": 0.0, "exposed_pop_1999": 0, "flood_area_2004": 0.0, "flood_pct_2004": 0.0, "exposed_pop_2004": 0, "flood_area_2012": 0.0, "flood_pct_2012": 0.0, "exposed_pop_2012": 0, "flood_area_2013": 0.0, "flood_pct_2013": 0.0, "exposed_pop_2013": 0, "flood_years_exposed": 0, "flood_frequency": 0.0, "max_flood_exposure_pct": 0.0, "exposure_note": "ESTIMATE: spatial overlap with historical flood inundation polygons only. NOT actual people affected." }, "geometry": { "type": "Polygon", "coordinates": [ [ [ 91.881064364000054, 26.052608552000045 ], [ 91.880974382000062, 26.052212129000019 ], [ 91.880726764, 26.051752266000072 ], [ 91.880731596000061, 26.051488188000071 ], [ 91.880751049000068, 26.051282583000024 ], [ 91.880892915000075, 26.051013663000067 ], [ 91.881063247000043, 26.050844980000054 ], [ 91.881751163000033, 26.049936768000048 ], [ 91.88199929300005, 26.049690631000022 ], [ 91.88241572000004, 26.049438980000073 ], [ 91.883910031000056, 26.048586377000049 ], [ 91.884774979000028, 26.047977711000048 ], [ 91.886573901000105, 26.046589801000053 ], [ 91.887886279000071, 26.045668875000061 ], [ 91.889348743000099, 26.044834168 ], [ 91.891070109000054, 26.043905079000051 ], [ 91.893803835000114, 26.04281789300007 ], [ 91.896721749000051, 26.041955936000072 ], [ 91.899936557000046, 26.041175317000054 ], [ 91.90151752200002, 26.040780731 ], [ 91.901689704000063, 26.040561407000062 ], [ 91.901898680000031, 26.040188344000015 ], [ 91.901907348000037, 26.039817042000024 ], [ 91.902000153000074, 26.038699246000085 ], [ 91.902260571000042, 26.034890696 ], [ 91.902211736000083, 26.029178765 ], [ 91.902721565148141, 26.023019002425052 ], [ 91.900185777351766, 26.024645059422014 ], [ 91.897508883228426, 26.026536731185246 ], [ 91.898990982000043, 26.029887548000019 ], [ 91.899105841000051, 26.03159936900008 ], [ 91.898939745000078, 26.03395452500008 ], [ 91.898546896000084, 26.035222760000032 ], [ 91.897863812000054, 26.037119588000035 ], [ 91.897583525000044, 26.038046940000026 ], [ 91.897351616000037, 26.038398414000063 ], [ 91.897016836000049, 26.038749926000015 ], [ 91.896296108000101, 26.039419562 ], [ 91.896015559000062, 26.039632399000023 ], [ 91.895561341000047, 26.039933781000091 ], [ 91.895039642000057, 26.040183878 ], [ 91.89330370600004, 26.040699291000102 ], [ 91.892251202000082, 26.040841093000022 ], [ 91.891591984000073, 26.041027353000068 ], [ 91.890954294000068, 26.041041526000086 ], [ 91.889403145000074, 26.041079206000095 ], [ 91.886346734000043, 26.041063015000088 ], [ 91.883461952000104, 26.041036806000051 ], [ 91.881821205000051, 26.040973360000041 ], [ 91.880819157000104, 26.040780969000021 ], [ 91.880041597000073, 26.040579147000109 ], [ 91.879579623000041, 26.04022443600007 ], [ 91.873583776370268, 26.040817869948807 ], [ 91.872994018059558, 26.043653712948522 ], [ 91.872976509158647, 26.043737491092411 ], [ 91.872807819725111, 26.044543171230394 ], [ 91.872267126626639, 26.047655731127151 ], [ 91.871853354848469, 26.049401417741347 ], [ 91.871517406802909, 26.050138841134629 ], [ 91.871278562155993, 26.050878466068372 ], [ 91.872674480000072, 26.051887109000038 ], [ 91.873740119000047, 26.052420319000102 ], [ 91.874579580000045, 26.052883973000096 ], [ 91.87542853100004, 26.053371369000011 ], [ 91.876353405, 26.053788883 ], [ 91.876726315000042, 26.053893019 ], [ 91.878036717000015, 26.054342866000102 ], [ 91.878961578000059, 26.053810987000059 ], [ 91.880405805000095, 26.052979449000091 ], [ 91.881064364000054, 26.052608552000045 ] ] ] } },
{ "type": "Feature", "properties": { "District": "322", "Subdistt": "02130", "Town/Village": "303494", "Name": "Bandargog N.C.", "TRU": "Rural", "No_HH": 110, "TOT_P": 585, "TOT_M": 298, "TOT_F": 287, "P_06": 59, "P_SC": 0, "P_ST": 54, "pc11_s_id": "18", "pc11_d_id": "322", "pc11_sd_id": "02130", "pc11_tv_id": "303494", "tv_name": "Bandargog N.C.", "mdds_og": 0, "total_area_sqm": 2110459.3362732194, "total_area_ha": 211.04593362732194, "flood_area_1998": 0.0, "flood_pct_1998": 0.0, "exposed_pop_1998": 0, "flood_area_1999": 0.0, "flood_pct_1999": 0.0, "exposed_pop_1999": 0, "flood_area_2004": 0.0, "flood_pct_2004": 0.0, "exposed_pop_2004": 0, "flood_area_2012": 0.0, "flood_pct_2012": 0.0, "exposed_pop_2012": 0, "flood_area_2013": 0.0, "flood_pct_2013": 0.0, "exposed_pop_2013": 0, "flood_years_exposed": 0, "flood_frequency": 0.0, "max_flood_exposure_pct": 0.0, "exposure_note": "ESTIMATE: spatial overlap with historical flood inundation polygons only. NOT actual people affected." }, "geometry": { "type": "Polygon", "coordinates": [ [ [ 92.018120310000086, 26.066222171000049 ], [ 92.017093107000051, 26.065956998000047 ], [ 92.016740668000068, 26.065805685000043 ], [ 92.016587453000056, 26.065743446000056 ], [ 92.016307810000058, 26.065383908000058 ], [ 92.016054051000083, 26.064927194000063 ], [ 92.015217102000065, 26.062720072000047 ], [ 92.014796124000043, 26.061435552000034 ], [ 92.013237720000063, 26.055985685000053 ], [ 92.012071133000063, 26.052335366000023 ], [ 92.012023795000061, 26.052148608000039 ], [ 92.009229489000063, 26.052187565000054 ], [ 92.005108140000061, 26.052202909000073 ], [ 92.003065271000082, 26.052515152000069 ], [ 92.002108786000065, 26.052788993000036 ], [ 92.000248358000078, 26.053483503000052 ], [ 91.999472876000084, 26.053809328000057 ], [ 91.998955485000067, 26.054127148000077 ], [ 91.998295872000085, 26.054659241000024 ], [ 91.99770043400008, 26.055039287000056 ], [ 91.997413083000083, 26.055246565000061 ], [ 91.998188875000039, 26.055790784000067 ], [ 91.998650093000037, 26.056232666000028 ], [ 91.999826618000043, 26.058085718000029 ], [ 92.000592806000043, 26.059414068000024 ], [ 92.001023159000056, 26.059917323000036 ], [ 92.002611629000057, 26.061434439000038 ], [ 92.003683801000079, 26.062444606000042 ], [ 92.009556158000066, 26.067094260000033 ], [ 92.012234057000057, 26.069456761000026 ], [ 92.012374160000036, 26.069546360000061 ], [ 92.012848431000066, 26.069271023000056 ], [ 92.014214480000078, 26.068713581000054 ], [ 92.016259365000053, 26.067784520000032 ], [ 92.017302090000044, 26.067077335000079 ], [ 92.017679394000083, 26.066796906000036 ], [ 92.017961882000066, 26.066538508000065 ], [ 92.018120310000086, 26.066222171000049 ] ] ] } },
{ "type": "Feature", "properties": { "District": "322", "Subdistt": "02130", "Town/Village": "303495", "Name": "Kakar N.C.", "TRU": "Rural", "No_HH": 136, "TOT_P": 809, "TOT_M": 389, "TOT_F": 420, "P_06": 93, "P_SC": 0, "P_ST": 3, "pc11_s_id": "18", "pc11_d_id": "322", "pc11_sd_id": "02130", "pc11_tv_id": "303495", "tv_name": "Kakar N.C.", "mdds_og": 0, "total_area_sqm": 8862236.6531986855, "total_area_ha": 886.22366531986859, "flood_area_1998": 0.0, "flood_pct_1998": 0.0, "exposed_pop_1998": 0, "flood_area_1999": 0.0, "flood_pct_1999": 0.0, "exposed_pop_1999": 0, "flood_area_2004": 0.0, "flood_pct_2004": 0.0, "exposed_pop_2004": 0, "flood_area_2012": 0.0, "flood_pct_2012": 0.0, "exposed_pop_2012": 0, "flood_area_2013": 0.0, "flood_pct_2013": 0.0, "exposed_pop_2013": 0, "flood_years_exposed": 0, "flood_frequency": 0.0, "max_flood_exposure_pct": 0.0, "exposure_note": "ESTIMATE: spatial overlap with historical flood inundation polygons only. NOT actual people affected." }, "geometry": { "type": "Polygon", "coordinates": [ [ [ 91.994107412000048, 26.055305939000029 ], [ 91.996678203000045, 26.055146944000018 ], [ 91.997413083000083, 26.05524656500009 ], [ 91.997700434000066, 26.055039287000081 ], [ 91.998295872000128, 26.054659240999989 ], [ 91.998955485000081, 26.054127148000106 ], [ 91.999472876000084, 26.053809328000099 ], [ 92.000248358000107, 26.053483503000052 ], [ 92.002108786000036, 26.052788993000053 ], [ 92.00306527100004, 26.052515152000044 ], [ 92.005108140000047, 26.052202909000055 ], [ 92.009229489000077, 26.052187565000029 ], [ 92.01202379500009, 26.052148608 ], [ 92.011775530000065, 26.051169777000016 ], [ 92.011671962000023, 26.050773090000057 ], [ 92.011673934, 26.050527113000044 ], [ 92.011675147000105, 26.050372257000021 ], [ 92.011918740000098, 26.049824 ], [ 92.012363348000122, 26.048944117000161 ], [ 92.012087002000158, 26.048916888000129 ], [ 92.011965329000134, 26.04883890300016 ], [ 92.011781824000138, 26.048643308000052 ], [ 92.011342236000189, 26.047503827000185 ], [ 92.010516515000162, 26.045462492000127 ], [ 92.010416687000074, 26.044804112000186 ], [ 92.010320130000167, 26.043566313000088 ], [ 92.010032622000097, 26.042391420000044 ], [ 92.009541395904819, 26.040440665876208 ], [ 92.009681579241587, 26.038607338158126 ], [ 92.006019620808928, 26.038276498261848 ], [ 92.003380373205701, 26.038031365555092 ], [ 92.001444444905275, 26.036244848820811 ], [ 91.999148374098283, 26.034368451143131 ], [ 91.994318487708071, 26.033020432147325 ], [ 91.981603825855899, 26.029079677585099 ], [ 91.97548319829103, 26.026821697563296 ], [ 91.972926605000097, 26.030034975000049 ], [ 91.972637930000104, 26.031153836999987 ], [ 91.972579687000078, 26.031472559000068 ], [ 91.972575370000072, 26.031792582 ], [ 91.972915686000078, 26.033516872000018 ], [ 91.973035341000028, 26.034076765000069 ], [ 91.973247987000036, 26.034455754000074 ], [ 91.973780346000041, 26.035253488 ], [ 91.974205590000054, 26.035911603 ], [ 91.974398386000104, 26.036370905000084 ], [ 91.974571152000095, 26.036989077999984 ], [ 91.975622323000024, 26.040790177000073 ], [ 91.975618711, 26.041090693000069 ], [ 91.97552554, 26.041371085 ], [ 91.975377501000111, 26.04161240400007 ], [ 91.97523042100002, 26.041933777000015 ], [ 91.97516369, 26.042994123 ], [ 91.975112971000073, 26.049548577000081 ], [ 91.975155373000035, 26.055733562000061 ], [ 91.975235106000056, 26.055958629000031 ], [ 91.975415713000075, 26.056227591 ], [ 91.975899562000052, 26.05663120300008 ], [ 91.976806647000046, 26.057234879000113 ], [ 91.978376845000028, 26.05765121300001 ], [ 91.979441306000084, 26.057638121 ], [ 91.980521259000085, 26.05759838400008 ], [ 91.981100184000027, 26.057542599 ], [ 91.981557850000058, 26.057398225000039 ], [ 91.983921987, 26.056396868000054 ], [ 91.984570987000055, 26.056176617000038 ], [ 91.985237161000015, 26.056133998000064 ], [ 91.987573191000038, 26.055830561 ], [ 91.994107412000048, 26.055305939000029 ] ] ] } },
{ "type": "Feature", "properties": { "District": "322", "Subdistt": "02130", "Town/Village": "303496", "Name": "Tegheria N.C.", "TRU": "Rural", "No_HH": 124, "TOT_P": 653, "TOT_M": 317, "TOT_F": 336, "P_06": 81, "P_SC": 2, "P_ST": 0, "pc11_s_id": "18", "pc11_d_id": "322", "pc11_sd_id": "02130", "pc11_tv_id": "303496", "tv_name": "Tegheria N.C.", "mdds_og": 0, "total_area_sqm": 1216030.2941033065, "total_area_ha": 121.60302941033065, "flood_area_1998": 0.0, "flood_pct_1998": 0.0, "exposed_pop_1998": 0, "flood_area_1999": 0.0, "flood_pct_1999": 0.0, "exposed_pop_1999": 0, "flood_area_2004": 0.0, "flood_pct_2004": 0.0, "exposed_pop_2004": 0, "flood_area_2012": 0.0, "flood_pct_2012": 0.0, "exposed_pop_2012": 0, "flood_area_2013": 0.0, "flood_pct_2013": 0.0, "exposed_pop_2013": 0, "flood_years_exposed": 0, "flood_frequency": 0.0, "max_flood_exposure_pct": 0.0, "exposure_note": "ESTIMATE: spatial overlap with historical flood inundation polygons only. NOT actual people affected." }, "geometry": { "type": "Polygon", "coordinates": [ [ [ 92.018120310000086, 26.066222171000049 ], [ 92.017961882000066, 26.066538508000065 ], [ 92.017679394000083, 26.066796906000036 ], [ 92.017302090000044, 26.067077335000079 ], [ 92.016259365000053, 26.067784520000032 ], [ 92.014214480000078, 26.068713581000054 ], [ 92.012848431000066, 26.069271023000056 ], [ 92.012374160000036, 26.069546360000061 ], [ 92.012805769000067, 26.069821370000057 ], [ 92.014813134000065, 26.070693623000068 ], [ 92.017357103000052, 26.071729360000063 ], [ 92.018417285000055, 26.072095920000038 ], [ 92.019693136000058, 26.072314682000069 ], [ 92.022020617000067, 26.07257009500006 ], [ 92.024692598000058, 26.072500469000033 ], [ 92.026980800000047, 26.072181922000027 ], [ 92.027702618000035, 26.072018994000075 ], [ 92.030301691000034, 26.071007477000023 ], [ 92.03084326700008, 26.070770323000033 ], [ 92.031028549000041, 26.070616590000043 ], [ 92.031159739000032, 26.070453497000074 ], [ 92.032168125000055, 26.069230870000069 ], [ 92.032820521000076, 26.068297821000044 ], [ 92.032844042000079, 26.068136627000058 ], [ 92.032837820000054, 26.067865905000076 ], [ 92.032734263000066, 26.066919250000069 ], [ 92.032502750000049, 26.065763529000037 ], [ 92.03240906800005, 26.065520031000062 ], [ 92.032325392000075, 26.06537356900003 ], [ 92.031464345000074, 26.06465761100003 ], [ 92.030931796000061, 26.064164579000078 ], [ 92.030706727000052, 26.064109547000044 ], [ 92.029731430000083, 26.063889604000053 ], [ 92.028442127000062, 26.063840208000045 ], [ 92.028216806000046, 26.063896056000033 ], [ 92.027924695000081, 26.064040387000034 ], [ 92.027393016000076, 26.064464458000032 ], [ 92.025347522000061, 26.06545477700007 ], [ 92.023914128000058, 26.066054654000027 ], [ 92.023494691000053, 26.066191719000074 ], [ 92.021971215000065, 26.066414227000053 ], [ 92.020757957000058, 26.066493046000062 ], [ 92.020266262000064, 26.066496597000025 ], [ 92.018718732000082, 26.066327984000054 ], [ 92.018120310000086, 26.066222171000049 ] ] ] } },
{ "type": "Feature", "properties": { "District": "322", "Subdistt": "02130", "Town/Village": "303497", "Name": "Barkacharang N.C.", "TRU": "Rural", "No_HH": 122, "TOT_P": 678, "TOT_M": 344, "TOT_F": 334, "P_06": 106, "P_SC": 0, "P_ST": 0, "pc11_s_id": "18", "pc11_d_id": "322", "pc11_sd_id": "02130", "pc11_tv_id": "303497", "tv_name": "Barkacharang N.C.", "mdds_og": 0, "total_area_sqm": 4800159.4364471156, "total_area_ha": 480.01594364471157, "flood_area_1998": 0.0, "flood_pct_1998": 0.0, "exposed_pop_1998": 0, "flood_area_1999": 0.0, "flood_pct_1999": 0.0, "exposed_pop_1999": 0, "flood_area_2004": 0.0, "flood_pct_2004": 0.0, "exposed_pop_2004": 0, "flood_area_2012": 0.0, "flood_pct_2012": 0.0, "exposed_pop_2012": 0, "flood_area_2013": 0.0, "flood_pct_2013": 0.0, "exposed_pop_2013": 0, "flood_years_exposed": 0, "flood_frequency": 0.0, "max_flood_exposure_pct": 0.0, "exposure_note": "ESTIMATE: spatial overlap with historical flood inundation polygons only. NOT actual people affected." }, "geometry": { "type": "Polygon", "coordinates": [ [ [ 92.044151414000112, 26.052632132000042 ], [ 92.043610754000042, 26.052081621000056 ], [ 92.043030604000194, 26.05161186100009 ], [ 92.042644486000214, 26.051190523000045 ], [ 92.042497173000186, 26.050867389000132 ], [ 92.042394749000067, 26.05057753100013 ], [ 92.042309841000147, 26.049910836000123 ], [ 92.042245741000173, 26.04623447100014 ], [ 92.042256464000076, 26.041651669000032 ], [ 92.042112753000183, 26.039916137000141 ], [ 92.042032982000066, 26.039240392000096 ], [ 92.041899344000115, 26.039026549000077 ], [ 92.041318964000141, 26.038399069000029 ], [ 92.040634907674956, 26.035016958565826 ], [ 92.037886691018045, 26.03731247988712 ], [ 92.036126013604672, 26.039124772090627 ], [ 92.033575726938295, 26.039724157643818 ], [ 92.028320852425423, 26.040662573219198 ], [ 92.02773882828437, 26.039994019008805 ], [ 92.0244727873893, 26.037737415849094 ], [ 92.020858544286455, 26.035225110250693 ], [ 92.016869077046337, 26.034623561827974 ], [ 92.011907198958113, 26.034218179825164 ], [ 92.011450031293947, 26.034917438688954 ], [ 92.01059018588839, 26.037664674185379 ], [ 92.0097652287823, 26.038498577747227 ], [ 92.009681579241587, 26.038607338158126 ], [ 92.009541395904819, 26.040440665876208 ], [ 92.010032622000097, 26.042391420000044 ], [ 92.010320130000167, 26.043566313000088 ], [ 92.010416687000074, 26.044804112000186 ], [ 92.010516515000162, 26.045462492000127 ], [ 92.011342236000189, 26.047503827000185 ], [ 92.011781824000138, 26.048643308000052 ], [ 92.011965329000134, 26.04883890300016 ], [ 92.012087002000158, 26.048916888000129 ], [ 92.012363348000122, 26.048944117000161 ], [ 92.014590728000201, 26.048674924000181 ], [ 92.017117124000151, 26.048440495000058 ], [ 92.020659947000098, 26.048443345000116 ], [ 92.02351323000002, 26.048577667000039 ], [ 92.024030665000112, 26.048604014 ], [ 92.024611600000128, 26.048905717 ], [ 92.027006485000129, 26.050410964000115 ], [ 92.029015093000055, 26.051881441000013 ], [ 92.031266736000106, 26.053098584000089 ], [ 92.03170676100018, 26.053287875000031 ], [ 92.03214869900016, 26.053383792000062 ], [ 92.032925464000215, 26.053424921000179 ], [ 92.036826052, 26.053469324000034 ], [ 92.039951051000202, 26.053371407000014 ], [ 92.042266479000119, 26.053049367000014 ], [ 92.044151414000112, 26.052632132000042 ] ] ] } },
{ "type": "Feature", "properties": { "District": "322", "Subdistt": "02130", "Town/Village": "303498", "Name": "Kalangpur N.C.", "TRU": "Rural", "No_HH": 96, "TOT_P": 538, "TOT_M": 283, "TOT_F": 255, "P_06": 82, "P_SC": 0, "P_ST": 0, "pc11_s_id": "18", "pc11_d_id": "322", "pc11_sd_id": "02130", "pc11_tv_id": "303498", "tv_name": "Kalangpur N.C.", "mdds_og": 0, "total_area_sqm": 1913827.4540441209, "total_area_ha": 191.38274540441208, "flood_area_1998": 0.0, "flood_pct_1998": 0.0, "exposed_pop_1998": 0, "flood_area_1999": 0.0, "flood_pct_1999": 0.0, "exposed_pop_1999": 0, "flood_area_2004": 0.0, "flood_pct_2004": 0.0, "exposed_pop_2004": 0, "flood_area_2012": 0.0, "flood_pct_2012": 0.0, "exposed_pop_2012": 0, "flood_area_2013": 0.0, "flood_pct_2013": 0.0, "exposed_pop_2013": 0, "flood_years_exposed": 0, "flood_frequency": 0.0, "max_flood_exposure_pct": 0.0, "exposure_note": "ESTIMATE: spatial overlap with historical flood inundation polygons only. NOT actual people affected." }, "geometry": { "type": "Polygon", "coordinates": [ [ [ 92.052036701000077, 26.035357647000097 ], [ 92.052757554817347, 26.033093511056745 ], [ 92.048966789185997, 26.033559153931847 ], [ 92.042482348081919, 26.034258825584374 ], [ 92.040634907674956, 26.035016958565834 ], [ 92.041318964000141, 26.038399069000036 ], [ 92.041899344000115, 26.039026549000084 ], [ 92.042032982000066, 26.039240392000103 ], [ 92.042112753000183, 26.039916137000148 ], [ 92.042256464000076, 26.041651669000039 ], [ 92.042245741000173, 26.046234471000147 ], [ 92.042309841000147, 26.04991083600013 ], [ 92.042394749000067, 26.050577531000137 ], [ 92.042497173000186, 26.050867389000139 ], [ 92.042644486000214, 26.051190523000052 ], [ 92.043030604000194, 26.051611861000097 ], [ 92.043610754000042, 26.052081621000063 ], [ 92.044151414000112, 26.052632132000049 ], [ 92.048113318000091, 26.051696752000016 ], [ 92.049408967, 26.051343055000061 ], [ 92.049750817000046, 26.051201308000056 ], [ 92.050795272000045, 26.050452643000018 ], [ 92.052228907000085, 26.049515503000105 ], [ 92.052409267000087, 26.049344575000084 ], [ 92.052451457000117, 26.049252381 ], [ 92.05245509600006, 26.049007337999981 ], [ 92.052444904000112, 26.048776607000075 ], [ 92.052146669000123, 26.047687833000051 ], [ 92.051330123000071, 26.044382756000058 ], [ 92.051222402000036, 26.043369287000047 ], [ 92.050955054000028, 26.041250476000062 ], [ 92.050980432000088, 26.039082523 ], [ 92.051110987000044, 26.038311803000099 ], [ 92.051616082000095, 26.036831275000079 ], [ 92.052036701000077, 26.035357647000097 ] ] ] } },
{ "type": "Feature", "properties": { "District": "322", "Subdistt": "02130", "Town/Village": "303499", "Name": "Uppar Killing N.C.", "TRU": "Rural", "No_HH": 54, "TOT_P": 270, "TOT_M": 128, "TOT_F": 142, "P_06": 56, "P_SC": 1, "P_ST": 0, "pc11_s_id": "18", "pc11_d_id": "322", "pc11_sd_id": "02130", "pc11_tv_id": "303499", "tv_name": "Uppar Killing N.C.", "mdds_og": 0, "total_area_sqm": 2283117.1438356969, "total_area_ha": 228.31171438356969, "flood_area_1998": 0.0, "flood_pct_1998": 0.0, "exposed_pop_1998": 0, "flood_area_1999": 0.0, "flood_pct_1999": 0.0, "exposed_pop_1999": 0, "flood_area_2004": 0.0, "flood_pct_2004": 0.0, "exposed_pop_2004": 0, "flood_area_2012": 0.0, "flood_pct_2012": 0.0, "exposed_pop_2012": 0, "flood_area_2013": 0.0, "flood_pct_2013": 0.0, "exposed_pop_2013": 0, "flood_years_exposed": 0, "flood_frequency": 0.0, "max_flood_exposure_pct": 0.0, "exposure_note": "ESTIMATE: spatial overlap with historical flood inundation polygons only. NOT actual people affected." }, "geometry": { "type": "Polygon", "coordinates": [ [ [ 92.108887287918066, 26.049711386171559 ], [ 92.100141480844755, 26.049129306272523 ], [ 92.099728255854359, 26.04910392200841 ], [ 92.096910517106693, 26.048938124794674 ], [ 92.08868650028181, 26.048222182607716 ], [ 92.086595781000113, 26.049354801000035 ], [ 92.085963621000033, 26.049841879000013 ], [ 92.085640502000032, 26.050283672000063 ], [ 92.085308930000039, 26.050934521 ], [ 92.085260279000096, 26.051350038000098 ], [ 92.085245906000068, 26.051715948 ], [ 92.085233458000104, 26.052029894000039 ], [ 92.085272795000066, 26.052257768000064 ], [ 92.085606424000048, 26.052802917000051 ], [ 92.086169598000112, 26.053279049000011 ], [ 92.087984556, 26.054375869000079 ], [ 92.092550545000051, 26.056779719000112 ], [ 92.094073261000091, 26.057646273000046 ], [ 92.094585631000129, 26.057824699000065 ], [ 92.095263947000035, 26.057916725000041 ], [ 92.096407592000062, 26.058220578000046 ], [ 92.100765339000105, 26.06002497800004 ], [ 92.1033930010001, 26.061107751000101 ], [ 92.104119937000036, 26.06147711800002 ], [ 92.105183569000104, 26.062160571000081 ], [ 92.105558035000087, 26.062284458000029 ], [ 92.105883062000075, 26.062425138000034 ], [ 92.106089764000032, 26.06212906100005 ], [ 92.106222418000087, 26.061935916000056 ], [ 92.106590361000059, 26.061163810000032 ], [ 92.106925497000077, 26.060179937000072 ], [ 92.107325820000071, 26.058828388000066 ], [ 92.107837797000073, 26.05513063500009 ], [ 92.108093591000099, 26.053547582000114 ], [ 92.108570587000031, 26.051773409000045 ], [ 92.108921651000045, 26.050694098000093 ], [ 92.109136092000114, 26.050079749000066 ], [ 92.108887287918066, 26.049711386171559 ] ] ] } },
{ "type": "Feature", "properties": { "District": "322", "Subdistt": "02130", "Town/Village": "303500", "Name": "Sonapur Pathar", "TRU": "Rural", "No_HH": 219, "TOT_P": 1269, "TOT_M": 633, "TOT_F": 636, "P_06": 263, "P_SC": 0, "P_ST": 31, "pc11_s_id": "18", "pc11_d_id": "322", "pc11_sd_id": "02130", "pc11_tv_id": "303500", "tv_name": "Sonapur Pathar", "mdds_og": 0, "total_area_sqm": 2451330.0470575131, "total_area_ha": 245.13300470575132, "flood_area_1998": 2036255.9084425091, "flood_pct_1998": 83.067390736990149, "exposed_pop_1998": 1054, "flood_area_1999": 0.0, "flood_pct_1999": 0.0, "exposed_pop_1999": 0, "flood_area_2004": 2031832.098873911, "flood_pct_2004": 82.886925051681544, "exposed_pop_2004": 1052, "flood_area_2012": 1159171.6135555326, "flood_pct_2012": 47.287455842470493, "exposed_pop_2012": 600, "flood_area_2013": 764260.40275301086, "flood_pct_2013": 31.177376692722429, "exposed_pop_2013": 396, "flood_years_exposed": 4, "flood_frequency": 0.8, "max_flood_exposure_pct": 83.067390736990149, "exposure_note": "ESTIMATE: spatial overlap with historical flood inundation polygons only. NOT actual people affected." }, "geometry": { "type": "Polygon", "coordinates": [ [ [ 91.995500722000031, 26.142391287000066 ], [ 91.996516043000042, 26.141502977000073 ], [ 91.996982256000081, 26.141172349000044 ], [ 91.99835267900005, 26.140598432000047 ], [ 91.998932357000058, 26.140362969000023 ], [ 92.00002489600007, 26.140106003000028 ], [ 92.00157164400008, 26.139931105000073 ], [ 92.002645700000073, 26.139701057000025 ], [ 92.003560305000065, 26.139452911000035 ], [ 92.004934024000079, 26.139038236000033 ], [ 92.005582450000077, 26.138748169000053 ], [ 92.00427536400008, 26.137923378000039 ], [ 92.003121650000082, 26.13714340100006 ], [ 92.001822011000058, 26.135952235000047 ], [ 92.001548659000036, 26.135466133000023 ], [ 92.001280417000032, 26.134855408000078 ], [ 92.001077724000083, 26.134090547000028 ], [ 92.00041957500008, 26.131459539000048 ], [ 92.000094606000062, 26.130279099000063 ], [ 91.999696010000036, 26.129387036000026 ], [ 91.998343245000058, 26.127093571000046 ], [ 91.997621237000033, 26.126129538000043 ], [ 91.997325302000036, 26.125749837000058 ], [ 91.997048330000041, 26.125435310000057 ], [ 91.996144937000054, 26.125371500000028 ], [ 91.995698319000041, 26.125365657000032 ], [ 91.994299362000049, 26.125490411000044 ], [ 91.993006226000034, 26.125693070000068 ], [ 91.990929945000062, 26.125959173000069 ], [ 91.990363387000059, 26.126026597000077 ], [ 91.989661941000065, 26.126051467000025 ], [ 91.988508702000047, 26.126065728000071 ], [ 91.985977621000075, 26.125861612000051 ], [ 91.982337696000059, 26.125607006000052 ], [ 91.982300988000077, 26.125603909000063 ], [ 91.981644492000044, 26.125611156000048 ], [ 91.982683765000047, 26.126620227000046 ], [ 91.983199734000038, 26.126674556000069 ], [ 91.98433674000006, 26.126794267000037 ], [ 91.984601324000039, 26.126864845000057 ], [ 91.98473060300006, 26.126969818000077 ], [ 91.985230924000064, 26.128228983000042 ], [ 91.985558476000051, 26.129022651000071 ], [ 91.985697849000076, 26.129697736000026 ], [ 91.98583435200004, 26.130699467000056 ], [ 91.987331476000065, 26.135520147000022 ], [ 91.987706115000037, 26.136232136000046 ], [ 91.987854793000054, 26.136398408000048 ], [ 91.988003474000038, 26.136564682000028 ], [ 91.989781580000056, 26.138472317000037 ], [ 91.990546713000072, 26.139318496000044 ], [ 91.990598598000076, 26.139449880000029 ], [ 91.990649228000052, 26.139641673000028 ], [ 91.990652208000085, 26.139822070000037 ], [ 91.990544984000053, 26.140388191000056 ], [ 91.990857745000085, 26.141897967000034 ], [ 91.991305732000058, 26.141570155000068 ], [ 91.991460863000043, 26.141532183000038 ], [ 91.991641366000067, 26.141537214000039 ], [ 91.991760621000083, 26.141561685000056 ], [ 91.991846732000056, 26.141599341000074 ], [ 91.991962743000045, 26.141715423000051 ], [ 91.992167229000074, 26.142075845000079 ], [ 91.992923863000044, 26.144192556000064 ], [ 91.993301141000074, 26.14404270700004 ], [ 91.993536439000081, 26.14394832000005 ], [ 91.994088390000059, 26.143732268000065 ], [ 91.994452359000036, 26.143400935000045 ], [ 91.99484491000004, 26.143102394000039 ], [ 91.995500722000031, 26.142391287000066 ] ] ] } },
{ "type": "Feature", "properties": { "District": "322", "Subdistt": "02130", "Town/Village": "303501", "Name": "Kachutali Pathar", "TRU": "Rural", "No_HH": 479, "TOT_P": 2967, "TOT_M": 1527, "TOT_F": 1440, "P_06": 631, "P_SC": 0, "P_ST": 0, "pc11_s_id": "18", "pc11_d_id": "322", "pc11_sd_id": "02130", "pc11_tv_id": "303501", "tv_name": "Kachutali Pathar", "mdds_og": 0, "total_area_sqm": 4069415.5309123076, "total_area_ha": 406.94155309123073, "flood_area_1998": 3893169.02218692, "flood_pct_1998": 95.668997000021889, "exposed_pop_1998": 2838, "flood_area_1999": 546307.88477283879, "flood_pct_1999": 13.424725998683257, "exposed_pop_1999": 398, "flood_area_2004": 3872213.6254188819, "flood_pct_2004": 95.154048437781043, "exposed_pop_2004": 2823, "flood_area_2012": 2259906.4587172908, "flood_pct_2012": 55.533932122450281, "exposed_pop_2012": 1648, "flood_area_2013": 2455916.9709946346, "flood_pct_2013": 60.350606919811192, "exposed_pop_2013": 1791, "flood_years_exposed": 5, "flood_frequency": 1.0, "max_flood_exposure_pct": 95.668997000021889, "exposure_note": "ESTIMATE: spatial overlap with historical flood inundation polygons only. NOT actual people affected." }, "geometry": { "type": "Polygon", "coordinates": [ [ [ 92.006319573000042, 26.139444763000029 ], [ 92.005582450000077, 26.138748169000053 ], [ 92.004934024000079, 26.139038236000033 ], [ 92.003560305000065, 26.139452911000035 ], [ 92.002645700000073, 26.139701057000025 ], [ 92.00157164400008, 26.139931105000073 ], [ 92.00002489600007, 26.140106003000028 ], [ 91.998932357000058, 26.140362969000023 ], [ 91.99835267900005, 26.140598432000047 ], [ 91.996982256000081, 26.141172349000044 ], [ 91.996516043000042, 26.141502977000073 ], [ 91.995500722000031, 26.142391287000066 ], [ 91.99484491000004, 26.143102394000039 ], [ 91.994452359000036, 26.143400935000045 ], [ 91.994088390000059, 26.143732268000065 ], [ 91.993536439000081, 26.14394832000005 ], [ 91.993301141000074, 26.14404270700004 ], [ 91.992923863000044, 26.144192556000064 ], [ 91.993915099000048, 26.146286272000054 ], [ 91.994149494000055, 26.146974576000048 ], [ 91.994495091000033, 26.147953521000034 ], [ 91.995061853000038, 26.150435728000048 ], [ 91.995626825000045, 26.153935021000052 ], [ 91.995728190000079, 26.155287516000044 ], [ 91.995747017000042, 26.156991393000055 ], [ 91.995902215000058, 26.162665919000062 ], [ 91.996134053000048, 26.16573390700006 ], [ 91.996359293000069, 26.168542461000072 ], [ 91.996372835000045, 26.172074167000062 ], [ 91.99632043400004, 26.172797540000033 ], [ 91.996247132000065, 26.173032653000064 ], [ 91.995997016000047, 26.173978324000075 ], [ 91.995900856000048, 26.17416101200007 ], [ 91.995780499000034, 26.174306505000061 ], [ 91.995649087000061, 26.174425391000057 ], [ 91.995518258000061, 26.174495097000033 ], [ 91.995078330000069, 26.174700997000059 ], [ 91.995547726000041, 26.174983859000065 ], [ 91.995723051000084, 26.175165880000065 ], [ 91.99593100900006, 26.17556197600004 ], [ 91.996513708000066, 26.177505208000071 ], [ 91.996687318000056, 26.177836792000051 ], [ 91.997057323000035, 26.178578299000037 ], [ 91.997365379000087, 26.179566118000025 ], [ 91.997467062000055, 26.180112479000059 ], [ 91.997545496000043, 26.181877980000024 ], [ 91.997553431000085, 26.181947567000066 ], [ 91.997871298000064, 26.18191769200007 ], [ 91.99810264100006, 26.181859792000068 ], [ 91.998373279000077, 26.181721272000061 ], [ 91.998618739000051, 26.181554438000035 ], [ 91.99890279400006, 26.181291797000029 ], [ 91.999085242000035, 26.181123013000047 ], [ 91.999967828000081, 26.180281939000054 ], [ 92.001711628000066, 26.179438512000047 ], [ 92.002724115000035, 26.178737614000056 ], [ 92.003147783000031, 26.17846064500003 ], [ 92.003985381000064, 26.177432779000071 ], [ 92.004263362000074, 26.176851235000072 ], [ 92.004400479000083, 26.176567274000035 ], [ 92.005325128000038, 26.173689652000064 ], [ 92.00544676700008, 26.173027454000078 ], [ 92.005551591000085, 26.171206386000051 ], [ 92.005668871000069, 26.170836343000076 ], [ 92.005521356000031, 26.170282306000047 ], [ 92.005461311000033, 26.169308845000046 ], [ 92.005226125000036, 26.168177595000031 ], [ 92.004988429000036, 26.166821851000066 ], [ 92.004402574000039, 26.163467603000072 ], [ 92.004205941000066, 26.161353912000038 ], [ 92.00427121000007, 26.15791334100004 ], [ 92.004362976000039, 26.154421451000076 ], [ 92.004241522000086, 26.153353524000067 ], [ 92.004265332000045, 26.151880815000027 ], [ 92.00431959000008, 26.150675880000051 ], [ 92.004559201000063, 26.148972133000029 ], [ 92.005060120000053, 26.14745414600003 ], [ 92.005775496000069, 26.145226673000025 ], [ 92.006022772000051, 26.144042856000056 ], [ 92.006404630000077, 26.140340341000069 ], [ 92.006458706000046, 26.139824865000037 ], [ 92.006431425000073, 26.139610010000069 ], [ 92.006319573000042, 26.139444763000029 ] ] ] } },
{ "type": "Feature", "properties": { "District": "322", "Subdistt": "02130", "Town/Village": "303502", "Name": "Chamata Pathar", "TRU": "Rural", "No_HH": 559, "TOT_P": 2842, "TOT_M": 1461, "TOT_F": 1381, "P_06": 401, "P_SC": 55, "P_ST": 73, "pc11_s_id": "18", "pc11_d_id": "322", "pc11_sd_id": "02130", "pc11_tv_id": "303502", "tv_name": "Chamata Pathar", "mdds_og": 0, "total_area_sqm": 3007185.3737532035, "total_area_ha": 300.71853737532035, "flood_area_1998": 2833458.0713863033, "flood_pct_1998": 94.222926731315042, "exposed_pop_1998": 2678, "flood_area_1999": 1140627.1595433834, "flood_pct_1999": 37.93005810346142, "exposed_pop_1999": 1078, "flood_area_2004": 2818630.7965785861, "flood_pct_2004": 93.729865181563895, "exposed_pop_2004": 2664, "flood_area_2012": 2101385.9718895475, "flood_pct_2012": 69.878830557986277, "exposed_pop_2012": 1986, "flood_area_2013": 1924647.2472942681, "flood_pct_2013": 64.001616398265369, "exposed_pop_2013": 1819, "flood_years_exposed": 5, "flood_frequency": 1.0, "max_flood_exposure_pct": 94.222926731315042, "exposure_note": "ESTIMATE: spatial overlap with historical flood inundation polygons only. NOT actual people affected." }, "geometry": { "type": "Polygon", "coordinates": [ [ [ 92.007222285000068, 26.127103199000032 ], [ 92.006697666000036, 26.127101922000065 ], [ 92.003391737000072, 26.127122224000061 ], [ 91.998343245000058, 26.127093571000046 ], [ 91.999696010000036, 26.129387036000026 ], [ 92.000094606000062, 26.130279099000063 ], [ 92.00041957500008, 26.131459539000048 ], [ 92.001077724000083, 26.134090547000028 ], [ 92.001280417000032, 26.134855408000078 ], [ 92.001548659000036, 26.135466133000023 ], [ 92.001822011000058, 26.135952235000047 ], [ 92.003121650000082, 26.13714340100006 ], [ 92.00427536400008, 26.137923378000039 ], [ 92.005582450000077, 26.138748169000053 ], [ 92.006319573000042, 26.139444763000029 ], [ 92.006431425000073, 26.139610010000069 ], [ 92.006458706000046, 26.139824865000037 ], [ 92.006404630000077, 26.140340341000069 ], [ 92.006022772000051, 26.144042856000056 ], [ 92.005775496000069, 26.145226673000025 ], [ 92.005060120000053, 26.14745414600003 ], [ 92.004559201000063, 26.148972133000029 ], [ 92.00431959000008, 26.150675880000051 ], [ 92.004265332000045, 26.151880815000027 ], [ 92.004241522000086, 26.153353524000067 ], [ 92.004362976000039, 26.154421451000076 ], [ 92.00427121000007, 26.15791334100004 ], [ 92.004205941000066, 26.161353912000038 ], [ 92.004402574000039, 26.163467603000072 ], [ 92.004988429000036, 26.166821851000066 ], [ 92.005226125000036, 26.168177595000031 ], [ 92.005461311000033, 26.169308845000046 ], [ 92.005521356000031, 26.170282306000047 ], [ 92.005668871000069, 26.170836343000076 ], [ 92.005798856000069, 26.170703528000047 ], [ 92.005986788000087, 26.170453933000033 ], [ 92.006157959000063, 26.170145064000053 ], [ 92.006255730000078, 26.169775293000043 ], [ 92.007176804000039, 26.166857163000032 ], [ 92.007870555000068, 26.164550523000059 ], [ 92.00875857300008, 26.161921235000023 ], [ 92.009086796000076, 26.161241561000054 ], [ 92.009546961000069, 26.160376924000047 ], [ 92.010493903000054, 26.157106541000076 ], [ 92.011285183000041, 26.154674888000045 ], [ 92.01140784100005, 26.153648464000071 ], [ 92.011650631000066, 26.151087518000054 ], [ 92.011676808000061, 26.150241315000073 ], [ 92.011711505000051, 26.149709209000036 ], [ 92.011803559000043, 26.149139288000072 ], [ 92.011817596000071, 26.147004539000079 ], [ 92.011874532000036, 26.146374476000062 ], [ 92.012097391000054, 26.145785228000022 ], [ 92.013491306000049, 26.142702457000041 ], [ 92.013731072000041, 26.141662995000047 ], [ 92.013754539000047, 26.141510091000043 ], [ 92.013903884000058, 26.140518821000057 ], [ 92.013951973000076, 26.140447728000026 ], [ 92.013912984000058, 26.140187883000067 ], [ 92.013880854000035, 26.139975079000067 ], [ 92.013799812000059, 26.139543158000038 ], [ 92.013700829000072, 26.139240858000051 ], [ 92.013572897000074, 26.139082442000074 ], [ 92.012219221000066, 26.138153886000055 ], [ 92.01162134100008, 26.137873056000046 ], [ 92.01137293000005, 26.137688128000036 ], [ 92.00914638100005, 26.135663861000069 ], [ 92.009020608000071, 26.13545358500005 ], [ 92.008970540000064, 26.135178688000053 ], [ 92.009007121000081, 26.133936807000055 ], [ 92.008792135000078, 26.132309097000075 ], [ 92.008462007000048, 26.13053343200005 ], [ 92.008090650000042, 26.128643758000067 ], [ 92.007645664000052, 26.127183930000058 ], [ 92.007222285000068, 26.127103199000032 ] ] ] } },
{ "type": "Feature", "properties": { "District": "322", "Subdistt": "02130", "Town/Village": "303503", "Name": "Dikchak", "TRU": "Rural", "No_HH": 106, "TOT_P": 496, "TOT_M": 254, "TOT_F": 242, "P_06": 47, "P_SC": 4, "P_ST": 359, "pc11_s_id": "18", "pc11_d_id": "322", "pc11_sd_id": "02130", "pc11_tv_id": "303503", "tv_name": "Dikchak", "mdds_og": 0, "total_area_sqm": 741723.56565847876, "total_area_ha": 74.172356565847878, "flood_area_1998": 142621.87851921681, "flood_pct_1998": 19.228441042263718, "exposed_pop_1998": 95, "flood_area_1999": 0.0, "flood_pct_1999": 0.0, "exposed_pop_1999": 0, "flood_area_2004": 177056.2302766839, "flood_pct_2004": 23.870918826678906, "exposed_pop_2004": 118, "flood_area_2012": 0.0, "flood_pct_2012": 0.0, "exposed_pop_2012": 0, "flood_area_2013": 0.0, "flood_pct_2013": 0.0, "exposed_pop_2013": 0, "flood_years_exposed": 2, "flood_frequency": 0.4, "max_flood_exposure_pct": 23.870918826678906, "exposure_note": "ESTIMATE: spatial overlap with historical flood inundation polygons only. NOT actual people affected." }, "geometry": { "type": "Polygon", "coordinates": [ [ [ 91.98980206400006, 26.105736380000053 ], [ 91.98893958900004, 26.106440024000051 ], [ 91.98859218900003, 26.10679476200005 ], [ 91.988251869000067, 26.107339452000076 ], [ 91.987076196000032, 26.110067099000048 ], [ 91.986887615000057, 26.110660883000037 ], [ 91.986884763000035, 26.110862223000026 ], [ 91.986951369000053, 26.11163693900005 ], [ 91.987177517000077, 26.112267343000042 ], [ 91.987341067000045, 26.112538862000065 ], [ 91.987529191000078, 26.112787540000056 ], [ 91.988239839000073, 26.113561612000069 ], [ 91.989095279000082, 26.114233705000061 ], [ 91.989674839000031, 26.114567224000041 ], [ 91.989864864000083, 26.11460330500006 ], [ 91.990598583000065, 26.114620646000049 ], [ 91.99187108700005, 26.114684927000042 ], [ 91.992009479000046, 26.114697855000031 ], [ 91.992197874000055, 26.114768768000033 ], [ 91.992604825000058, 26.114383371000031 ], [ 91.993098151000083, 26.11407839900005 ], [ 91.993266112000072, 26.113985301000071 ], [ 91.993900464000035, 26.113812110000026 ], [ 91.994893215000047, 26.113475827000059 ], [ 91.995532436000076, 26.113191739000058 ], [ 91.995802516000083, 26.113029811000047 ], [ 91.996861116000048, 26.112036433000071 ], [ 91.997136563000083, 26.111735675000034 ], [ 91.997269494000079, 26.111544218000063 ], [ 91.997303599000077, 26.111367219000044 ], [ 91.997364268000069, 26.110340675000032 ], [ 91.997319364000077, 26.109700342000053 ], [ 91.997304856000085, 26.109482564000075 ], [ 91.997226461000082, 26.109306436000054 ], [ 91.996779530000083, 26.108810173000052 ], [ 91.996167289000084, 26.108153167000069 ], [ 91.995928947000039, 26.107966812000029 ], [ 91.994995799000037, 26.107505006000054 ], [ 91.993917257000078, 26.107090088000064 ], [ 91.993448130000047, 26.106826803000047 ], [ 91.992363675000036, 26.106549100000052 ], [ 91.991284281000048, 26.106406603000039 ], [ 91.990989668000054, 26.10635680300004 ], [ 91.990761215000077, 26.106224532000056 ], [ 91.990459703000056, 26.106067695000036 ], [ 91.98980206400006, 26.105736380000053 ] ] ] } },
{ "type": "Feature", "properties": { "District": "322", "Subdistt": "02130", "Town/Village": "303504", "Name": "Dikchak N.C.", "TRU": "Rural", "No_HH": 86, "TOT_P": 446, "TOT_M": 204, "TOT_F": 242, "P_06": 55, "P_SC": 0, "P_ST": 18, "pc11_s_id": "18", "pc11_d_id": "322", "pc11_sd_id": "02130", "pc11_tv_id": "303504", "tv_name": "Dikchak N.C.", "mdds_og": 0, "total_area_sqm": 3839567.2789262794, "total_area_ha": 383.95672789262795, "flood_area_1998": 0.0, "flood_pct_1998": 0.0, "exposed_pop_1998": 0, "flood_area_1999": 0.0, "flood_pct_1999": 0.0, "exposed_pop_1999": 0, "flood_area_2004": 2980.6193642197286, "flood_pct_2004": 0.077629043787800167, "exposed_pop_2004": 0, "flood_area_2012": 0.0, "flood_pct_2012": 0.0, "exposed_pop_2012": 0, "flood_area_2013": 0.0, "flood_pct_2013": 0.0, "exposed_pop_2013": 0, "flood_years_exposed": 1, "flood_frequency": 0.2, "max_flood_exposure_pct": 0.077629043787800167, "exposure_note": "ESTIMATE: spatial overlap with historical flood inundation polygons only. NOT actual people affected." }, "geometry": { "type": "Polygon", "coordinates": [ [ [ 92.01527118100006, 26.114989340000079 ], [ 92.015157147000082, 26.114827060000039 ], [ 92.014021296000067, 26.111708863000047 ], [ 92.013663460000032, 26.110651780000069 ], [ 92.013428213000054, 26.110230062000028 ], [ 92.012516080000069, 26.109024971000053 ], [ 92.011123664000081, 26.107195670000067 ], [ 92.009136383000055, 26.104568130000075 ], [ 92.008762875000059, 26.103984208000043 ], [ 92.008377487000075, 26.104054654000038 ], [ 92.007285141000068, 26.104154578000077 ], [ 92.006666374000076, 26.104188375000035 ], [ 92.004099560000043, 26.103557149000039 ], [ 92.002340076000053, 26.103043910000054 ], [ 92.001275015000033, 26.102746452000076 ], [ 91.999779814000078, 26.102512023000031 ], [ 91.99684796400004, 26.10235298300006 ], [ 91.994761802000085, 26.102376731000049 ], [ 91.994271375000039, 26.102392740000028 ], [ 91.993987372000049, 26.102461198000071 ], [ 91.993335578000085, 26.102869203000068 ], [ 91.991841887000078, 26.103917551000052 ], [ 91.990193759000078, 26.105406635000065 ], [ 91.98980206400006, 26.105736380000053 ], [ 91.990459703000056, 26.106067695000036 ], [ 91.990761215000077, 26.106224532000056 ], [ 91.990989668000054, 26.10635680300004 ], [ 91.991284281000048, 26.106406603000039 ], [ 91.992363675000036, 26.106549100000052 ], [ 91.993448130000047, 26.106826803000047 ], [ 91.993917257000078, 26.107090088000064 ], [ 91.994995799000037, 26.107505006000054 ], [ 91.995928947000039, 26.107966812000029 ], [ 91.996167289000084, 26.108153167000069 ], [ 91.996779530000083, 26.108810173000052 ], [ 91.997226461000082, 26.109306436000054 ], [ 91.997304856000085, 26.109482564000075 ], [ 91.997319364000077, 26.109700342000053 ], [ 91.997364268000069, 26.110340675000032 ], [ 91.997303599000077, 26.111367219000044 ], [ 91.997269494000079, 26.111544218000063 ], [ 91.997136563000083, 26.111735675000034 ], [ 91.996861116000048, 26.112036433000071 ], [ 91.995802516000083, 26.113029811000047 ], [ 91.995532436000076, 26.113191739000058 ], [ 91.994893215000047, 26.113475827000059 ], [ 91.993900464000035, 26.113812110000026 ], [ 91.993266112000072, 26.113985301000071 ], [ 91.993098151000083, 26.11407839900005 ], [ 91.992604825000058, 26.114383371000031 ], [ 91.992197874000055, 26.114768768000033 ], [ 91.993009991000065, 26.115075773000058 ], [ 91.993793212000071, 26.115486848000046 ], [ 91.994150264000041, 26.115363054000056 ], [ 91.99436296500005, 26.115352419000033 ], [ 91.994564542000035, 26.115352857000062 ], [ 91.995319651000045, 26.115501485000038 ], [ 91.997855980000054, 26.116034106000029 ], [ 92.000135131000036, 26.116504737000071 ], [ 92.002453648000085, 26.117076436000048 ], [ 92.003083960000083, 26.117336146000071 ], [ 92.00351912800005, 26.11750462200007 ], [ 92.003579374000083, 26.117550531000063 ], [ 92.005533625000055, 26.118579677000071 ], [ 92.008031234000043, 26.120056576000025 ], [ 92.008589679000067, 26.120535848000031 ], [ 92.009006248000048, 26.120890243000076 ], [ 92.00983386200005, 26.122086008000053 ], [ 92.010851203000072, 26.123207911000065 ], [ 92.012787985000045, 26.124903128000028 ], [ 92.015030724000042, 26.124932553000065 ], [ 92.018502258000069, 26.124981748000039 ], [ 92.019467632000044, 26.125110308000046 ], [ 92.019910097000036, 26.125118094000072 ], [ 92.020174705000045, 26.125102702000049 ], [ 92.020355496000036, 26.125077759000078 ], [ 92.020654160000049, 26.12499301500003 ], [ 92.020880858000055, 26.124863049000055 ], [ 92.021086795000031, 26.124732163000033 ], [ 92.021977790000051, 26.123609825000074 ], [ 92.022039466000081, 26.123398374000033 ], [ 92.022048537000046, 26.123177092000049 ], [ 92.021625730000039, 26.122154393000073 ], [ 92.021346357000084, 26.120741481000039 ], [ 92.021235020000063, 26.12039197200005 ], [ 92.021062875000041, 26.12020659500007 ], [ 92.018749398000068, 26.118387046000066 ], [ 92.015985302000047, 26.115927348000071 ], [ 92.015385210000034, 26.115151609000065 ], [ 92.01527118100006, 26.114989340000079 ] ] ] } },
{ "type": "Feature", "properties": { "District": "322", "Subdistt": "02130", "Town/Village": "303505", "Name": "Amarapathar", "TRU": "Rural", "No_HH": 383, "TOT_P": 1941, "TOT_M": 997, "TOT_F": 944, "P_06": 250, "P_SC": 1215, "P_ST": 45, "pc11_s_id": "18", "pc11_d_id": "322", "pc11_sd_id": "02130", "pc11_tv_id": "303505", "tv_name": "Amarapathar", "mdds_og": 0, "total_area_sqm": 1143983.6162823879, "total_area_ha": 114.39836162823879, "flood_area_1998": 907296.52442590764, "flood_pct_1998": 79.310272587150848, "exposed_pop_1998": 1539, "flood_area_1999": 282688.9827695745, "flood_pct_1999": 24.710929312801788, "exposed_pop_1999": 480, "flood_area_2004": 737551.22321076191, "flood_pct_2004": 64.472184104138449, "exposed_pop_2004": 1251, "flood_area_2012": 480081.71283921704, "flood_pct_2012": 41.965785698867101, "exposed_pop_2012": 815, "flood_area_2013": 251930.63907792838, "flood_pct_2013": 22.022224400086188, "exposed_pop_2013": 427, "flood_years_exposed": 5, "flood_frequency": 1.0, "max_flood_exposure_pct": 79.310272587150848, "exposure_note": "ESTIMATE: spatial overlap with historical flood inundation polygons only. NOT actual people affected." }, "geometry": { "type": "Polygon", "coordinates": [ [ [ 92.03973472000007, 26.198133211000027 ], [ 92.039865674000055, 26.197932253000033 ], [ 92.040062271000068, 26.197723561000032 ], [ 92.040026828000066, 26.197119329000031 ], [ 92.040061054000034, 26.19616852300004 ], [ 92.040062257000045, 26.195791937000024 ], [ 92.039969447000033, 26.195562874000075 ], [ 92.038747374000081, 26.194601576000025 ], [ 92.038425103000066, 26.194421848000047 ], [ 92.037412134000078, 26.194092745000034 ], [ 92.036115687000063, 26.19359223400005 ], [ 92.034474816000056, 26.192913732000079 ], [ 92.031698221000056, 26.191832496000075 ], [ 92.031436341000074, 26.19175309600007 ], [ 92.030733565000048, 26.192232311000055 ], [ 92.02989030100008, 26.192760813000064 ], [ 92.028751061000037, 26.193533326000079 ], [ 92.027476628000045, 26.19454372000007 ], [ 92.026051709000058, 26.195660997000061 ], [ 92.024226682000062, 26.197486702000049 ], [ 92.023947863000046, 26.197989516000064 ], [ 92.023529514000074, 26.198671453000031 ], [ 92.023401969000076, 26.198969976000058 ], [ 92.023352981000073, 26.199464655000043 ], [ 92.023336181000047, 26.200712831000033 ], [ 92.023375569000052, 26.200910853000039 ], [ 92.023446788000058, 26.201098839000053 ], [ 92.023999237000055, 26.20154784500005 ], [ 92.024249722000036, 26.201707925000051 ], [ 92.024523016000046, 26.201764286000071 ], [ 92.024933995000083, 26.20177945000006 ], [ 92.027209407000043, 26.201637436000055 ], [ 92.027896178000049, 26.201658645000066 ], [ 92.028478644000074, 26.201688046000072 ], [ 92.029127426000059, 26.201554302000034 ], [ 92.030530922000082, 26.201108382000029 ], [ 92.031655836000084, 26.200839247000033 ], [ 92.032636088000061, 26.200399539000045 ], [ 92.034057100000041, 26.199633926000047 ], [ 92.035066665000045, 26.199139942000045 ], [ 92.036108067000043, 26.198932224000032 ], [ 92.037953027000071, 26.198285611000074 ], [ 92.038805733000061, 26.198115442000073 ], [ 92.039145316000031, 26.198077130000058 ], [ 92.039363876000039, 26.198085950000063 ], [ 92.03973472000007, 26.198133211000027 ] ] ] } },
{ "type": "Feature", "properties": { "District": "322", "Subdistt": "02130", "Town/Village": "303506", "Name": "Bagibari Pathar", "TRU": "Rural", "No_HH": 339, "TOT_P": 1565, "TOT_M": 814, "TOT_F": 751, "P_06": 151, "P_SC": 23, "P_ST": 21, "pc11_s_id": "18", "pc11_d_id": "322", "pc11_sd_id": "02130", "pc11_tv_id": "303506", "tv_name": "Bagibari Pathar", "mdds_og": 0, "total_area_sqm": 3202044.4629029934, "total_area_ha": 320.20444629029936, "flood_area_1998": 2126641.2409287253, "flood_pct_1998": 66.415106522309159, "exposed_pop_1998": 1039, "flood_area_1999": 874583.38834973762, "flood_pct_1999": 27.313280576898514, "exposed_pop_1999": 427, "flood_area_2004": 1599177.4848836022, "flood_pct_2004": 49.942388477447246, "exposed_pop_2004": 782, "flood_area_2012": 927194.13781799143, "flood_pct_2012": 28.95631677073564, "exposed_pop_2012": 453, "flood_area_2013": 622876.70219794661, "flood_pct_2013": 19.452468865258751, "exposed_pop_2013": 304, "flood_years_exposed": 5, "flood_frequency": 1.0, "max_flood_exposure_pct": 66.415106522309159, "exposure_note": "ESTIMATE: spatial overlap with historical flood inundation polygons only. NOT actual people affected." }, "geometry": { "type": "Polygon", "coordinates": [ [ [ 92.057194067851981, 26.205841143354114 ], [ 92.057318080764901, 26.205624821328488 ], [ 92.057657510985365, 26.204701728402124 ], [ 92.058943281607242, 26.201549758414711 ], [ 92.059028925844274, 26.201178508381506 ], [ 92.058681359000076, 26.200277104000058 ], [ 92.057645550000089, 26.197283238000058 ], [ 92.056828915000025, 26.194897805000039 ], [ 92.056668268000053, 26.19434200600006 ], [ 92.05639185600009, 26.194045743000061 ], [ 92.055583709000103, 26.19347143800006 ], [ 92.055136345000051, 26.193334996000051 ], [ 92.054489832000016, 26.193294765000097 ], [ 92.052227569000067, 26.193329280000022 ], [ 92.051049226, 26.193405390000102 ], [ 92.048764985, 26.19416942000008 ], [ 92.046978872000111, 26.19470447700003 ], [ 92.04591987700006, 26.194946982000022 ], [ 92.045471977000034, 26.195042076000075 ], [ 92.045150069000044, 26.195043555000019 ], [ 92.044851540000039, 26.19509830700002 ], [ 92.044353642000061, 26.195246367000014 ], [ 92.04188126400004, 26.196704608000054 ], [ 92.040342768000102, 26.197528351000088 ], [ 92.040062271000082, 26.197723561000075 ], [ 92.039865674000069, 26.197932253000022 ], [ 92.03973472000007, 26.198133211000041 ], [ 92.039682325000086, 26.198215233999989 ], [ 92.039497649000083, 26.198794189000019 ], [ 92.039058796000091, 26.200641483 ], [ 92.038716425000104, 26.202064928000013 ], [ 92.038155301426087, 26.205865729020239 ], [ 92.038844612888582, 26.206242032344029 ], [ 92.041590833050606, 26.208343908944265 ], [ 92.042221209241504, 26.209083229907204 ], [ 92.043943707736005, 26.210981364198638 ], [ 92.044719632904744, 26.211570173724574 ], [ 92.045689112862306, 26.212049488992761 ], [ 92.051557823235001, 26.213310328608852 ], [ 92.051551950661988, 26.213055273681984 ], [ 92.051558223433361, 26.212765804398419 ], [ 92.051552910238684, 26.212532304422353 ], [ 92.051627044952241, 26.21208754920108 ], [ 92.051854207405796, 26.21148789475054 ], [ 92.053365259998813, 26.209400428886731 ], [ 92.054818025731407, 26.207975439614906 ], [ 92.056743224220483, 26.206242792271084 ], [ 92.057111538866465, 26.205979613768182 ], [ 92.057194067851981, 26.205841143354114 ] ] ] } },
{ "type": "Feature", "properties": { "District": "322", "Subdistt": "02130", "Town/Village": "303507", "Name": "Hahara Pathar", "TRU": "Rural", "No_HH": 94, "TOT_P": 400, "TOT_M": 197, "TOT_F": 203, "P_06": 56, "P_SC": 0, "P_ST": 252, "pc11_s_id": "18", "pc11_d_id": "322", "pc11_sd_id": "02130", "pc11_tv_id": "303507", "tv_name": "Hahara Pathar", "mdds_og": 0, "total_area_sqm": 3505582.8711565076, "total_area_ha": 350.55828711565078, "flood_area_1998": 2571893.749431802, "flood_pct_1998": 73.365652559322399, "exposed_pop_1998": 293, "flood_area_1999": 1664421.6500389408, "flood_pct_1999": 47.47916997580036, "exposed_pop_1999": 190, "flood_area_2004": 2600713.6389368023, "flood_pct_2004": 74.187766614651878, "exposed_pop_2004": 297, "flood_area_2012": 2099333.4881134457, "flood_pct_2012": 59.88543318677462, "exposed_pop_2012": 240, "flood_area_2013": 718494.77676215838, "flood_pct_2013": 20.495729331457046, "exposed_pop_2013": 82, "flood_years_exposed": 5, "flood_frequency": 1.0, "max_flood_exposure_pct": 74.187766614651878, "exposure_note": "ESTIMATE: spatial overlap with historical flood inundation polygons only. NOT actual people affected." }, "geometry": { "type": "Polygon", "coordinates": [ [ [ 92.026593339000044, 26.190321467000047 ], [ 92.027510087000053, 26.190589620000026 ], [ 92.028863057000081, 26.190965747000064 ], [ 92.031436341000074, 26.19175309600007 ], [ 92.031698221000056, 26.191832496000075 ], [ 92.034474816000056, 26.192913732000079 ], [ 92.036115687000063, 26.19359223400005 ], [ 92.037412134000078, 26.194092745000034 ], [ 92.038425103000066, 26.194421848000047 ], [ 92.038747374000081, 26.194601576000025 ], [ 92.039969447000033, 26.195562874000075 ], [ 92.040062257000045, 26.195791937000024 ], [ 92.040061054000034, 26.19616852300004 ], [ 92.040026828000066, 26.197119329000031 ], [ 92.040062271000068, 26.197723561000032 ], [ 92.040342768000073, 26.197528351000074 ], [ 92.04188126400004, 26.196704608000061 ], [ 92.044353642000033, 26.195246367000038 ], [ 92.044851540000082, 26.195098307000023 ], [ 92.045150069000044, 26.195043555000041 ], [ 92.045471977000034, 26.19504207600005 ], [ 92.045919877000074, 26.194946982000033 ], [ 92.046978872000068, 26.194704477000073 ], [ 92.048764985000048, 26.194169420000037 ], [ 92.051049226000032, 26.193405390000066 ], [ 92.052227569000081, 26.193329280000057 ], [ 92.054489832000058, 26.193294765000076 ], [ 92.055136345000051, 26.193334996000033 ], [ 92.055583709000075, 26.193471438000074 ], [ 92.055500769000048, 26.192798105000065 ], [ 92.055473463000055, 26.192556695000064 ], [ 92.055227720000062, 26.192143353000063 ], [ 92.054837780000071, 26.191747058000033 ], [ 92.054243550000081, 26.191283486000032 ], [ 92.053028379000068, 26.190597070000024 ], [ 92.050811656000064, 26.189311484000029 ], [ 92.049777262000077, 26.188346581000076 ], [ 92.04957213800003, 26.188092413000049 ], [ 92.049274106000041, 26.187499130000049 ], [ 92.048820375000048, 26.186584032000042 ], [ 92.048376854000082, 26.185039496000059 ], [ 92.047958492000078, 26.183354960000031 ], [ 92.047667844000046, 26.182693660000041 ], [ 92.046595842000045, 26.180484640000032 ], [ 92.045964785000081, 26.179503079000028 ], [ 92.045266810000044, 26.178758619000064 ], [ 92.044135016000041, 26.177513508000061 ], [ 92.043486851000068, 26.176833998000063 ], [ 92.043051941000044, 26.17652703400006 ], [ 92.042390608000062, 26.176480103000074 ], [ 92.042162132000044, 26.176446933000022 ], [ 92.041596654000045, 26.17649465900007 ], [ 92.041212535000057, 26.17660912100007 ], [ 92.040750191000086, 26.176837760000069 ], [ 92.039879058000054, 26.177576274000046 ], [ 92.039244751000069, 26.177985900000067 ], [ 92.038566543000059, 26.178344826000057 ], [ 92.03575726300005, 26.179220630000032 ], [ 92.035320932000047, 26.179332677000048 ], [ 92.034885682000038, 26.179443520000063 ], [ 92.033588269000063, 26.179727888000059 ], [ 92.032914318000053, 26.180001392000065 ], [ 92.032607436000035, 26.180162890000076 ], [ 92.032039472000065, 26.180420507000065 ], [ 92.031839396000066, 26.180566624000051 ], [ 92.031335590000083, 26.181368848000034 ], [ 92.030196567000075, 26.183325857000057 ], [ 92.029138560000035, 26.18593842000007 ], [ 92.028184237000062, 26.187977894000028 ], [ 92.027836271000069, 26.188714451000067 ], [ 92.026948721000053, 26.189916897000046 ], [ 92.026593339000044, 26.190321467000047 ] ] ] } },
{ "type": "Feature", "properties": { "District": "322", "Subdistt": "02130", "Town/Village": "303508", "Name": "Mitani Pathar", "TRU": "Rural", "No_HH": 119, "TOT_P": 609, "TOT_M": 312, "TOT_F": 297, "P_06": 64, "P_SC": 180, "P_ST": 1, "pc11_s_id": "18", "pc11_d_id": "322", "pc11_sd_id": "02130", "pc11_tv_id": "303508", "tv_name": "Mitani Pathar", "mdds_og": 0, "total_area_sqm": 2062915.7057531816, "total_area_ha": 206.29157057531816, "flood_area_1998": 90915.491031956568, "flood_pct_1998": 4.4071355304730124, "exposed_pop_1998": 27, "flood_area_1999": 119645.05775016965, "flood_pct_1999": 5.7998035216124642, "exposed_pop_1999": 35, "flood_area_2004": 350519.2381451496, "flood_pct_2004": 16.991447453117004, "exposed_pop_2004": 103, "flood_area_2012": 95360.975942494391, "flood_pct_2012": 4.6226307588112325, "exposed_pop_2012": 28, "flood_area_2013": 0.0, "flood_pct_2013": 0.0, "exposed_pop_2013": 0, "flood_years_exposed": 4, "flood_frequency": 0.8, "max_flood_exposure_pct": 16.991447453117004, "exposure_note": "ESTIMATE: spatial overlap with historical flood inundation polygons only. NOT actual people affected." }, "geometry": { "type": "Polygon", "coordinates": [ [ [ 92.068697531000055, 26.164009381000028 ], [ 92.068383836000066, 26.164007929000036 ], [ 92.06755073000005, 26.16404000600005 ], [ 92.066757904000042, 26.164093613000034 ], [ 92.064489905000073, 26.164600992000032 ], [ 92.062713961000043, 26.164882740000053 ], [ 92.061364999000034, 26.165138326000033 ], [ 92.060864978000041, 26.165338875000032 ], [ 92.060248262000073, 26.166486906000046 ], [ 92.060106372000064, 26.166790898000045 ], [ 92.059675992000052, 26.167370156000061 ], [ 92.059225942000069, 26.167704226000069 ], [ 92.05765348500006, 26.168530794000048 ], [ 92.055985315000044, 26.169317524000064 ], [ 92.055020084000034, 26.169910015000028 ], [ 92.054559941000036, 26.170235714000057 ], [ 92.054530028000045, 26.170257219000064 ], [ 92.054039273000058, 26.170632934000025 ], [ 92.053612162000036, 26.171123713000043 ], [ 92.053542447000041, 26.17122385600004 ], [ 92.05352610500006, 26.171353440000075 ], [ 92.053522696000073, 26.171498278000058 ], [ 92.053639736000036, 26.171684603000074 ], [ 92.054429375000041, 26.172271820000049 ], [ 92.055606374000035, 26.172872971000061 ], [ 92.056952703000036, 26.173822433000055 ], [ 92.057582053000033, 26.174423089000072 ], [ 92.058573383000066, 26.175625208000042 ], [ 92.059953455000084, 26.177662778000069 ], [ 92.060603419000074, 26.178692149000028 ], [ 92.060959033000074, 26.178977143000054 ], [ 92.061476403000086, 26.179204608000077 ], [ 92.061596874000031, 26.179239673000041 ], [ 92.062764752000078, 26.17957214200004 ], [ 92.06337607100005, 26.179698651000024 ], [ 92.064028971000084, 26.179752921000045 ], [ 92.066218363000075, 26.179751535000037 ], [ 92.066608590000044, 26.179785520000053 ], [ 92.06783099900008, 26.179893289000063 ], [ 92.068432546000054, 26.178133506000052 ], [ 92.069223806000082, 26.176443903000063 ], [ 92.069540972000084, 26.175805594000053 ], [ 92.069847250000066, 26.174368736000076 ], [ 92.070287658000041, 26.17232172100006 ], [ 92.070797070000083, 26.170972865000067 ], [ 92.07136756400007, 26.168978591000041 ], [ 92.071405865000031, 26.168657608000046 ], [ 92.071475960000043, 26.16710678100003 ], [ 92.071627298000067, 26.16658889200005 ], [ 92.071748085000081, 26.166070410000032 ], [ 92.071745910000061, 26.165867841000079 ], [ 92.071741218000057, 26.165709914000047 ], [ 92.071719527000084, 26.165602100000058 ], [ 92.071627990000081, 26.165148849000047 ], [ 92.071535187000052, 26.164961885000025 ], [ 92.071464598000034, 26.164867212000047 ], [ 92.070749628000044, 26.164470194000046 ], [ 92.070466390000036, 26.164346410000064 ], [ 92.070261246000086, 26.164269285000046 ], [ 92.069973250000032, 26.164147528000058 ], [ 92.069591425000056, 26.164049859000045 ], [ 92.069050179000044, 26.164011233000053 ], [ 92.068697531000055, 26.164009381000028 ] ] ] } },
{ "type": "Feature", "properties": { "District": "322", "Subdistt": "02130", "Town/Village": "303509", "Name": "Bargog", "TRU": "Rural", "No_HH": 78, "TOT_P": 409, "TOT_M": 200, "TOT_F": 209, "P_06": 45, "P_SC": 0, "P_ST": 85, "pc11_s_id": "18", "pc11_d_id": "322", "pc11_sd_id": "02130", "pc11_tv_id": "303509", "tv_name": "Bargog", "mdds_og": 0, "total_area_sqm": 2563715.7364053382, "total_area_ha": 256.37157364053382, "flood_area_1998": 0.0, "flood_pct_1998": 0.0, "exposed_pop_1998": 0, "flood_area_1999": 0.0, "flood_pct_1999": 0.0, "exposed_pop_1999": 0, "flood_area_2004": 0.0, "flood_pct_2004": 0.0, "exposed_pop_2004": 0, "flood_area_2012": 0.0, "flood_pct_2012": 0.0, "exposed_pop_2012": 0, "flood_area_2013": 0.0, "flood_pct_2013": 0.0, "exposed_pop_2013": 0, "flood_years_exposed": 0, "flood_frequency": 0.0, "max_flood_exposure_pct": 0.0, "exposure_note": "ESTIMATE: spatial overlap with historical flood inundation polygons only. NOT actual people affected." }, "geometry": { "type": "Polygon", "coordinates": [ [ [ 92.026593339000044, 26.190321467000047 ], [ 92.026948721000053, 26.189916897000046 ], [ 92.027836271000069, 26.188714451000067 ], [ 92.028184237000062, 26.187977894000028 ], [ 92.029138560000035, 26.18593842000007 ], [ 92.030196567000075, 26.183325857000057 ], [ 92.031335590000083, 26.181368848000034 ], [ 92.031839396000066, 26.180566624000051 ], [ 92.032039472000065, 26.180420507000065 ], [ 92.032607436000035, 26.180162890000076 ], [ 92.032914318000053, 26.180001392000065 ], [ 92.033588269000063, 26.179727888000059 ], [ 92.034885682000038, 26.179443520000063 ], [ 92.035320932000047, 26.179332677000048 ], [ 92.034750573000053, 26.179168593000043 ], [ 92.034260757000084, 26.178992739000023 ], [ 92.033625421000067, 26.178717875000075 ], [ 92.032392870000081, 26.177921988000037 ], [ 92.031592724000063, 26.177209289000075 ], [ 92.030907713000033, 26.176405736000049 ], [ 92.030704572000047, 26.176066602000049 ], [ 92.030284921000032, 26.174748244000057 ], [ 92.029897590000076, 26.173231731000044 ], [ 92.029742906000081, 26.172054895000031 ], [ 92.029588208000064, 26.171437035000054 ], [ 92.029125902000033, 26.170145528000035 ], [ 92.028876191000052, 26.169683946000077 ], [ 92.028822772000069, 26.169633245000057 ], [ 92.02871637700008, 26.169590042000038 ], [ 92.028501081000059, 26.169604651000043 ], [ 92.027804425000056, 26.169794547000038 ], [ 92.027516525000067, 26.169885561000058 ], [ 92.026541660000078, 26.170193256000061 ], [ 92.026231569000061, 26.170305025000062 ], [ 92.026005571000042, 26.170409805000077 ], [ 92.02576986300005, 26.170605179000063 ], [ 92.025460593000048, 26.171000312000047 ], [ 92.025214633000076, 26.171353488000022 ], [ 92.024663029000067, 26.171918895000033 ], [ 92.022929228000066, 26.172979445000067 ], [ 92.02226898400005, 26.173366005000048 ], [ 92.022006009000052, 26.173573109000074 ], [ 92.021689932000072, 26.173965646000056 ], [ 92.020553322000069, 26.175782613000024 ], [ 92.018884034000052, 26.178620054000078 ], [ 92.018221369000059, 26.179866295000068 ], [ 92.018013619000044, 26.180445409000072 ], [ 92.017526603000078, 26.182882437000046 ], [ 92.017383112000061, 26.184086358000059 ], [ 92.017225259000043, 26.186858631000064 ], [ 92.017093817000045, 26.187438172000043 ], [ 92.016728233000038, 26.188847997000039 ], [ 92.016561060000072, 26.189358363000053 ], [ 92.016120882000052, 26.190229835000025 ], [ 92.015698114000031, 26.190718534000041 ], [ 92.015450584000064, 26.19094719800006 ], [ 92.015219215000059, 26.191096139000024 ], [ 92.015209224000046, 26.191211462000069 ], [ 92.015065190000087, 26.191554243000041 ], [ 92.014997382000047, 26.19165828000007 ], [ 92.014995845000044, 26.191774907000024 ], [ 92.015068540000073, 26.191866893000054 ], [ 92.015175369000076, 26.191923619000079 ], [ 92.016621828000041, 26.191976270000055 ], [ 92.017887767000047, 26.191968948000067 ], [ 92.018955208000079, 26.191861791000065 ], [ 92.01954889700005, 26.191781683000045 ], [ 92.020382525000059, 26.191522346000056 ], [ 92.021125893000033, 26.191143987000032 ], [ 92.021879412000033, 26.191009759000053 ], [ 92.022841757000037, 26.190995095000062 ], [ 92.02388501300004, 26.191023450000046 ], [ 92.024453331000075, 26.190953049000029 ], [ 92.025780721000046, 26.190527018000068 ], [ 92.026257623000049, 26.190409708000061 ], [ 92.026593339000044, 26.190321467000047 ] ] ] } },
{ "type": "Feature", "properties": { "District": "322", "Subdistt": "02130", "Town/Village": "303510", "Name": "Hahara Gaon", "TRU": "Rural", "No_HH": 227, "TOT_P": 1132, "TOT_M": 537, "TOT_F": 595, "P_06": 98, "P_SC": 1, "P_ST": 227, "pc11_s_id": "18", "pc11_d_id": "322", "pc11_sd_id": "02130", "pc11_tv_id": "303510", "tv_name": "Hahara Gaon", "mdds_og": 0, "total_area_sqm": 2093721.704952114, "total_area_ha": 209.37217049521141, "flood_area_1998": 0.0, "flood_pct_1998": 0.0, "exposed_pop_1998": 0, "flood_area_1999": 29.200701528801897, "flood_pct_1999": 0.001394679219293366, "exposed_pop_1999": 0, "flood_area_2004": 0.0, "flood_pct_2004": 0.0, "exposed_pop_2004": 0, "flood_area_2012": 1822.2036065400619, "flood_pct_2012": 0.087031796166135544, "exposed_pop_2012": 1, "flood_area_2013": 0.0, "flood_pct_2013": 0.0, "exposed_pop_2013": 0, "flood_years_exposed": 2, "flood_frequency": 0.4, "max_flood_exposure_pct": 0.087031796166135544, "exposure_note": "ESTIMATE: spatial overlap with historical flood inundation polygons only. NOT actual people affected." }, "geometry": { "type": "Polygon", "coordinates": [ [ [ 92.029125902000033, 26.170145528000035 ], [ 92.029588208000064, 26.171437035000054 ], [ 92.029742906000081, 26.172054895000031 ], [ 92.029897590000076, 26.173231731000044 ], [ 92.030284921000032, 26.174748244000057 ], [ 92.030704572000047, 26.176066602000049 ], [ 92.030907713000033, 26.176405736000049 ], [ 92.031592724000063, 26.177209289000075 ], [ 92.032392870000081, 26.177921988000037 ], [ 92.033625421000067, 26.178717875000075 ], [ 92.034260757000084, 26.178992739000023 ], [ 92.034750573000053, 26.179168593000043 ], [ 92.035320932000047, 26.179332677000048 ], [ 92.03575726300005, 26.179220630000032 ], [ 92.038566543000059, 26.178344826000057 ], [ 92.039244751000069, 26.177985900000067 ], [ 92.039879058000054, 26.177576274000046 ], [ 92.040750191000086, 26.176837760000069 ], [ 92.041212535000057, 26.17660912100007 ], [ 92.041596654000045, 26.17649465900007 ], [ 92.042162132000044, 26.176446933000022 ], [ 92.042390608000062, 26.176480103000074 ], [ 92.043051941000044, 26.17652703400006 ], [ 92.042942642000071, 26.175795935000053 ], [ 92.042761769000037, 26.175464427000065 ], [ 92.042651982000052, 26.175175933000048 ], [ 92.042056001000049, 26.174309595000068 ], [ 92.041071048000049, 26.172744884000053 ], [ 92.04073760700004, 26.172116650000078 ], [ 92.040410741000073, 26.171274573000062 ], [ 92.040259564000053, 26.17082285400005 ], [ 92.039871866000055, 26.169211055000062 ], [ 92.039589097000032, 26.167603417000066 ], [ 92.039038677000065, 26.165625289000047 ], [ 92.038836158000038, 26.164983337000024 ], [ 92.038462023000079, 26.164265596000064 ], [ 92.037123230000077, 26.16113686500006 ], [ 92.036256982000054, 26.158654225000078 ], [ 92.035822549000045, 26.157262935000062 ], [ 92.035561766000058, 26.156670543000075 ], [ 92.035382151000078, 26.156455182000059 ], [ 92.034859195000081, 26.156125295000038 ], [ 92.034390161000033, 26.155980366000051 ], [ 92.034097923000047, 26.155988146000027 ], [ 92.033893637000062, 26.15602506700003 ], [ 92.033411091000062, 26.156233830000076 ], [ 92.032505663000052, 26.156687979000026 ], [ 92.032219611000073, 26.156810239000038 ], [ 92.031936082000072, 26.157134317000043 ], [ 92.031825811000033, 26.157286261000024 ], [ 92.03173884000006, 26.157544878000067 ], [ 92.031430385000078, 26.159809601000063 ], [ 92.03130739900007, 26.161658403000047 ], [ 92.031039164000049, 26.164257097000075 ], [ 92.030950092000069, 26.164944081000044 ], [ 92.030664564000062, 26.166120474000024 ], [ 92.030280691000087, 26.166818364000051 ], [ 92.029675990000044, 26.167864746000078 ], [ 92.029496086000051, 26.168304849000037 ], [ 92.029375692000031, 26.16915709500006 ], [ 92.029278358000056, 26.169659326000044 ], [ 92.029125902000033, 26.170145528000035 ] ] ] } },
{ "type": "Feature", "properties": { "District": "322", "Subdistt": "02130", "Town/Village": "303511", "Name": "Bajeni Gaon ", "TRU": "Rural", "No_HH": 103, "TOT_P": 517, "TOT_M": 258, "TOT_F": 259, "P_06": 88, "P_SC": 62, "P_ST": 316, "pc11_s_id": "18", "pc11_d_id": "322", "pc11_sd_id": "02130", "pc11_tv_id": "303511", "tv_name": "Bajeni Gaon", "mdds_og": 0, "total_area_sqm": 720648.77503603871, "total_area_ha": 72.064877503603867, "flood_area_1998": 0.0, "flood_pct_1998": 0.0, "exposed_pop_1998": 0, "flood_area_1999": 0.0, "flood_pct_1999": 0.0, "exposed_pop_1999": 0, "flood_area_2004": 0.0, "flood_pct_2004": 0.0, "exposed_pop_2004": 0, "flood_area_2012": 0.0, "flood_pct_2012": 0.0, "exposed_pop_2012": 0, "flood_area_2013": 0.0, "flood_pct_2013": 0.0, "exposed_pop_2013": 0, "flood_years_exposed": 0, "flood_frequency": 0.0, "max_flood_exposure_pct": 0.0, "exposure_note": "ESTIMATE: spatial overlap with historical flood inundation polygons only. NOT actual people affected." }, "geometry": { "type": "Polygon", "coordinates": [ [ [ 92.00668698800007, 26.170950266000034 ], [ 92.006230812000069, 26.17084380700004 ], [ 92.005668871000069, 26.170836343000076 ], [ 92.005551591000085, 26.171206386000051 ], [ 92.00544676700008, 26.173027454000078 ], [ 92.005325128000038, 26.173689652000064 ], [ 92.004400479000083, 26.176567274000035 ], [ 92.004263362000074, 26.176851235000072 ], [ 92.004610949000039, 26.177370418000066 ], [ 92.005007781000074, 26.177806578000059 ], [ 92.005133865000062, 26.177945358000045 ], [ 92.005672832000073, 26.178318896000064 ], [ 92.006960166000056, 26.179086234000067 ], [ 92.007938208000041, 26.179981330000032 ], [ 92.009522649000075, 26.181511446000059 ], [ 92.009918614000071, 26.181892292000043 ], [ 92.010137426000085, 26.182229734000032 ], [ 92.010676337000064, 26.18330101500004 ], [ 92.011449025000047, 26.18536369800006 ], [ 92.011732778000066, 26.186084337000068 ], [ 92.011894703000053, 26.186318873000062 ], [ 92.012681435000047, 26.187298662000046 ], [ 92.012810887000057, 26.187500771000032 ], [ 92.013087490000032, 26.187439729000062 ], [ 92.013275561000057, 26.187405867000052 ], [ 92.013365893000071, 26.18731989500003 ], [ 92.013435021000078, 26.187208837000071 ], [ 92.013444253000046, 26.187088574000029 ], [ 92.013376461000064, 26.186780175000024 ], [ 92.013279542000078, 26.184651919000032 ], [ 92.01303190200008, 26.182699110000044 ], [ 92.012666698000032, 26.180805952000071 ], [ 92.012215358000049, 26.178986057000031 ], [ 92.011852950000048, 26.177611450000029 ], [ 92.011608629000079, 26.176877232000038 ], [ 92.011201533000076, 26.176340775000028 ], [ 92.010831111000073, 26.175597366000034 ], [ 92.009998707000079, 26.173709993000045 ], [ 92.009467821000044, 26.172824986000023 ], [ 92.008859899000072, 26.172169262000068 ], [ 92.008063667000044, 26.171627926000042 ], [ 92.007267446000071, 26.171127031000026 ], [ 92.007065513000043, 26.17106552100006 ], [ 92.00668698800007, 26.170950266000034 ] ] ] } },
{ "type": "Feature", "properties": { "District": "322", "Subdistt": "02130", "Town/Village": "303512", "Name": "Gomaria Gaon", "TRU": "Rural", "No_HH": 131, "TOT_P": 614, "TOT_M": 297, "TOT_F": 317, "P_06": 58, "P_SC": 0, "P_ST": 0, "pc11_s_id": "18", "pc11_d_id": "322", "pc11_sd_id": "02130", "pc11_tv_id": "303512", "tv_name": "Gomaria Gaon", "mdds_og": 0, "total_area_sqm": 1162999.1996279445, "total_area_ha": 116.29991996279445, "flood_area_1998": 58866.128495068384, "flood_pct_1998": 5.0615794502610374, "exposed_pop_1998": 31, "flood_area_1999": 29794.980428909999, "flood_pct_1999": 2.5619089366907319, "exposed_pop_1999": 16, "flood_area_2004": 87754.202885360501, "flood_pct_2004": 7.5455084503440739, "exposed_pop_2004": 46, "flood_area_2012": 27525.869610149843, "flood_pct_2012": 2.3668003915183822, "exposed_pop_2012": 15, "flood_area_2013": 14352.84506205011, "flood_pct_2013": 1.2341233825992086, "exposed_pop_2013": 8, "flood_years_exposed": 5, "flood_frequency": 1.0, "max_flood_exposure_pct": 7.5455084503440739, "exposure_note": "ESTIMATE: spatial overlap with historical flood inundation polygons only. NOT actual people affected." }, "geometry": { "type": "Polygon", "coordinates": [ [ [ 92.018952303000049, 26.162350914000058 ], [ 92.019962572000054, 26.162402464000024 ], [ 92.020380276000083, 26.162478513000053 ], [ 92.020510502000036, 26.162093664000054 ], [ 92.02067777700006, 26.161669609000057 ], [ 92.021486253000035, 26.158370150000053 ], [ 92.022248522000041, 26.155747550000058 ], [ 92.022263169000041, 26.155699761000051 ], [ 92.022725303000072, 26.153155259000073 ], [ 92.022795234000057, 26.151865201000078 ], [ 92.022928422000064, 26.149520921000033 ], [ 92.023047356000063, 26.146740699000077 ], [ 92.022965014000079, 26.146109653000053 ], [ 92.022383493000063, 26.145374411000034 ], [ 92.021677813000053, 26.144934893000027 ], [ 92.020731245000036, 26.144596376000038 ], [ 92.019711719000043, 26.14433484500006 ], [ 92.01853867300008, 26.144287526000028 ], [ 92.017648433000033, 26.144344776000025 ], [ 92.017231103000086, 26.144443377000073 ], [ 92.016750992000084, 26.144630063000079 ], [ 92.016397128000051, 26.14491978500007 ], [ 92.016018643000052, 26.145207946000028 ], [ 92.015933851000057, 26.145557149000069 ], [ 92.01566986000006, 26.146248071000059 ], [ 92.01532134100006, 26.147784649000073 ], [ 92.015096348000043, 26.149377350000066 ], [ 92.015028462000032, 26.150594391000027 ], [ 92.015264221000052, 26.151671921000059 ], [ 92.01569432000008, 26.153996019000033 ], [ 92.016096969000046, 26.155513475000078 ], [ 92.017073392000043, 26.157938772000023 ], [ 92.01770255100007, 26.159110171000066 ], [ 92.018347224000081, 26.160034688000053 ], [ 92.018543950000037, 26.160315781000065 ], [ 92.018666623000058, 26.160572248000051 ], [ 92.018720669000061, 26.160954798000034 ], [ 92.018952303000049, 26.162350914000058 ] ] ] } },
{ "type": "Feature", "properties": { "District": "322", "Subdistt": "02130", "Town/Village": "303513", "Name": "Gomaria N.C.", "TRU": "Rural", "No_HH": 18, "TOT_P": 78, "TOT_M": 40, "TOT_F": 38, "P_06": 6, "P_SC": 0, "P_ST": 0, "pc11_s_id": "18", "pc11_d_id": "322", "pc11_sd_id": "02130", "pc11_tv_id": "303513", "tv_name": "Gomaria N.C.", "mdds_og": 0, "total_area_sqm": 1131472.0103276081, "total_area_ha": 113.1472010327608, "flood_area_1998": 0.0, "flood_pct_1998": 0.0, "exposed_pop_1998": 0, "flood_area_1999": 0.0, "flood_pct_1999": 0.0, "exposed_pop_1999": 0, "flood_area_2004": 0.0, "flood_pct_2004": 0.0, "exposed_pop_2004": 0, "flood_area_2012": 0.0, "flood_pct_2012": 0.0, "exposed_pop_2012": 0, "flood_area_2013": 0.0, "flood_pct_2013": 0.0, "exposed_pop_2013": 0, "flood_years_exposed": 0, "flood_frequency": 0.0, "max_flood_exposure_pct": 0.0, "exposure_note": "ESTIMATE: spatial overlap with historical flood inundation polygons only. NOT actual people affected." }, "geometry": { "type": "Polygon", "coordinates": [ [ [ 92.020380276000083, 26.162478513000053 ], [ 92.020899520000057, 26.162788281000076 ], [ 92.022312514000077, 26.163600836000057 ], [ 92.023019257000044, 26.164098625000065 ], [ 92.023954676000074, 26.164912607000076 ], [ 92.024329051000052, 26.165404352000053 ], [ 92.024523342000066, 26.16577828800007 ], [ 92.024698670000078, 26.166082634000077 ], [ 92.025611966000042, 26.16698089700003 ], [ 92.026137928000082, 26.167823701000032 ], [ 92.027112419000048, 26.16921768900005 ], [ 92.027516525000067, 26.169885561000058 ], [ 92.027804425000056, 26.169794547000038 ], [ 92.028501081000059, 26.169604651000043 ], [ 92.02871637700008, 26.169590042000038 ], [ 92.028822772000069, 26.169633245000057 ], [ 92.028876191000052, 26.169683946000077 ], [ 92.029125902000033, 26.170145528000035 ], [ 92.029278358000056, 26.169659326000044 ], [ 92.029375692000031, 26.16915709500006 ], [ 92.029496086000051, 26.168304849000037 ], [ 92.029675990000044, 26.167864746000078 ], [ 92.030280691000087, 26.166818364000051 ], [ 92.030664564000062, 26.166120474000024 ], [ 92.030950092000069, 26.164944081000044 ], [ 92.031039164000049, 26.164257097000075 ], [ 92.03130739900007, 26.161658403000047 ], [ 92.031430385000078, 26.159809601000063 ], [ 92.03173884000006, 26.157544878000067 ], [ 92.031825811000033, 26.157286261000024 ], [ 92.031936082000072, 26.157134317000043 ], [ 92.032219611000073, 26.156810239000038 ], [ 92.031981213000051, 26.15682410200003 ], [ 92.031839590000061, 26.156823193000037 ], [ 92.031098262000057, 26.156953514000065 ], [ 92.030599125000037, 26.157007404000069 ], [ 92.028910106000069, 26.157053193000024 ], [ 92.02766779600006, 26.157004293000057 ], [ 92.026896582000063, 26.156910650000043 ], [ 92.026198956000087, 26.156779486000062 ], [ 92.025123541000085, 26.156480751000061 ], [ 92.023088822000034, 26.15594513800005 ], [ 92.022248522000041, 26.155747550000058 ], [ 92.021486253000035, 26.158370150000053 ], [ 92.02067777700006, 26.161669609000057 ], [ 92.020510502000036, 26.162093664000054 ], [ 92.020380276000083, 26.162478513000053 ] ] ] } },
{ "type": "Feature", "properties": { "District": "322", "Subdistt": "02130", "Town/Village": "303514", "Name": "Mitani Gaon", "TRU": "Rural", "No_HH": 76, "TOT_P": 377, "TOT_M": 188, "TOT_F": 189, "P_06": 37, "P_SC": 31, "P_ST": 4, "pc11_s_id": "18", "pc11_d_id": "322", "pc11_sd_id": "02130", "pc11_tv_id": "303514", "tv_name": "Mitani Gaon", "mdds_og": 0, "total_area_sqm": 923631.52390388865, "total_area_ha": 92.363152390388862, "flood_area_1998": 62769.774912553388, "flood_pct_1998": 6.795975807240322, "exposed_pop_1998": 26, "flood_area_1999": 2237.7243858939282, "flood_pct_1999": 0.24227457898316401, "exposed_pop_1999": 1, "flood_area_2004": 24259.168536480032, "flood_pct_2004": 2.6264985449981673, "exposed_pop_2004": 10, "flood_area_2012": 0.0, "flood_pct_2012": 0.0, "exposed_pop_2012": 0, "flood_area_2013": 0.0, "flood_pct_2013": 0.0, "exposed_pop_2013": 0, "flood_years_exposed": 3, "flood_frequency": 0.6, "max_flood_exposure_pct": 6.795975807240322, "exposure_note": "ESTIMATE: spatial overlap with historical flood inundation polygons only. NOT actual people affected." }, "geometry": { "type": "Polygon", "coordinates": [ [ [ 92.061596874000031, 26.179239673000041 ], [ 92.061476403000086, 26.179204608000077 ], [ 92.060959033000074, 26.178977143000054 ], [ 92.060603419000074, 26.178692149000028 ], [ 92.059953455000084, 26.177662778000069 ], [ 92.058573383000066, 26.175625208000042 ], [ 92.057582053000033, 26.174423089000072 ], [ 92.056952703000036, 26.173822433000055 ], [ 92.055606374000035, 26.172872971000061 ], [ 92.054429375000041, 26.172271820000049 ], [ 92.053639736000036, 26.171684603000074 ], [ 92.053522696000073, 26.171498278000058 ], [ 92.053040736000071, 26.171622928000033 ], [ 92.051801835000049, 26.171929165000051 ], [ 92.051154560000043, 26.172165573000029 ], [ 92.050660343000061, 26.172429137000051 ], [ 92.050489663000064, 26.172581614000023 ], [ 92.050279740000065, 26.172788269000023 ], [ 92.050133148000043, 26.173009007000076 ], [ 92.049945748000084, 26.173354283000037 ], [ 92.049892506000049, 26.173992727000041 ], [ 92.050040838000086, 26.175480330000028 ], [ 92.050084585000036, 26.177091202000042 ], [ 92.050106394000068, 26.177283691000071 ], [ 92.050231782000083, 26.17747978400007 ], [ 92.050907454000082, 26.178468010000074 ], [ 92.051324776000058, 26.178867411000056 ], [ 92.05200863400006, 26.17940195500006 ], [ 92.053254221000032, 26.180193343000042 ], [ 92.053735516000074, 26.180535214000031 ], [ 92.055507284000043, 26.182178893000071 ], [ 92.056768511000087, 26.183193255000049 ], [ 92.057126550000078, 26.183438875000036 ], [ 92.057382733000054, 26.183493460000022 ], [ 92.057768509000084, 26.183504504000041 ], [ 92.05851326800007, 26.18354206500004 ], [ 92.059002147000058, 26.183456808000074 ], [ 92.05931195900007, 26.183275817000037 ], [ 92.06007482800004, 26.182376633000047 ], [ 92.060586949000083, 26.181460442000059 ], [ 92.061248430000035, 26.180272138000078 ], [ 92.061425701000076, 26.179886302000057 ], [ 92.061596874000031, 26.179239673000041 ] ] ] } },
{ "type": "Feature", "properties": { "District": "322", "Subdistt": "02130", "Town/Village": "303515", "Name": "Amara Pathar N.C.", "TRU": "Rural", "No_HH": 39, "TOT_P": 219, "TOT_M": 107, "TOT_F": 112, "P_06": 25, "P_SC": 69, "P_ST": 0, "pc11_s_id": "18", "pc11_d_id": "322", "pc11_sd_id": "02130", "pc11_tv_id": "303515", "tv_name": "Amara Pathar N.C.", "mdds_og": 0, "total_area_sqm": 1049551.2440424811, "total_area_ha": 104.95512440424811, "flood_area_1998": 0.0, "flood_pct_1998": 0.0, "exposed_pop_1998": 0, "flood_area_1999": 0.0, "flood_pct_1999": 0.0, "exposed_pop_1999": 0, "flood_area_2004": 0.0, "flood_pct_2004": 0.0, "exposed_pop_2004": 0, "flood_area_2012": 0.0, "flood_pct_2012": 0.0, "exposed_pop_2012": 0, "flood_area_2013": 0.0, "flood_pct_2013": 0.0, "exposed_pop_2013": 0, "flood_years_exposed": 0, "flood_frequency": 0.0, "max_flood_exposure_pct": 0.0, "exposure_note": "ESTIMATE: spatial overlap with historical flood inundation polygons only. NOT actual people affected." }, "geometry": { "type": "Polygon", "coordinates": [ [ [ 92.022248522000041, 26.155747550000058 ], [ 92.023088822000034, 26.15594513800005 ], [ 92.025123541000085, 26.156480751000061 ], [ 92.026198956000087, 26.156779486000062 ], [ 92.026896582000063, 26.156910650000043 ], [ 92.02766779600006, 26.157004293000057 ], [ 92.028910106000069, 26.157053193000024 ], [ 92.030599125000037, 26.157007404000069 ], [ 92.031098262000057, 26.156953514000065 ], [ 92.031839590000061, 26.156823193000037 ], [ 92.031981213000051, 26.15682410200003 ], [ 92.032219611000073, 26.156810239000038 ], [ 92.032505663000052, 26.156687979000026 ], [ 92.033411091000062, 26.156233830000076 ], [ 92.033893637000062, 26.15602506700003 ], [ 92.034097923000047, 26.155988146000027 ], [ 92.034390161000033, 26.155980366000051 ], [ 92.034859195000081, 26.156125295000038 ], [ 92.035129079000058, 26.155648124000038 ], [ 92.035182, 26.155434762000027 ], [ 92.035176935000038, 26.155232419000072 ], [ 92.035021004000043, 26.155018132000066 ], [ 92.033477355000059, 26.153508872000032 ], [ 92.032795493000037, 26.152711907000025 ], [ 92.032031472000085, 26.151591918000065 ], [ 92.03141018000008, 26.150834143000054 ], [ 92.030669881000051, 26.149698654000076 ], [ 92.029841539000074, 26.148202827000034 ], [ 92.02933822600005, 26.147469974000046 ], [ 92.028578426000081, 26.146863942000039 ], [ 92.028091189000065, 26.146592003000023 ], [ 92.027312917000074, 26.146461063000061 ], [ 92.026842532000046, 26.14639577500003 ], [ 92.025578037000059, 26.146429162000061 ], [ 92.024317302000043, 26.146269913000026 ], [ 92.023833728000056, 26.146267755000054 ], [ 92.022965014000079, 26.146109653000053 ], [ 92.023047356000063, 26.146740699000077 ], [ 92.022928422000064, 26.149520921000033 ], [ 92.022795234000057, 26.151865201000078 ], [ 92.022725303000072, 26.153155259000073 ], [ 92.022263169000041, 26.155699761000051 ], [ 92.022248522000041, 26.155747550000058 ] ] ] } },
{ "type": "Feature", "properties": { "District": "322", "Subdistt": "02130", "Town/Village": "303516", "Name": "Mitani N.C.", "TRU": "Rural", "No_HH": 95, "TOT_P": 425, "TOT_M": 209, "TOT_F": 216, "P_06": 39, "P_SC": 1, "P_ST": 0, "pc11_s_id": "18", "pc11_d_id": "322", "pc11_sd_id": "02130", "pc11_tv_id": "303516", "tv_name": "Mitani N.C.", "mdds_og": 0, "total_area_sqm": 3344760.3976934967, "total_area_ha": 334.47603976934965, "flood_area_1998": 1359094.1246859543, "flood_pct_1998": 40.633527161561943, "exposed_pop_1998": 173, "flood_area_1999": 822814.49905058194, "flood_pct_1999": 24.60010288384137, "exposed_pop_1999": 105, "flood_area_2004": 996698.20847404038, "flood_pct_2004": 29.798792438506222, "exposed_pop_2004": 127, "flood_area_2012": 211825.03302874166, "flood_pct_2012": 6.3330405721980396, "exposed_pop_2012": 27, "flood_area_2013": 33868.038024429661, "flood_pct_2013": 1.0125699302044064, "exposed_pop_2013": 4, "flood_years_exposed": 5, "flood_frequency": 1.0, "max_flood_exposure_pct": 40.633527161561943, "exposure_note": "ESTIMATE: spatial overlap with historical flood inundation polygons only. NOT actual people affected." }, "geometry": { "type": "Polygon", "coordinates": [ [ [ 92.061162372245775, 26.197450798715494 ], [ 92.061509051001963, 26.197305137322324 ], [ 92.062765206948782, 26.197316638751911 ], [ 92.062899655594691, 26.197337583962366 ], [ 92.06282105400004, 26.195678182000037 ], [ 92.062739477000036, 26.193796893000076 ], [ 92.062799086000084, 26.192798008000029 ], [ 92.062826833000059, 26.192619166000064 ], [ 92.062907361000072, 26.192351879000064 ], [ 92.062926697000066, 26.192288208000036 ], [ 92.063354264000097, 26.191640101000058 ], [ 92.065114544000082, 26.189503971000061 ], [ 92.06580175, 26.188414110000036 ], [ 92.066206990000055, 26.187602315000014 ], [ 92.066338181000077, 26.187239238000082 ], [ 92.06638019800009, 26.186802537000098 ], [ 92.066867407000075, 26.18464336200006 ], [ 92.067332406000091, 26.182420730000011 ], [ 92.067830999000051, 26.179893289000056 ], [ 92.066608590000072, 26.179785520000021 ], [ 92.066218363000104, 26.179751535000051 ], [ 92.064028971000056, 26.179752921000077 ], [ 92.063376071000036, 26.179698651000027 ], [ 92.062764752000078, 26.17957214200004 ], [ 92.061596874, 26.179239673000065 ], [ 92.061425701000047, 26.179886302000099 ], [ 92.061248430000035, 26.180272138000049 ], [ 92.060586949000097, 26.181460442000049 ], [ 92.060074828000012, 26.182376633 ], [ 92.059311959000041, 26.183275817000062 ], [ 92.059002147000072, 26.183456808000116 ], [ 92.058513268000027, 26.183542065000065 ], [ 92.057768509000056, 26.183504504000066 ], [ 92.057382733000011, 26.18349346000004 ], [ 92.057126550000049, 26.183438875000054 ], [ 92.056768511000087, 26.18319325500007 ], [ 92.055507284, 26.182178893000074 ], [ 92.053735516000046, 26.180535214000056 ], [ 92.053254221000017, 26.180193343000013 ], [ 92.052008634000074, 26.179401955000081 ], [ 92.051324776000058, 26.178867411000084 ], [ 92.050907454000082, 26.178468010000078 ], [ 92.050231782000054, 26.177479784000113 ], [ 92.050106394000068, 26.177283691000053 ], [ 92.050084585000036, 26.177091202000025 ], [ 92.050040838000058, 26.175480330000056 ], [ 92.049892506000049, 26.173992727000073 ], [ 92.049945748000098, 26.173354283 ], [ 92.050133148000057, 26.173009007000037 ], [ 92.050279740000107, 26.17278826899998 ], [ 92.050489663000064, 26.172581614000023 ], [ 92.050660343000061, 26.172429137000019 ], [ 92.051154560000015, 26.172165573000061 ], [ 92.05180183500002, 26.171929165000041 ], [ 92.053040736000113, 26.171622928000016 ], [ 92.053522696000115, 26.171498278000094 ], [ 92.053526105000032, 26.1713534400001 ], [ 92.053542447000055, 26.171223856000037 ], [ 92.05361216200005, 26.171123713000011 ], [ 92.054039273000043, 26.170632934 ], [ 92.054530028000059, 26.170257219000082 ], [ 92.054559941000051, 26.170235714000079 ], [ 92.054307727000051, 26.169811629999984 ], [ 92.053881917000083, 26.168829990000031 ], [ 92.053431601000028, 26.167432310000027 ], [ 92.053200692000118, 26.16698364500003 ], [ 92.0529665050001, 26.166660752000048 ], [ 92.052504607000074, 26.166200088000036 ], [ 92.052439416000098, 26.166050718000022 ], [ 92.052431448000064, 26.165925772999987 ], [ 92.052031507, 26.165942126000097 ], [ 92.051732757000067, 26.166039139000041 ], [ 92.051091285000012, 26.166381694000052 ], [ 92.049886965000027, 26.167280140000049 ], [ 92.04899532400006, 26.168098577 ], [ 92.048487623000057, 26.168733778000064 ], [ 92.047643225000101, 26.170180881000071 ], [ 92.046704182000028, 26.171745554000037 ], [ 92.046443192000112, 26.17205235600002 ], [ 92.045989680000062, 26.172511511 ], [ 92.045636545000065, 26.172749818000085 ], [ 92.045202189000094, 26.173055477000062 ], [ 92.044896288000103, 26.17331093200006 ], [ 92.044488798000046, 26.173773703000069 ], [ 92.042942642000099, 26.175795935000057 ], [ 92.043051941000087, 26.176527034000063 ], [ 92.043486851000097, 26.17683399800006 ], [ 92.044135016000084, 26.177513508000061 ], [ 92.04526681000003, 26.178758619000053 ], [ 92.045964785000052, 26.179503079000011 ], [ 92.046595842000031, 26.180484640000046 ], [ 92.047667844, 26.182693660000034 ], [ 92.047958492000078, 26.183354960000038 ], [ 92.048376854000054, 26.185039496000062 ], [ 92.048820375000062, 26.186584032000049 ], [ 92.049274106000041, 26.187499130000091 ], [ 92.049572138, 26.188092413000064 ], [ 92.049777262000106, 26.188346581000044 ], [ 92.050811656000064, 26.189311484000033 ], [ 92.053028379000068, 26.19059707 ], [ 92.054243550000066, 26.191283486000039 ], [ 92.054837780000028, 26.191747058000026 ], [ 92.055227720000062, 26.192143353000041 ], [ 92.055473463000055, 26.192556695000047 ], [ 92.055500769000091, 26.192798105000037 ], [ 92.055583709000103, 26.19347143800006 ], [ 92.05639185600009, 26.194045743000061 ], [ 92.056668268000053, 26.19434200600006 ], [ 92.056828915000025, 26.194897805000039 ], [ 92.057645550000089, 26.197283238000058 ], [ 92.058681359000076, 26.200277104000058 ], [ 92.059028925844274, 26.201178508381506 ], [ 92.059357619958249, 26.199743006035003 ], [ 92.05946567979737, 26.199123088959464 ], [ 92.059544752688183, 26.198944417051262 ], [ 92.059633043630114, 26.198736972233494 ], [ 92.059999570423926, 26.19835164960902 ], [ 92.061162372245775, 26.197450798715494 ] ] ] } },
{ "type": "Feature", "properties": { "District": "322", "Subdistt": "02130", "Town/Village": "303517", "Name": "Hahara N.C.", "TRU": "Rural", "No_HH": 63, "TOT_P": 304, "TOT_M": 138, "TOT_F": 166, "P_06": 42, "P_SC": 10, "P_ST": 184, "pc11_s_id": "18", "pc11_d_id": "322", "pc11_sd_id": "02130", "pc11_tv_id": "303517", "tv_name": "Hahara N.C.", "mdds_og": 0, "total_area_sqm": 3294926.3635295611, "total_area_ha": 329.49263635295608, "flood_area_1998": 0.0, "flood_pct_1998": 0.0, "exposed_pop_1998": 0, "flood_area_1999": 0.0, "flood_pct_1999": 0.0, "exposed_pop_1999": 0, "flood_area_2004": 0.0, "flood_pct_2004": 0.0, "exposed_pop_2004": 0, "flood_area_2012": 0.0, "flood_pct_2012": 0.0, "exposed_pop_2012": 0, "flood_area_2013": 0.0, "flood_pct_2013": 0.0, "exposed_pop_2013": 0, "flood_years_exposed": 0, "flood_frequency": 0.0, "max_flood_exposure_pct": 0.0, "exposure_note": "ESTIMATE: spatial overlap with historical flood inundation polygons only. NOT actual people affected." }, "geometry": { "type": "Polygon", "coordinates": [ [ [ 92.02933822600005, 26.147469974000046 ], [ 92.029841539000074, 26.148202827000034 ], [ 92.030669881000051, 26.149698654000076 ], [ 92.03141018000008, 26.150834143000054 ], [ 92.032031472000085, 26.151591918000065 ], [ 92.032795493000037, 26.152711907000025 ], [ 92.033477355000059, 26.153508872000032 ], [ 92.035021004000043, 26.155018132000066 ], [ 92.035176935000038, 26.155232419000072 ], [ 92.035182, 26.155434762000027 ], [ 92.035129079000058, 26.155648124000038 ], [ 92.034859195000081, 26.156125295000038 ], [ 92.035382151000078, 26.156455182000059 ], [ 92.035561766000058, 26.156670543000075 ], [ 92.035822549000045, 26.157262935000062 ], [ 92.036256982000054, 26.158654225000078 ], [ 92.037123230000077, 26.16113686500006 ], [ 92.038462023000079, 26.164265596000064 ], [ 92.038836158000038, 26.164983337000024 ], [ 92.039038677000065, 26.165625289000047 ], [ 92.039589097000032, 26.167603417000066 ], [ 92.039871866000055, 26.169211055000062 ], [ 92.040259564000053, 26.17082285400005 ], [ 92.040410741000073, 26.171274573000062 ], [ 92.04073760700004, 26.172116650000078 ], [ 92.041071048000049, 26.172744884000053 ], [ 92.042056001000049, 26.174309595000068 ], [ 92.042651982000052, 26.175175933000048 ], [ 92.042761769000037, 26.175464427000065 ], [ 92.042942642000071, 26.175795935000053 ], [ 92.044488798000032, 26.173773703000052 ], [ 92.044896288000075, 26.173310932000049 ], [ 92.045202189000065, 26.173055477000048 ], [ 92.045636545000036, 26.172749818000057 ], [ 92.045989680000048, 26.172511511000039 ], [ 92.046443192000083, 26.172052356000052 ], [ 92.046704182000042, 26.17174555400004 ], [ 92.047643225000058, 26.170180881000078 ], [ 92.048487623000085, 26.168733778000046 ], [ 92.048995324000032, 26.168098577000023 ], [ 92.049886965000042, 26.167280140000059 ], [ 92.051091285000041, 26.166381694000052 ], [ 92.051732757000082, 26.166039139000077 ], [ 92.052031507000038, 26.165942126000061 ], [ 92.05243144800005, 26.165925773000026 ], [ 92.052435554000056, 26.165776196000024 ], [ 92.052475125000058, 26.165614215000062 ], [ 92.052537516000086, 26.165451125000061 ], [ 92.05254341300008, 26.165238954000074 ], [ 92.052469831000053, 26.164952106000044 ], [ 92.052064843000039, 26.164139868000063 ], [ 92.050807468000073, 26.162364186000048 ], [ 92.050266578000048, 26.16149327200003 ], [ 92.04955601000006, 26.160404296000024 ], [ 92.048770018000084, 26.158468071000073 ], [ 92.047753830000033, 26.156630018000044 ], [ 92.047195661000046, 26.155695796000032 ], [ 92.046676623000053, 26.154825946000074 ], [ 92.045921100000044, 26.153631885000038 ], [ 92.045192249000081, 26.152675888000033 ], [ 92.044211132000044, 26.151588897000067 ], [ 92.043535858000041, 26.151056160000053 ], [ 92.042214222000041, 26.150156767000055 ], [ 92.041367414000035, 26.149717195000051 ], [ 92.040449718000048, 26.149387224000066 ], [ 92.038993239000035, 26.148887219000073 ], [ 92.037150703000066, 26.147950863000062 ], [ 92.035632565000071, 26.146881577000045 ], [ 92.034070357000076, 26.14570476800003 ], [ 92.033505233000085, 26.145321817000024 ], [ 92.033284001000084, 26.145232059000023 ], [ 92.032732372000055, 26.145089736000045 ], [ 92.03240154100007, 26.145077407000031 ], [ 92.03189485200005, 26.145088745000066 ], [ 92.031833308000046, 26.145089765000023 ], [ 92.031609049000053, 26.145089706000078 ], [ 92.031287893000069, 26.14512878000005 ], [ 92.031118359000061, 26.145244212000023 ], [ 92.030629524000062, 26.14570774200007 ], [ 92.02933822600005, 26.147469974000046 ] ] ] } },
{ "type": "Feature", "properties": { "District": "322", "Subdistt": "02130", "Town/Village": "303518", "Name": "Gomaria Bagicha", "TRU": "Rural", "No_HH": 74, "TOT_P": 367, "TOT_M": 169, "TOT_F": 198, "P_06": 56, "P_SC": 0, "P_ST": 127, "pc11_s_id": "18", "pc11_d_id": "322", "pc11_sd_id": "02130", "pc11_tv_id": "303518", "tv_name": "Gomaria Bagicha", "mdds_og": 0, "total_area_sqm": 2013873.0771143665, "total_area_ha": 201.38730771143665, "flood_area_1998": 310064.42887293542, "flood_pct_1998": 15.396423557994021, "exposed_pop_1998": 57, "flood_area_1999": 294239.74568163138, "flood_pct_1999": 14.610640016263632, "exposed_pop_1999": 54, "flood_area_2004": 326152.02518556209, "flood_pct_2004": 16.195262198593866, "exposed_pop_2004": 59, "flood_area_2012": 270998.47352659865, "flood_pct_2012": 13.456581579356842, "exposed_pop_2012": 49, "flood_area_2013": 232865.2954883856, "flood_pct_2013": 11.563057182434409, "exposed_pop_2013": 42, "flood_years_exposed": 5, "flood_frequency": 1.0, "max_flood_exposure_pct": 16.195262198593866, "exposure_note": "ESTIMATE: spatial overlap with historical flood inundation polygons only. NOT actual people affected." }, "geometry": { "type": "Polygon", "coordinates": [ [ [ 92.013713741000061, 26.171355800000072 ], [ 92.01390742500007, 26.169843855000067 ], [ 92.014205506000053, 26.168533211000067 ], [ 92.014447988000086, 26.167795 ], [ 92.014477070000055, 26.167472570000029 ], [ 92.014553042000045, 26.166515143000026 ], [ 92.014694688000077, 26.165997953000044 ], [ 92.01497450100004, 26.165363658000047 ], [ 92.015648271000032, 26.164097922000053 ], [ 92.016302175000078, 26.163171495000029 ], [ 92.016591902000073, 26.162860821000038 ], [ 92.017000678000045, 26.162594931000058 ], [ 92.017404866000049, 26.162472164000064 ], [ 92.017701283000065, 26.162420558000065 ], [ 92.018264091000049, 26.162416314000041 ], [ 92.018952303000049, 26.162350914000058 ], [ 92.018720669000061, 26.160954798000034 ], [ 92.018666623000058, 26.160572248000051 ], [ 92.018543950000037, 26.160315781000065 ], [ 92.018347224000081, 26.160034688000053 ], [ 92.01770255100007, 26.159110171000066 ], [ 92.017073392000043, 26.157938772000023 ], [ 92.016096969000046, 26.155513475000078 ], [ 92.01569432000008, 26.153996019000033 ], [ 92.015264221000052, 26.151671921000059 ], [ 92.015028462000032, 26.150594391000027 ], [ 92.015096348000043, 26.149377350000066 ], [ 92.01532134100006, 26.147784649000073 ], [ 92.01566986000006, 26.146248071000059 ], [ 92.015933851000057, 26.145557149000069 ], [ 92.016018643000052, 26.145207946000028 ], [ 92.015582365000057, 26.144795088000023 ], [ 92.015168464000055, 26.144421264000073 ], [ 92.01485976400005, 26.143911813000045 ], [ 92.014764699000068, 26.143753650000065 ], [ 92.014452077000044, 26.142870616000039 ], [ 92.014221379000048, 26.142013848000033 ], [ 92.014110990000063, 26.141783055000076 ], [ 92.01394958000003, 26.141653881000025 ], [ 92.013754539000047, 26.141510091000043 ], [ 92.013731072000041, 26.141662995000047 ], [ 92.013491306000049, 26.142702457000041 ], [ 92.012097391000054, 26.145785228000022 ], [ 92.011874532000036, 26.146374476000062 ], [ 92.011817596000071, 26.147004539000079 ], [ 92.011803559000043, 26.149139288000072 ], [ 92.011711505000051, 26.149709209000036 ], [ 92.011676808000061, 26.150241315000073 ], [ 92.011650631000066, 26.151087518000054 ], [ 92.01140784100005, 26.153648464000071 ], [ 92.011285183000041, 26.154674888000045 ], [ 92.010493903000054, 26.157106541000076 ], [ 92.009546961000069, 26.160376924000047 ], [ 92.009086796000076, 26.161241561000054 ], [ 92.00875857300008, 26.161921235000023 ], [ 92.007870555000068, 26.164550523000059 ], [ 92.007176804000039, 26.166857163000032 ], [ 92.006255730000078, 26.169775293000043 ], [ 92.006157959000063, 26.170145064000053 ], [ 92.005986788000087, 26.170453933000033 ], [ 92.005798856000069, 26.170703528000047 ], [ 92.005668871000069, 26.170836343000076 ], [ 92.006230812000069, 26.17084380700004 ], [ 92.00668698800007, 26.170950266000034 ], [ 92.007065513000043, 26.17106552100006 ], [ 92.007267446000071, 26.171127031000026 ], [ 92.008063667000044, 26.171627926000042 ], [ 92.008859899000072, 26.172169262000068 ], [ 92.009467821000044, 26.172824986000023 ], [ 92.009998707000079, 26.173709993000045 ], [ 92.010831111000073, 26.175597366000034 ], [ 92.011201533000076, 26.176340775000028 ], [ 92.011608629000079, 26.176877232000038 ], [ 92.011925199000075, 26.176516281000033 ], [ 92.012201943000036, 26.17607283500007 ], [ 92.012315328000057, 26.175752873000079 ], [ 92.012848678000069, 26.174284942000043 ], [ 92.013130334000039, 26.173109819000047 ], [ 92.013353768000059, 26.172653259000072 ], [ 92.013533482000071, 26.172264602000041 ], [ 92.013672038000038, 26.171816977000049 ], [ 92.013713741000061, 26.171355800000072 ] ] ] } },
{ "type": "Feature", "properties": { "District": "322", "Subdistt": "02130", "Town/Village": "303519", "Name": "Bejeni Grant", "TRU": "Rural", "No_HH": 140, "TOT_P": 811, "TOT_M": 414, "TOT_F": 397, "P_06": 88, "P_SC": 746, "P_ST": 10, "pc11_s_id": "18", "pc11_d_id": "322", "pc11_sd_id": "02130", "pc11_tv_id": "303519", "tv_name": "Bejeni Grant", "mdds_og": 0, "total_area_sqm": 7596687.3229013346, "total_area_ha": 759.66873229013345, "flood_area_1998": 5185021.6685532387, "flood_pct_1998": 68.253719656490603, "exposed_pop_1998": 554, "flood_area_1999": 1911778.407290386, "flood_pct_1999": 25.165948340759638, "exposed_pop_1999": 204, "flood_area_2004": 4954422.6854841933, "flood_pct_2004": 65.218199392626772, "exposed_pop_2004": 529, "flood_area_2012": 3196807.2700219243, "flood_pct_2012": 42.081596018631402, "exposed_pop_2012": 341, "flood_area_2013": 3022256.8033238077, "flood_pct_2013": 39.783877825440683, "exposed_pop_2013": 323, "flood_years_exposed": 5, "flood_frequency": 1.0, "max_flood_exposure_pct": 68.253719656490603, "exposure_note": "ESTIMATE: spatial overlap with historical flood inundation polygons only. NOT actual people affected." }, "geometry": { "type": "Polygon", "coordinates": [ [ [ 92.036271700178844, 26.205581438032954 ], [ 92.037065820431337, 26.205576647344486 ], [ 92.037976470337838, 26.205767116559198 ], [ 92.038155301426087, 26.205865729020239 ], [ 92.038716425000104, 26.202064928000013 ], [ 92.039058796000091, 26.200641483 ], [ 92.039497649000083, 26.198794189000019 ], [ 92.039682325000086, 26.198215233999989 ], [ 92.03973472000007, 26.198133211000041 ], [ 92.039363876000024, 26.198085950000038 ], [ 92.039145316000059, 26.198077130000019 ], [ 92.038805733000032, 26.198115442000081 ], [ 92.037953027000086, 26.198285611000038 ], [ 92.036108067000015, 26.198932224000071 ], [ 92.035066665000016, 26.199139942000027 ], [ 92.034057100000055, 26.199633926000043 ], [ 92.032636088000075, 26.200399539000063 ], [ 92.031655836000056, 26.20083924700003 ], [ 92.030530922000068, 26.201108382 ], [ 92.029127426000031, 26.201554302000041 ], [ 92.028478644000074, 26.201688046000093 ], [ 92.02789617800002, 26.201658645000059 ], [ 92.027209407000043, 26.20163743600008 ], [ 92.024933995000069, 26.201779450000018 ], [ 92.024523016000074, 26.201764286000095 ], [ 92.024249722000036, 26.201707925000051 ], [ 92.023999237000083, 26.201547845000039 ], [ 92.02344678800003, 26.201098839000014 ], [ 92.023375569000081, 26.200910853 ], [ 92.023336181000019, 26.20071283100005 ], [ 92.023352981000087, 26.199464655000071 ], [ 92.023401969000048, 26.198969976000086 ], [ 92.023529514000032, 26.198671452999989 ], [ 92.023947863000018, 26.197989516000053 ], [ 92.024226682000076, 26.197486702000017 ], [ 92.026051709000086, 26.195660997000036 ], [ 92.027476628000045, 26.194543720000052 ], [ 92.028751061000065, 26.193533326000118 ], [ 92.02989030100008, 26.19276081300006 ], [ 92.030733565000048, 26.19223231100003 ], [ 92.031436341000102, 26.191753096000081 ], [ 92.028863057000081, 26.190965747000039 ], [ 92.027510087000053, 26.19058962 ], [ 92.026593339000044, 26.190321467000022 ], [ 92.026257623000078, 26.19040970800004 ], [ 92.025780721000046, 26.190527018000065 ], [ 92.024453331000089, 26.190953049000054 ], [ 92.023885013000054, 26.191023450000017 ], [ 92.022841757000066, 26.190995095000069 ], [ 92.021879412000018, 26.191009759000039 ], [ 92.021125893000018, 26.191143987000043 ], [ 92.020382525000059, 26.191522346000085 ], [ 92.019548897000021, 26.191781683000048 ], [ 92.018955208000094, 26.191861791000104 ], [ 92.017887767000062, 26.191968948000088 ], [ 92.016621828000041, 26.191976270000072 ], [ 92.015175369000076, 26.191923619000068 ], [ 92.01506854000003, 26.191866893000082 ], [ 92.014995845000058, 26.191774907000021 ], [ 92.014997382, 26.191658280000052 ], [ 92.015065190000115, 26.191554243000059 ], [ 92.015209224000046, 26.19121146200003 ], [ 92.015219215000059, 26.191096139 ], [ 92.014409474000033, 26.189917456000078 ], [ 92.013773772000022, 26.189132109000113 ], [ 92.013049615000057, 26.187869898000038 ], [ 92.012810887000015, 26.18750077100005 ], [ 92.012681435000047, 26.187298662000025 ], [ 92.011894703000067, 26.186318873000047 ], [ 92.011732778000081, 26.186084337000093 ], [ 92.011449025000047, 26.185363698000064 ], [ 92.010676337000064, 26.183301015000016 ], [ 92.010137426000057, 26.182229734000018 ], [ 92.009918614000071, 26.181892292000075 ], [ 92.00952264900009, 26.181511446000094 ], [ 92.007938208000084, 26.179981330000057 ], [ 92.00696016600007, 26.179086234000071 ], [ 92.005672832000045, 26.178318896000086 ], [ 92.005133865000047, 26.177945358000088 ], [ 92.005007781000089, 26.177806578000062 ], [ 92.004610949000039, 26.177370418000034 ], [ 92.004263362000046, 26.176851235000065 ], [ 92.003985381000049, 26.177432779000043 ], [ 92.003147783000031, 26.178460645 ], [ 92.002724115000063, 26.178737614000092 ], [ 92.001711628000038, 26.179438512000086 ], [ 91.999967828000081, 26.180281939000061 ], [ 91.999085242000064, 26.181123013000018 ], [ 91.998902794000074, 26.181291797000039 ], [ 91.998618739000023, 26.18155443800001 ], [ 91.998373279000049, 26.181721272000047 ], [ 91.998102641000031, 26.181859792000051 ], [ 91.997871298000078, 26.181917692000045 ], [ 91.997553431000071, 26.18194756700003 ], [ 91.997701162000027, 26.183226420000061 ], [ 91.997643473000053, 26.185328066000046 ], [ 91.997725408000093, 26.186720642000072 ], [ 91.997866461000029, 26.187904302000042 ], [ 91.997880015000092, 26.188265773000019 ], [ 91.997878221000036, 26.188751709 ], [ 91.997833107000119, 26.18907911200008 ], [ 91.997685113000045, 26.189417319 ], [ 91.997420113000047, 26.189842589000012 ], [ 91.996964449000103, 26.190336846000051 ], [ 91.996554280000083, 26.190644837000043 ], [ 91.99583825922835, 26.191046412561914 ], [ 91.995894235730447, 26.19243779506828 ], [ 91.995782772856757, 26.193121490264648 ], [ 91.995644969739573, 26.193551913889834 ], [ 91.995106795642201, 26.194488886952616 ], [ 91.994121975948502, 26.196385618301665 ], [ 91.994045030853584, 26.1966203017856 ], [ 91.994038538647686, 26.196718141728947 ], [ 91.994053053705471, 26.196866795166507 ], [ 91.994121902204114, 26.197137610712229 ], [ 91.994669109092172, 26.198426127863605 ], [ 91.996282400212607, 26.201466511770111 ], [ 91.997658300889995, 26.203391189551795 ], [ 91.998596175972835, 26.204701118661777 ], [ 91.999209492024477, 26.205256345703809 ], [ 91.999533309115037, 26.205562107105607 ], [ 91.999887377600402, 26.205671688597576 ], [ 92.000005301203743, 26.205683470615693 ], [ 92.001634903328181, 26.205845169618946 ], [ 92.002261496071199, 26.205832011638019 ], [ 92.003242999065193, 26.205812714884935 ], [ 92.005347645577459, 26.205576721988155 ], [ 92.008841821992604, 26.204780533295047 ], [ 92.009235351830029, 26.204690017430465 ], [ 92.010835762860225, 26.204384284806981 ], [ 92.0114047513283, 26.204397676611535 ], [ 92.013967297552853, 26.204880179077072 ], [ 92.019834218274625, 26.206301190647441 ], [ 92.024379831663964, 26.207304219813921 ], [ 92.027488315833139, 26.207586972960506 ], [ 92.028051682639145, 26.207590543268999 ], [ 92.031380176054341, 26.207533888678114 ], [ 92.032557521712292, 26.207292354158884 ], [ 92.033832850305856, 26.206641449143575 ], [ 92.035681472422056, 26.205767982606343 ], [ 92.036271700178844, 26.205581438032954 ] ] ] } },
{ "type": "Feature", "properties": { "District": "322", "Subdistt": "02130", "Town/Village": "303520", "Name": "Gomaria Pathar", "TRU": "Rural", "No_HH": 162, "TOT_P": 844, "TOT_M": 433, "TOT_F": 411, "P_06": 90, "P_SC": 147, "P_ST": 184, "pc11_s_id": "18", "pc11_d_id": "322", "pc11_sd_id": "02130", "pc11_tv_id": "303520", "tv_name": "Gomaria Pathar", "mdds_og": 0, "total_area_sqm": 597853.59360937309, "total_area_ha": 59.785359360937306, "flood_area_1998": 0.0, "flood_pct_1998": 0.0, "exposed_pop_1998": 0, "flood_area_1999": 0.0, "flood_pct_1999": 0.0, "exposed_pop_1999": 0, "flood_area_2004": 0.0, "flood_pct_2004": 0.0, "exposed_pop_2004": 0, "flood_area_2012": 0.0, "flood_pct_2012": 0.0, "exposed_pop_2012": 0, "flood_area_2013": 0.0, "flood_pct_2013": 0.0, "exposed_pop_2013": 0, "flood_years_exposed": 0, "flood_frequency": 0.0, "max_flood_exposure_pct": 0.0, "exposure_note": "ESTIMATE: spatial overlap with historical flood inundation polygons only. NOT actual people affected." }, "geometry": { "type": "Polygon", "coordinates": [ [ [ 92.014694688000077, 26.165997953000044 ], [ 92.016722779000077, 26.168111929000077 ], [ 92.017356199000062, 26.168622251000045 ], [ 92.017823823000072, 26.168863667000039 ], [ 92.01813293500004, 26.16897364600004 ], [ 92.019305845000076, 26.169496421000076 ], [ 92.020289998000067, 26.169677056000069 ], [ 92.020816692000039, 26.169675639000047 ], [ 92.021118698000066, 26.169635332000041 ], [ 92.022642128000086, 26.169221053000058 ], [ 92.023523647000047, 26.168897407000031 ], [ 92.024076315000059, 26.168673887000068 ], [ 92.024437164000062, 26.168424678000065 ], [ 92.024711373000059, 26.16820867000007 ], [ 92.025000012000078, 26.167830655000046 ], [ 92.025254289000031, 26.167509116000076 ], [ 92.025611966000042, 26.16698089700003 ], [ 92.024698670000078, 26.166082634000077 ], [ 92.024523342000066, 26.16577828800007 ], [ 92.024329051000052, 26.165404352000053 ], [ 92.023954676000074, 26.164912607000076 ], [ 92.023019257000044, 26.164098625000065 ], [ 92.022312514000077, 26.163600836000057 ], [ 92.020899520000057, 26.162788281000076 ], [ 92.020380276000083, 26.162478513000053 ], [ 92.019962572000054, 26.162402464000024 ], [ 92.018952303000049, 26.162350914000058 ], [ 92.018264091000049, 26.162416314000041 ], [ 92.017701283000065, 26.162420558000065 ], [ 92.017404866000049, 26.162472164000064 ], [ 92.017000678000045, 26.162594931000058 ], [ 92.016591902000073, 26.162860821000038 ], [ 92.016302175000078, 26.163171495000029 ], [ 92.015648271000032, 26.164097922000053 ], [ 92.01497450100004, 26.165363658000047 ], [ 92.014694688000077, 26.165997953000044 ] ] ] } },
{ "type": "Feature", "properties": { "District": "322", "Subdistt": "02130", "Town/Village": "303521", "Name": "Bargog N.C.", "TRU": "Rural", "No_HH": 70, "TOT_P": 345, "TOT_M": 176, "TOT_F": 169, "P_06": 41, "P_SC": 14, "P_ST": 125, "pc11_s_id": "18", "pc11_d_id": "322", "pc11_sd_id": "02130", "pc11_tv_id": "303521", "tv_name": "Bargog N.C.", "mdds_og": 0, "total_area_sqm": 1665282.244029314, "total_area_ha": 166.52822440293141, "flood_area_1998": 0.0, "flood_pct_1998": 0.0, "exposed_pop_1998": 0, "flood_area_1999": 0.0, "flood_pct_1999": 0.0, "exposed_pop_1999": 0, "flood_area_2004": 0.0, "flood_pct_2004": 0.0, "exposed_pop_2004": 0, "flood_area_2012": 0.0, "flood_pct_2012": 0.0, "exposed_pop_2012": 0, "flood_area_2013": 0.0, "flood_pct_2013": 0.0, "exposed_pop_2013": 0, "flood_years_exposed": 0, "flood_frequency": 0.0, "max_flood_exposure_pct": 0.0, "exposure_note": "ESTIMATE: spatial overlap with historical flood inundation polygons only. NOT actual people affected." }, "geometry": { "type": "Polygon", "coordinates": [ [ [ 92.011608629000079, 26.176877232000038 ], [ 92.011852950000048, 26.177611450000029 ], [ 92.012215358000049, 26.178986057000031 ], [ 92.012666698000032, 26.180805952000071 ], [ 92.01303190200008, 26.182699110000044 ], [ 92.013279542000078, 26.184651919000032 ], [ 92.013376461000064, 26.186780175000024 ], [ 92.013444253000046, 26.187088574000029 ], [ 92.013435021000078, 26.187208837000071 ], [ 92.013365893000071, 26.18731989500003 ], [ 92.013275561000057, 26.187405867000052 ], [ 92.013087490000032, 26.187439729000062 ], [ 92.012810887000057, 26.187500771000032 ], [ 92.013049615000057, 26.187869898000031 ], [ 92.013773772000036, 26.18913210900007 ], [ 92.014409474000047, 26.189917456000046 ], [ 92.015219215000059, 26.191096139000024 ], [ 92.015450584000064, 26.19094719800006 ], [ 92.015698114000031, 26.190718534000041 ], [ 92.016120882000052, 26.190229835000025 ], [ 92.016561060000072, 26.189358363000053 ], [ 92.016728233000038, 26.188847997000039 ], [ 92.017093817000045, 26.187438172000043 ], [ 92.017225259000043, 26.186858631000064 ], [ 92.017383112000061, 26.184086358000059 ], [ 92.017526603000078, 26.182882437000046 ], [ 92.018013619000044, 26.180445409000072 ], [ 92.018221369000059, 26.179866295000068 ], [ 92.018884034000052, 26.178620054000078 ], [ 92.020553322000069, 26.175782613000024 ], [ 92.021689932000072, 26.173965646000056 ], [ 92.022006009000052, 26.173573109000074 ], [ 92.02226898400005, 26.173366005000048 ], [ 92.022929228000066, 26.172979445000067 ], [ 92.024663029000067, 26.171918895000033 ], [ 92.025214633000076, 26.171353488000022 ], [ 92.025460593000048, 26.171000312000047 ], [ 92.02576986300005, 26.170605179000063 ], [ 92.026005571000042, 26.170409805000077 ], [ 92.026231569000061, 26.170305025000062 ], [ 92.026541660000078, 26.170193256000061 ], [ 92.027516525000067, 26.169885561000058 ], [ 92.027112419000048, 26.16921768900005 ], [ 92.026137928000082, 26.167823701000032 ], [ 92.025611966000042, 26.16698089700003 ], [ 92.025254289000031, 26.167509116000076 ], [ 92.025000012000078, 26.167830655000046 ], [ 92.024711373000059, 26.16820867000007 ], [ 92.024437164000062, 26.168424678000065 ], [ 92.024076315000059, 26.168673887000068 ], [ 92.023523647000047, 26.168897407000031 ], [ 92.022642128000086, 26.169221053000058 ], [ 92.021118698000066, 26.169635332000041 ], [ 92.020816692000039, 26.169675639000047 ], [ 92.020289998000067, 26.169677056000069 ], [ 92.019305845000076, 26.169496421000076 ], [ 92.01813293500004, 26.16897364600004 ], [ 92.017823823000072, 26.168863667000039 ], [ 92.017356199000062, 26.168622251000045 ], [ 92.016722779000077, 26.168111929000077 ], [ 92.014694688000077, 26.165997953000044 ], [ 92.014553042000045, 26.166515143000026 ], [ 92.014477070000055, 26.167472570000029 ], [ 92.014447988000086, 26.167795 ], [ 92.014205506000053, 26.168533211000067 ], [ 92.01390742500007, 26.169843855000067 ], [ 92.013713741000061, 26.171355800000072 ], [ 92.013672038000038, 26.171816977000049 ], [ 92.013533482000071, 26.172264602000041 ], [ 92.013353768000059, 26.172653259000072 ], [ 92.013130334000039, 26.173109819000047 ], [ 92.012848678000069, 26.174284942000043 ], [ 92.012315328000057, 26.175752873000079 ], [ 92.012201943000036, 26.17607283500007 ], [ 92.011925199000075, 26.176516281000033 ], [ 92.011608629000079, 26.176877232000038 ] ] ] } },
{ "type": "Feature", "properties": { "District": "322", "Subdistt": "02130", "Town/Village": "303522", "Name": "Rewa Gaon", "TRU": "Rural", "No_HH": 96, "TOT_P": 507, "TOT_M": 258, "TOT_F": 249, "P_06": 51, "P_SC": 3, "P_ST": 0, "pc11_s_id": "18", "pc11_d_id": "322", "pc11_sd_id": "02130", "pc11_tv_id": "303522", "tv_name": "Rewa Gaon", "mdds_og": 0, "total_area_sqm": 495069.12316386931, "total_area_ha": 49.506912316386931, "flood_area_1998": 0.0, "flood_pct_1998": 0.0, "exposed_pop_1998": 0, "flood_area_1999": 0.0, "flood_pct_1999": 0.0, "exposed_pop_1999": 0, "flood_area_2004": 0.0, "flood_pct_2004": 0.0, "exposed_pop_2004": 0, "flood_area_2012": 0.0, "flood_pct_2012": 0.0, "exposed_pop_2012": 0, "flood_area_2013": 0.0, "flood_pct_2013": 0.0, "exposed_pop_2013": 0, "flood_years_exposed": 0, "flood_frequency": 0.0, "max_flood_exposure_pct": 0.0, "exposure_note": "ESTIMATE: spatial overlap with historical flood inundation polygons only. NOT actual people affected." }, "geometry": { "type": "Polygon", "coordinates": [ [ [ 92.047195661000046, 26.155695796000032 ], [ 92.047753830000033, 26.156630018000044 ], [ 92.048770018000084, 26.158468071000073 ], [ 92.04955601000006, 26.160404296000024 ], [ 92.050266578000048, 26.16149327200003 ], [ 92.052910411000084, 26.161186025000063 ], [ 92.054604037000047, 26.160914657000035 ], [ 92.055423146000066, 26.160750242000063 ], [ 92.055851342000039, 26.160587348000035 ], [ 92.056056119000061, 26.160470805000045 ], [ 92.056298379000054, 26.160159974000067 ], [ 92.056420219000074, 26.159998269000027 ], [ 92.056459778000033, 26.159888597000077 ], [ 92.056500295000035, 26.159778896000034 ], [ 92.056508446000066, 26.159525758000029 ], [ 92.056446926000035, 26.159169592000069 ], [ 92.05595168900004, 26.158151968000027 ], [ 92.055152754000062, 26.156775205000031 ], [ 92.054649310000059, 26.155967388000079 ], [ 92.054266011000038, 26.155261993000067 ], [ 92.054051249000054, 26.154933738000068 ], [ 92.05348147400008, 26.154377813000053 ], [ 92.053103546000045, 26.154179420000048 ], [ 92.052822247000051, 26.15412555000006 ], [ 92.052453123000078, 26.154137671000058 ], [ 92.051522465000062, 26.15440823800003 ], [ 92.050639598000032, 26.15478517300005 ], [ 92.049510080000061, 26.155193172000054 ], [ 92.048353611000039, 26.155413127000031 ], [ 92.047195661000046, 26.155695796000032 ] ] ] } },
{ "type": "Feature", "properties": { "District": "322", "Subdistt": "02130", "Town/Village": "303523", "Name": "Rewa Pathar", "TRU": "Rural", "No_HH": 136, "TOT_P": 714, "TOT_M": 364, "TOT_F": 350, "P_06": 71, "P_SC": 66, "P_ST": 161, "pc11_s_id": "18", "pc11_d_id": "322", "pc11_sd_id": "02130", "pc11_tv_id": "303523", "tv_name": "Rewa Pathar", "mdds_og": 0, "total_area_sqm": 2377206.4764287965, "total_area_ha": 237.72064764287964, "flood_area_1998": 1431712.5369212853, "flood_pct_1998": 60.226679975737852, "exposed_pop_1998": 430, "flood_area_1999": 688790.94824900001, "flood_pct_1999": 28.97480530524842, "exposed_pop_1999": 207, "flood_area_2004": 1517481.5713491188, "flood_pct_2004": 63.834655777515138, "exposed_pop_2004": 456, "flood_area_2012": 1062340.4580537863, "flood_pct_2012": 44.688606925289356, "exposed_pop_2012": 319, "flood_area_2013": 424813.58402955066, "flood_pct_2013": 17.870285490208445, "exposed_pop_2013": 128, "flood_years_exposed": 5, "flood_frequency": 1.0, "max_flood_exposure_pct": 63.834655777515138, "exposure_note": "ESTIMATE: spatial overlap with historical flood inundation polygons only. NOT actual people affected." }, "geometry": { "type": "Polygon", "coordinates": [ [ [ 92.06755073000005, 26.16404000600005 ], [ 92.068383836000066, 26.164007929000036 ], [ 92.068697531000055, 26.164009381000028 ], [ 92.069050179000044, 26.164011233000053 ], [ 92.069591425000056, 26.164049859000045 ], [ 92.069973250000032, 26.164147528000058 ], [ 92.070261246000086, 26.164269285000046 ], [ 92.070466390000036, 26.164346410000064 ], [ 92.070749628000044, 26.164470194000046 ], [ 92.070731151000075, 26.163245773000028 ], [ 92.070706106000046, 26.163032179000027 ], [ 92.070505942000068, 26.16211504100005 ], [ 92.069821321000063, 26.159669928000028 ], [ 92.069077592000042, 26.15808376800004 ], [ 92.068929577000063, 26.157718869000064 ], [ 92.068864586000075, 26.157314831000065 ], [ 92.068813439000053, 26.156991385000026 ], [ 92.068514077000032, 26.155949088000057 ], [ 92.068064118000052, 26.154614598000023 ], [ 92.067414589000066, 26.152609570000038 ], [ 92.066817119000063, 26.150765578000062 ], [ 92.066397714000061, 26.149666017000072 ], [ 92.066260810000074, 26.149424644000078 ], [ 92.066087466000056, 26.149266626000042 ], [ 92.065643801000078, 26.148909143000026 ], [ 92.065242645000069, 26.148694973000033 ], [ 92.064940802000081, 26.148682878000045 ], [ 92.064677403000076, 26.148628841000061 ], [ 92.064206700000057, 26.148537685000065 ], [ 92.063676288000067, 26.148503156000061 ], [ 92.063353518000042, 26.148480972000073 ], [ 92.060674375000076, 26.148664687000064 ], [ 92.057121419000055, 26.148749157000054 ], [ 92.056405289000054, 26.148699429000033 ], [ 92.05438751500003, 26.14826529100003 ], [ 92.053690001000064, 26.148036500000046 ], [ 92.053093406000073, 26.147832262000065 ], [ 92.052178808000065, 26.147780610000041 ], [ 92.052152515000046, 26.148096744000043 ], [ 92.052156130000071, 26.14822736800005 ], [ 92.052185823000059, 26.149208896000061 ], [ 92.052287126000067, 26.149758736000024 ], [ 92.052379895000058, 26.15010503700006 ], [ 92.052872561000072, 26.151506696000069 ], [ 92.053407905000086, 26.15261206100007 ], [ 92.053516847000083, 26.15294179700004 ], [ 92.053548995000085, 26.153320971000028 ], [ 92.05348147400008, 26.154377813000053 ], [ 92.054051249000054, 26.154933738000068 ], [ 92.054266011000038, 26.155261993000067 ], [ 92.054649310000059, 26.155967388000079 ], [ 92.055152754000062, 26.156775205000031 ], [ 92.05595168900004, 26.158151968000027 ], [ 92.056446926000035, 26.159169592000069 ], [ 92.056508446000066, 26.159525758000029 ], [ 92.056500295000035, 26.159778896000034 ], [ 92.056459778000033, 26.159888597000077 ], [ 92.056910936000065, 26.160316667000075 ], [ 92.05719799600007, 26.160685673000046 ], [ 92.057470229000046, 26.161135143000024 ], [ 92.057858199000066, 26.162012746000073 ], [ 92.058424136000042, 26.163003138000079 ], [ 92.059049858000037, 26.163812430000064 ], [ 92.05984383100008, 26.16463903600004 ], [ 92.060864978000041, 26.165338875000032 ], [ 92.061364999000034, 26.165138326000033 ], [ 92.062713961000043, 26.164882740000053 ], [ 92.064489905000073, 26.164600992000032 ], [ 92.066757904000042, 26.164093613000034 ], [ 92.06755073000005, 26.16404000600005 ] ] ] } },
{ "type": "Feature", "properties": { "District": "322", "Subdistt": "02130", "Town/Village": "303524", "Name": "Teteliguri", "TRU": "Rural", "No_HH": 207, "TOT_P": 1013, "TOT_M": 507, "TOT_F": 506, "P_06": 100, "P_SC": 0, "P_ST": 3, "pc11_s_id": "18", "pc11_d_id": "322", "pc11_sd_id": "02130", "pc11_tv_id": "303524", "tv_name": "Teteliguri", "mdds_og": 0, "total_area_sqm": 1518572.0140571154, "total_area_ha": 151.85720140571155, "flood_area_1998": 234078.18534307292, "flood_pct_1998": 15.414361859448105, "exposed_pop_1998": 156, "flood_area_1999": 195082.10122581353, "flood_pct_1999": 12.846417517245005, "exposed_pop_1999": 130, "flood_area_2004": 345562.03147202934, "flood_pct_2004": 22.755722367673787, "exposed_pop_2004": 231, "flood_area_2012": 198546.66792979807, "flood_pct_2012": 13.074563872631098, "exposed_pop_2012": 132, "flood_area_2013": 14393.964202900461, "flood_pct_2013": 0.94786181160053207, "exposed_pop_2013": 10, "flood_years_exposed": 5, "flood_frequency": 1.0, "max_flood_exposure_pct": 22.755722367673787, "exposure_note": "ESTIMATE: spatial overlap with historical flood inundation polygons only. NOT actual people affected." }, "geometry": { "type": "Polygon", "coordinates": [ [ [ 92.03189485200005, 26.145088745000066 ], [ 92.03240154100007, 26.145077407000031 ], [ 92.032732372000055, 26.145089736000045 ], [ 92.033284001000084, 26.145232059000023 ], [ 92.033505233000085, 26.145321817000024 ], [ 92.034070357000076, 26.14570476800003 ], [ 92.035632565000071, 26.146881577000045 ], [ 92.037150703000066, 26.147950863000062 ], [ 92.038993239000035, 26.148887219000073 ], [ 92.040449718000048, 26.149387224000066 ], [ 92.041367414000035, 26.149717195000051 ], [ 92.042214222000041, 26.150156767000055 ], [ 92.043535858000041, 26.151056160000053 ], [ 92.044211132000044, 26.151588897000067 ], [ 92.045192249000081, 26.152675888000033 ], [ 92.045921100000044, 26.153631885000038 ], [ 92.046676623000053, 26.154825946000074 ], [ 92.047195661000046, 26.155695796000032 ], [ 92.048353611000039, 26.155413127000031 ], [ 92.049510080000061, 26.155193172000054 ], [ 92.050639598000032, 26.15478517300005 ], [ 92.051522465000062, 26.15440823800003 ], [ 92.052453123000078, 26.154137671000058 ], [ 92.052822247000051, 26.15412555000006 ], [ 92.053103546000045, 26.154179420000048 ], [ 92.05348147400008, 26.154377813000053 ], [ 92.053548995000085, 26.153320971000028 ], [ 92.053516847000083, 26.15294179700004 ], [ 92.053407905000086, 26.15261206100007 ], [ 92.052872561000072, 26.151506696000069 ], [ 92.052379895000058, 26.15010503700006 ], [ 92.052287126000067, 26.149758736000024 ], [ 92.052185823000059, 26.149208896000061 ], [ 92.052156130000071, 26.14822736800005 ], [ 92.050551460000065, 26.148287893000031 ], [ 92.049841757000081, 26.14826004400004 ], [ 92.048242493000032, 26.147974859000044 ], [ 92.04701534700007, 26.147738377000053 ], [ 92.046009932000061, 26.147357599000031 ], [ 92.045385498000087, 26.147018131000038 ], [ 92.044531833000065, 26.14632750800007 ], [ 92.043532363000054, 26.145425443000079 ], [ 92.042498484000077, 26.144334932000049 ], [ 92.041324130000078, 26.143177484000034 ], [ 92.039998132000051, 26.141975083000034 ], [ 92.038905667000051, 26.141037419000043 ], [ 92.038319991000037, 26.140686561000052 ], [ 92.037914258000058, 26.140548910000064 ], [ 92.037206698000034, 26.140314400000022 ], [ 92.036462362000066, 26.140178846000026 ], [ 92.035549692000075, 26.140060693000066 ], [ 92.034416241000031, 26.140023298000074 ], [ 92.033600815000057, 26.140032473000076 ], [ 92.033223336000049, 26.14024792400005 ], [ 92.03291069800008, 26.140298993000044 ], [ 92.032793544000072, 26.140341974000023 ], [ 92.032622471000082, 26.140434907000042 ], [ 92.032507697000085, 26.140569055000071 ], [ 92.03225698600005, 26.141056905000028 ], [ 92.031785304000039, 26.141928777000032 ], [ 92.031703651000043, 26.142253776000075 ], [ 92.031637957000044, 26.142824688000076 ], [ 92.031689482000047, 26.14410693700006 ], [ 92.031759772000044, 26.14450757000003 ], [ 92.03189485200005, 26.145088745000066 ] ] ] } },
{ "type": "Feature", "properties": { "District": "322", "Subdistt": "02130", "Town/Village": "303525", "Name": "Teteliguri Pathar", "TRU": "Rural", "No_HH": 85, "TOT_P": 411, "TOT_M": 203, "TOT_F": 208, "P_06": 49, "P_SC": 6, "P_ST": 4, "pc11_s_id": "18", "pc11_d_id": "322", "pc11_sd_id": "02130", "pc11_tv_id": "303525", "tv_name": "Teteliguri Pathar", "mdds_og": 0, "total_area_sqm": 1353240.1688347007, "total_area_ha": 135.32401688347008, "flood_area_1998": 545447.99831912073, "flood_pct_1998": 40.306814036477775, "exposed_pop_1998": 166, "flood_area_1999": 254809.05799704604, "flood_pct_1999": 18.829551757724328, "exposed_pop_1999": 77, "flood_area_2004": 693214.96722302411, "flood_pct_2004": 51.22630728734309, "exposed_pop_2004": 211, "flood_area_2012": 397322.25796016597, "flood_pct_2012": 29.360808754465754, "exposed_pop_2012": 121, "flood_area_2013": 255251.28597324449, "flood_pct_2013": 18.862230951439013, "exposed_pop_2013": 78, "flood_years_exposed": 5, "flood_frequency": 1.0, "max_flood_exposure_pct": 51.22630728734309, "exposure_note": "ESTIMATE: spatial overlap with historical flood inundation polygons only. NOT actual people affected." }, "geometry": { "type": "Polygon", "coordinates": [ [ [ 92.02933822600005, 26.147469974000046 ], [ 92.030629524000062, 26.14570774200007 ], [ 92.031118359000061, 26.145244212000023 ], [ 92.031287893000069, 26.14512878000005 ], [ 92.031609049000053, 26.145089706000078 ], [ 92.031833308000046, 26.145089765000023 ], [ 92.03189485200005, 26.145088745000066 ], [ 92.031759772000044, 26.14450757000003 ], [ 92.031689482000047, 26.14410693700006 ], [ 92.031637957000044, 26.142824688000076 ], [ 92.031703651000043, 26.142253776000075 ], [ 92.031785304000039, 26.141928777000032 ], [ 92.03225698600005, 26.141056905000028 ], [ 92.032507697000085, 26.140569055000071 ], [ 92.032622471000082, 26.140434907000042 ], [ 92.032793544000072, 26.140341974000023 ], [ 92.03291069800008, 26.140298993000044 ], [ 92.033223336000049, 26.14024792400005 ], [ 92.033600815000057, 26.140032473000076 ], [ 92.034045367000033, 26.139187793000076 ], [ 92.034479956000041, 26.138469637000071 ], [ 92.034784369000079, 26.137967842000023 ], [ 92.034874723000087, 26.137611941000046 ], [ 92.034900497000081, 26.13728449000007 ], [ 92.034887934000039, 26.136943658000064 ], [ 92.034814075000043, 26.136692930000038 ], [ 92.03472520400004, 26.136389080000072 ], [ 92.034460201000059, 26.136446646000024 ], [ 92.034342521000042, 26.136472667000078 ], [ 92.031920394000053, 26.137211563000051 ], [ 92.031580418000033, 26.13735698000005 ], [ 92.031282898000086, 26.137534189000064 ], [ 92.030522882000071, 26.137999848000049 ], [ 92.030093932000057, 26.138279615000044 ], [ 92.029413614000077, 26.138419991000035 ], [ 92.026460446000044, 26.138816427000052 ], [ 92.023503336000033, 26.139176677000023 ], [ 92.020026134000034, 26.139415177000046 ], [ 92.01902735200008, 26.139453725000067 ], [ 92.016162037000072, 26.139723564000064 ], [ 92.015124168000057, 26.139888625000026 ], [ 92.014877541000033, 26.139919557000042 ], [ 92.014556815000049, 26.14000608200007 ], [ 92.014338459000044, 26.140092271000071 ], [ 92.01413894600006, 26.140233722000062 ], [ 92.014001049000058, 26.140375612000071 ], [ 92.013951973000076, 26.140447728000026 ], [ 92.013903884000058, 26.140518821000057 ], [ 92.013754539000047, 26.141510091000043 ], [ 92.01394958000003, 26.141653881000025 ], [ 92.014110990000063, 26.141783055000076 ], [ 92.014221379000048, 26.142013848000033 ], [ 92.014452077000044, 26.142870616000039 ], [ 92.014764699000068, 26.143753650000065 ], [ 92.01485976400005, 26.143911813000045 ], [ 92.015168464000055, 26.144421264000073 ], [ 92.015582365000057, 26.144795088000023 ], [ 92.016018643000052, 26.145207946000028 ], [ 92.016397128000051, 26.14491978500007 ], [ 92.016750992000084, 26.144630063000079 ], [ 92.017231103000086, 26.144443377000073 ], [ 92.017648433000033, 26.144344776000025 ], [ 92.01853867300008, 26.144287526000028 ], [ 92.019711719000043, 26.14433484500006 ], [ 92.020731245000036, 26.144596376000038 ], [ 92.021677813000053, 26.144934893000027 ], [ 92.022383493000063, 26.145374411000034 ], [ 92.022965014000079, 26.146109653000053 ], [ 92.023833728000056, 26.146267755000054 ], [ 92.024317302000043, 26.146269913000026 ], [ 92.025578037000059, 26.146429162000061 ], [ 92.026842532000046, 26.14639577500003 ], [ 92.027312917000074, 26.146461063000061 ], [ 92.028091189000065, 26.146592003000023 ], [ 92.028578426000081, 26.146863942000039 ], [ 92.02933822600005, 26.147469974000046 ] ] ] } },
{ "type": "Feature", "properties": { "District": "322", "Subdistt": "02130", "Town/Village": "303526", "Name": "Lomsum Pathar", "TRU": "Rural", "No_HH": 55, "TOT_P": 233, "TOT_M": 120, "TOT_F": 113, "P_06": 33, "P_SC": 0, "P_ST": 0, "pc11_s_id": "18", "pc11_d_id": "322", "pc11_sd_id": "02130", "pc11_tv_id": "303526", "tv_name": "Lomsum Pathar", "mdds_og": 0, "total_area_sqm": 547544.52692965465, "total_area_ha": 54.754452692965465, "flood_area_1998": 73838.874674375955, "flood_pct_1998": 13.485455710501942, "exposed_pop_1998": 31, "flood_area_1999": 3536.912642556365, "flood_pct_1999": 0.64595890719418458, "exposed_pop_1999": 2, "flood_area_2004": 85837.218664795801, "flood_pct_2004": 15.676755851460399, "exposed_pop_2004": 37, "flood_area_2012": 48893.084739355385, "flood_pct_2012": 8.9295175706572056, "exposed_pop_2012": 21, "flood_area_2013": 8742.5490838500536, "flood_pct_2013": 1.5966827634774707, "exposed_pop_2013": 4, "flood_years_exposed": 5, "flood_frequency": 1.0, "max_flood_exposure_pct": 15.676755851460399, "exposure_note": "ESTIMATE: spatial overlap with historical flood inundation polygons only. NOT actual people affected." }, "geometry": { "type": "Polygon", "coordinates": [ [ [ 92.065278850000084, 26.148426185000062 ], [ 92.065233300000045, 26.148181464000061 ], [ 92.064869963000035, 26.147492360000058 ], [ 92.063859398000034, 26.146240877000025 ], [ 92.062033294000059, 26.14428313600007 ], [ 92.061914776000037, 26.144168666000041 ], [ 92.061904766000055, 26.144113474000051 ], [ 92.060877012000049, 26.144174468000074 ], [ 92.059372027000052, 26.144258644000047 ], [ 92.05618294900006, 26.144350346000067 ], [ 92.05553218700004, 26.144332981000048 ], [ 92.054436050000049, 26.144112047000078 ], [ 92.053981788000044, 26.14398295500007 ], [ 92.053549214000043, 26.143790041000045 ], [ 92.053216947000067, 26.143733180000027 ], [ 92.052795357000036, 26.143741069000043 ], [ 92.052603108000085, 26.143758274000049 ], [ 92.052635176000081, 26.144622601000037 ], [ 92.052606063000042, 26.14535657600004 ], [ 92.052391485000044, 26.146214112000052 ], [ 92.052233443000034, 26.147148876000074 ], [ 92.052178808000065, 26.147780610000041 ], [ 92.053093406000073, 26.147832262000065 ], [ 92.053690001000064, 26.148036500000046 ], [ 92.05438751500003, 26.14826529100003 ], [ 92.056405289000054, 26.148699429000033 ], [ 92.057121419000055, 26.148749157000054 ], [ 92.060674375000076, 26.148664687000064 ], [ 92.063353518000042, 26.148480972000073 ], [ 92.063676288000067, 26.148503156000061 ], [ 92.064206700000057, 26.148537685000065 ], [ 92.064677403000076, 26.148628841000061 ], [ 92.064940802000081, 26.148682878000045 ], [ 92.065242645000069, 26.148694973000033 ], [ 92.065278850000084, 26.148426185000062 ] ] ] } },
{ "type": "Feature", "properties": { "District": "322", "Subdistt": "02130", "Town/Village": "303527", "Name": "Tetelia Gaon", "TRU": "Rural", "No_HH": 178, "TOT_P": 843, "TOT_M": 425, "TOT_F": 418, "P_06": 89, "P_SC": 0, "P_ST": 140, "pc11_s_id": "18", "pc11_d_id": "322", "pc11_sd_id": "02130", "pc11_tv_id": "303527", "tv_name": "Tetelia Gaon", "mdds_og": 0, "total_area_sqm": 2518274.9170927298, "total_area_ha": 251.82749170927298, "flood_area_1998": 500344.01427117718, "flood_pct_1998": 19.86852233150179, "exposed_pop_1998": 167, "flood_area_1999": 2569.3736952008858, "flood_pct_1999": 0.10202911833657732, "exposed_pop_1999": 1, "flood_area_2004": 776755.45704552811, "flood_pct_2004": 30.844744224441872, "exposed_pop_2004": 260, "flood_area_2012": 42337.672809767944, "flood_pct_2012": 1.6812172699017895, "exposed_pop_2012": 14, "flood_area_2013": 4845.9915736174253, "flood_pct_2013": 0.19243298421174651, "exposed_pop_2013": 2, "flood_years_exposed": 5, "flood_frequency": 1.0, "max_flood_exposure_pct": 30.844744224441872, "exposure_note": "ESTIMATE: spatial overlap with historical flood inundation polygons only. NOT actual people affected." }, "geometry": { "type": "Polygon", "coordinates": [ [ [ 92.050058646000082, 26.136081067000077 ], [ 92.049967624000033, 26.135755823000068 ], [ 92.049910490000059, 26.135553021000078 ], [ 92.049709091000068, 26.13524222500007 ], [ 92.049413472000083, 26.134969022000064 ], [ 92.049133981000068, 26.13461017700007 ], [ 92.04893828400003, 26.134146737000037 ], [ 92.048601217000055, 26.133268935000046 ], [ 92.047829035000063, 26.131421997000075 ], [ 92.046798520000038, 26.129209514000024 ], [ 92.045922761000043, 26.127669025000046 ], [ 92.045301727000037, 26.126782730000059 ], [ 92.044189, 26.125406803000033 ], [ 92.043426473000068, 26.123807713000076 ], [ 92.04278161600007, 26.12206007900005 ], [ 92.041996932000075, 26.120321230000059 ], [ 92.041731886000036, 26.11985412000007 ], [ 92.041458814000066, 26.11960749900004 ], [ 92.04105983900007, 26.11940372600003 ], [ 92.04082337300008, 26.119327120000037 ], [ 92.040554506000035, 26.119227856000066 ], [ 92.040208244000041, 26.119090285000027 ], [ 92.039682258000084, 26.119039665000059 ], [ 92.03846307200007, 26.118914439000037 ], [ 92.037408446000086, 26.118931245000056 ], [ 92.036448753000059, 26.118994244000078 ], [ 92.035600360000046, 26.119121377000056 ], [ 92.034692948000043, 26.119389022000064 ], [ 92.033045879000042, 26.120025927000029 ], [ 92.032589875000042, 26.120206735000068 ], [ 92.032364774000087, 26.120341240000073 ], [ 92.031609821000075, 26.12114155200004 ], [ 92.031091180000033, 26.121558228000026 ], [ 92.030215526000063, 26.122527577000028 ], [ 92.030360433000055, 26.122761008000055 ], [ 92.030416062000086, 26.123106576000055 ], [ 92.030347073000087, 26.125451500000054 ], [ 92.030449967000038, 26.125602659000037 ], [ 92.030707776000042, 26.125818589000062 ], [ 92.03125527900005, 26.126192934000073 ], [ 92.031617443000073, 26.126527309000039 ], [ 92.03263815400004, 26.127680213000076 ], [ 92.032813753000084, 26.128028224000047 ], [ 92.033108331000051, 26.129320564000068 ], [ 92.033291509000037, 26.129999145000056 ], [ 92.033576547000052, 26.131050672000072 ], [ 92.033897601000035, 26.132111196000039 ], [ 92.034232944000053, 26.134867213000064 ], [ 92.034349287000055, 26.135657730000048 ], [ 92.034390582000071, 26.13593916700006 ], [ 92.034460201000059, 26.136446646000024 ], [ 92.03472520400004, 26.136389080000072 ], [ 92.035107013000072, 26.136305321000066 ], [ 92.03598796600005, 26.136152809000066 ], [ 92.036233792000075, 26.136129435000043 ], [ 92.037481549000063, 26.136008282000034 ], [ 92.04208410800004, 26.136091064000027 ], [ 92.042764721000083, 26.136141111000029 ], [ 92.044068785000036, 26.136235586000055 ], [ 92.045486406000066, 26.136364312000069 ], [ 92.048475501000041, 26.136937132000071 ], [ 92.049220800000057, 26.137111082000047 ], [ 92.049613665000038, 26.137093488000062 ], [ 92.049998409000068, 26.137066297000047 ], [ 92.050130051000053, 26.137045065000052 ], [ 92.050329392000037, 26.13695841200007 ], [ 92.050177406000046, 26.136494760000062 ], [ 92.050058646000082, 26.136081067000077 ] ] ] } },
{ "type": "Feature", "properties": { "District": "322", "Subdistt": "02130", "Town/Village": "303528", "Name": "Tetelia Pathar", "TRU": "Rural", "No_HH": 185, "TOT_P": 995, "TOT_M": 497, "TOT_F": 498, "P_06": 142, "P_SC": 0, "P_ST": 21, "pc11_s_id": "18", "pc11_d_id": "322", "pc11_sd_id": "02130", "pc11_tv_id": "303528", "tv_name": "Tetelia Pathar", "mdds_og": 0, "total_area_sqm": 2503195.7025105059, "total_area_ha": 250.31957025105058, "flood_area_1998": 1786570.9050501415, "flood_pct_1998": 71.371603237347898, "exposed_pop_1998": 710, "flood_area_1999": 913429.72874982981, "flood_pct_1999": 36.490543980789539, "exposed_pop_1999": 363, "flood_area_2004": 1986542.8018455335, "flood_pct_2004": 79.360267351577392, "exposed_pop_2004": 790, "flood_area_2012": 654022.63695689244, "flood_pct_2012": 26.127507182157583, "exposed_pop_2012": 260, "flood_area_2013": 333037.01308401523, "flood_pct_2013": 13.304473667400659, "exposed_pop_2013": 132, "flood_years_exposed": 5, "flood_frequency": 1.0, "max_flood_exposure_pct": 79.360267351577392, "exposure_note": "ESTIMATE: spatial overlap with historical flood inundation polygons only. NOT actual people affected." }, "geometry": { "type": "Polygon", "coordinates": [ [ [ 92.034232944000053, 26.134867213000064 ], [ 92.033897601000035, 26.132111196000039 ], [ 92.033576547000052, 26.131050672000072 ], [ 92.033291509000037, 26.129999145000056 ], [ 92.032753627000034, 26.131023808000066 ], [ 92.032368302000066, 26.131761044000029 ], [ 92.032008131000055, 26.13215869000004 ], [ 92.031347243000084, 26.132707158000073 ], [ 92.030620467000062, 26.133375757000067 ], [ 92.030456948000051, 26.133485631000042 ], [ 92.030184709000082, 26.133515043000045 ], [ 92.027651725000055, 26.133547658000055 ], [ 92.027100463000068, 26.133524254000065 ], [ 92.026882292000039, 26.133459139000024 ], [ 92.024188588000072, 26.132248140000058 ], [ 92.023489024000071, 26.131929521000075 ], [ 92.022570099000063, 26.131262627000069 ], [ 92.020604279000054, 26.129757052000059 ], [ 92.019397078000054, 26.128860419000034 ], [ 92.017960733000052, 26.127983384000061 ], [ 92.016543222000053, 26.127267356000061 ], [ 92.014913919000037, 26.126591413000028 ], [ 92.014013213000055, 26.126141842000038 ], [ 92.013764633000051, 26.125929260000078 ], [ 92.013126926000041, 26.125405780000051 ], [ 92.012589560000038, 26.125784646000056 ], [ 92.01231610800005, 26.125892727000064 ], [ 92.011979332000067, 26.12593081600005 ], [ 92.009375422000062, 26.125968990000047 ], [ 92.007211601000051, 26.126022945000045 ], [ 92.007097238000085, 26.126014655000063 ], [ 92.006964698000047, 26.126031961000024 ], [ 92.006913295000061, 26.126102632000027 ], [ 92.006933761000084, 26.12620002400007 ], [ 92.007139111000072, 26.126386823000075 ], [ 92.007627144000082, 26.126838477000035 ], [ 92.007656540000085, 26.126927703000035 ], [ 92.007645664000052, 26.127183930000058 ], [ 92.008090650000042, 26.128643758000067 ], [ 92.008462007000048, 26.13053343200005 ], [ 92.008792135000078, 26.132309097000075 ], [ 92.009007121000081, 26.133936807000055 ], [ 92.008970540000064, 26.135178688000053 ], [ 92.009020608000071, 26.13545358500005 ], [ 92.00914638100005, 26.135663861000069 ], [ 92.01137293000005, 26.137688128000036 ], [ 92.01162134100008, 26.137873056000046 ], [ 92.012219221000066, 26.138153886000055 ], [ 92.013572897000074, 26.139082442000074 ], [ 92.013700829000072, 26.139240858000051 ], [ 92.013799812000059, 26.139543158000038 ], [ 92.013880854000035, 26.139975079000067 ], [ 92.013912984000058, 26.140187883000067 ], [ 92.013951973000076, 26.140447728000026 ], [ 92.014001049000058, 26.140375612000071 ], [ 92.01413894600006, 26.140233722000062 ], [ 92.014338459000044, 26.140092271000071 ], [ 92.014556815000049, 26.14000608200007 ], [ 92.014877541000033, 26.139919557000042 ], [ 92.015124168000057, 26.139888625000026 ], [ 92.016162037000072, 26.139723564000064 ], [ 92.01902735200008, 26.139453725000067 ], [ 92.020026134000034, 26.139415177000046 ], [ 92.023503336000033, 26.139176677000023 ], [ 92.026460446000044, 26.138816427000052 ], [ 92.029413614000077, 26.138419991000035 ], [ 92.030093932000057, 26.138279615000044 ], [ 92.030522882000071, 26.137999848000049 ], [ 92.031282898000086, 26.137534189000064 ], [ 92.031580418000033, 26.13735698000005 ], [ 92.031920394000053, 26.137211563000051 ], [ 92.034342521000042, 26.136472667000078 ], [ 92.034460201000059, 26.136446646000024 ], [ 92.034390582000071, 26.13593916700006 ], [ 92.034349287000055, 26.135657730000048 ], [ 92.034232944000053, 26.134867213000064 ] ] ] } },
{ "type": "Feature", "properties": { "District": "322", "Subdistt": "02130", "Town/Village": "303529", "Name": "Khat Tetelia", "TRU": "Rural", "No_HH": 178, "TOT_P": 847, "TOT_M": 430, "TOT_F": 417, "P_06": 81, "P_SC": 16, "P_ST": 22, "pc11_s_id": "18", "pc11_d_id": "322", "pc11_sd_id": "02130", "pc11_tv_id": "303529", "tv_name": "Khat Tetelia", "mdds_og": 0, "total_area_sqm": 1933580.6581259046, "total_area_ha": 193.35806581259047, "flood_area_1998": 755622.39476104709, "flood_pct_1998": 39.078917736662888, "exposed_pop_1998": 331, "flood_area_1999": 150413.05010867992, "flood_pct_1999": 7.7789902105488373, "exposed_pop_1999": 66, "flood_area_2004": 916040.70221644605, "flood_pct_2004": 47.375355062989996, "exposed_pop_2004": 401, "flood_area_2012": 328352.00987265445, "flood_pct_2012": 16.981552256056641, "exposed_pop_2012": 144, "flood_area_2013": 0.0, "flood_pct_2013": 0.0, "exposed_pop_2013": 0, "flood_years_exposed": 4, "flood_frequency": 0.8, "max_flood_exposure_pct": 47.375355062989996, "exposure_note": "ESTIMATE: spatial overlap with historical flood inundation polygons only. NOT actual people affected." }, "geometry": { "type": "Polygon", "coordinates": [ [ [ 92.012787985000045, 26.124903128000028 ], [ 92.013126926000041, 26.125405780000051 ], [ 92.013764633000051, 26.125929260000078 ], [ 92.014013213000055, 26.126141842000038 ], [ 92.014913919000037, 26.126591413000028 ], [ 92.016543222000053, 26.127267356000061 ], [ 92.017960733000052, 26.127983384000061 ], [ 92.019397078000054, 26.128860419000034 ], [ 92.020604279000054, 26.129757052000059 ], [ 92.022570099000063, 26.131262627000069 ], [ 92.023489024000071, 26.131929521000075 ], [ 92.024188588000072, 26.132248140000058 ], [ 92.026882292000039, 26.133459139000024 ], [ 92.027100463000068, 26.133524254000065 ], [ 92.027651725000055, 26.133547658000055 ], [ 92.030184709000082, 26.133515043000045 ], [ 92.030456948000051, 26.133485631000042 ], [ 92.030620467000062, 26.133375757000067 ], [ 92.031347243000084, 26.132707158000073 ], [ 92.032008131000055, 26.13215869000004 ], [ 92.032368302000066, 26.131761044000029 ], [ 92.032753627000034, 26.131023808000066 ], [ 92.033291509000037, 26.129999145000056 ], [ 92.033108331000051, 26.129320564000068 ], [ 92.032813753000084, 26.128028224000047 ], [ 92.03263815400004, 26.127680213000076 ], [ 92.031617443000073, 26.126527309000039 ], [ 92.03125527900005, 26.126192934000073 ], [ 92.030707776000042, 26.125818589000062 ], [ 92.030449967000038, 26.125602659000037 ], [ 92.030347073000087, 26.125451500000054 ], [ 92.030416062000086, 26.123106576000055 ], [ 92.030360433000055, 26.122761008000055 ], [ 92.030215526000063, 26.122527577000028 ], [ 92.029966071000047, 26.122407826000028 ], [ 92.029686456000036, 26.122350253000036 ], [ 92.02892214600007, 26.122349556000074 ], [ 92.028343567000036, 26.122361507000051 ], [ 92.02800675900005, 26.122336578000045 ], [ 92.027218944000083, 26.121959865000065 ], [ 92.02536596300007, 26.120803911000053 ], [ 92.023918931000082, 26.119667671000059 ], [ 92.023733630000038, 26.119387923000033 ], [ 92.023621433000073, 26.119061048000049 ], [ 92.023548752000067, 26.118763902000069 ], [ 92.023481070000059, 26.118372140000076 ], [ 92.023595682000064, 26.117345028000045 ], [ 92.023721402000035, 26.115301728000077 ], [ 92.023668770000086, 26.11431628400004 ], [ 92.023658179000051, 26.114055290000067 ], [ 92.02363017600004, 26.113972533000037 ], [ 92.023536802000081, 26.113939876000074 ], [ 92.023281927000085, 26.113995402000057 ], [ 92.022527852000053, 26.114182458000073 ], [ 92.022146572000054, 26.114251710000076 ], [ 92.020624391000069, 26.114388179000059 ], [ 92.018192616000078, 26.114507256000024 ], [ 92.017189788000053, 26.114613576000067 ], [ 92.015857725000046, 26.114820311000074 ], [ 92.01527118100006, 26.114989340000079 ], [ 92.015385210000034, 26.115151609000065 ], [ 92.015985302000047, 26.115927348000071 ], [ 92.018749398000068, 26.118387046000066 ], [ 92.021062875000041, 26.12020659500007 ], [ 92.021235020000063, 26.12039197200005 ], [ 92.021346357000084, 26.120741481000039 ], [ 92.021625730000039, 26.122154393000073 ], [ 92.022048537000046, 26.123177092000049 ], [ 92.022039466000081, 26.123398374000033 ], [ 92.021977790000051, 26.123609825000074 ], [ 92.021086795000031, 26.124732163000033 ], [ 92.020880858000055, 26.124863049000055 ], [ 92.020654160000049, 26.12499301500003 ], [ 92.020355496000036, 26.125077759000078 ], [ 92.020174705000045, 26.125102702000049 ], [ 92.019910097000036, 26.125118094000072 ], [ 92.019467632000044, 26.125110308000046 ], [ 92.018502258000069, 26.124981748000039 ], [ 92.015030724000042, 26.124932553000065 ], [ 92.012787985000045, 26.124903128000028 ] ] ] } },
{ "type": "Feature", "properties": { "District": "322", "Subdistt": "02130", "Town/Village": "303530", "Name": "Lomsum Gaon", "TRU": "Rural", "No_HH": 72, "TOT_P": 345, "TOT_M": 184, "TOT_F": 161, "P_06": 40, "P_SC": 0, "P_ST": 0, "pc11_s_id": "18", "pc11_d_id": "322", "pc11_sd_id": "02130", "pc11_tv_id": "303530", "tv_name": "Lomsum Gaon", "mdds_og": 0, "total_area_sqm": 916006.21308081551, "total_area_ha": 91.600621308081557, "flood_area_1998": 0.0, "flood_pct_1998": 0.0, "exposed_pop_1998": 0, "flood_area_1999": 0.0, "flood_pct_1999": 0.0, "exposed_pop_1999": 0, "flood_area_2004": 0.0, "flood_pct_2004": 0.0, "exposed_pop_2004": 0, "flood_area_2012": 0.0, "flood_pct_2012": 0.0, "exposed_pop_2012": 0, "flood_area_2013": 0.0, "flood_pct_2013": 0.0, "exposed_pop_2013": 0, "flood_years_exposed": 0, "flood_frequency": 0.0, "max_flood_exposure_pct": 0.0, "exposure_note": "ESTIMATE: spatial overlap with historical flood inundation polygons only. NOT actual people affected." }, "geometry": { "type": "Polygon", "coordinates": [ [ [ 92.061894708000068, 26.144059348000042 ], [ 92.061755679000044, 26.143497882000077 ], [ 92.06103734800007, 26.141726233000043 ], [ 92.06069276900007, 26.14079504700004 ], [ 92.060562306000065, 26.140580143000022 ], [ 92.059971459000053, 26.139859072000036 ], [ 92.058948749000081, 26.138867334000054 ], [ 92.058464371000071, 26.138527939000028 ], [ 92.05832950000007, 26.13844169500004 ], [ 92.057900251000035, 26.138337081000032 ], [ 92.055906807000042, 26.137948116000075 ], [ 92.054068422000057, 26.137648090000027 ], [ 92.052095523000048, 26.137139937000029 ], [ 92.050991253000063, 26.136950164000041 ], [ 92.050879484000063, 26.136907333000067 ], [ 92.050809719000085, 26.136909124000056 ], [ 92.05073995500004, 26.136910907000072 ], [ 92.050560302000065, 26.136915461000058 ], [ 92.050329392000037, 26.13695841200007 ], [ 92.050130051000053, 26.137045065000052 ], [ 92.049998409000068, 26.137066297000047 ], [ 92.049613665000038, 26.137093488000062 ], [ 92.049220800000057, 26.137111082000047 ], [ 92.048475501000041, 26.136937132000071 ], [ 92.045486406000066, 26.136364312000069 ], [ 92.044068785000036, 26.136235586000055 ], [ 92.042764721000083, 26.136141111000029 ], [ 92.042905484000073, 26.136494629000026 ], [ 92.043054869000059, 26.136871063000058 ], [ 92.043187897000053, 26.137111965000031 ], [ 92.043856328000061, 26.137629408000066 ], [ 92.044577669000034, 26.137997553000048 ], [ 92.045565865000071, 26.138414744000045 ], [ 92.046573513000055, 26.138917696000078 ], [ 92.047438247000059, 26.139304948000074 ], [ 92.048091019000083, 26.139726369000073 ], [ 92.049079228000039, 26.140664291000064 ], [ 92.050092806000066, 26.141873212000064 ], [ 92.050335886000084, 26.142248960000074 ], [ 92.050901320000037, 26.143235548000064 ], [ 92.051163115000065, 26.143622297000036 ], [ 92.051330517000054, 26.143724641000063 ], [ 92.051528734000044, 26.143794921000051 ], [ 92.052016997000067, 26.143807620000075 ], [ 92.052603108000085, 26.143758274000049 ], [ 92.052795357000036, 26.143741069000043 ], [ 92.053216947000067, 26.143733180000027 ], [ 92.053549214000043, 26.143790041000045 ], [ 92.053981788000044, 26.14398295500007 ], [ 92.054436050000049, 26.144112047000078 ], [ 92.05553218700004, 26.144332981000048 ], [ 92.05618294900006, 26.144350346000067 ], [ 92.059372027000052, 26.144258644000047 ], [ 92.060877012000049, 26.144174468000074 ], [ 92.061904766000055, 26.144113474000051 ], [ 92.061894708000068, 26.144059348000042 ] ] ] } },
{ "type": "Feature", "properties": { "District": "322", "Subdistt": "02130", "Town/Village": "303531", "Name": "Tetelia N.C.", "TRU": "Rural", "No_HH": 16, "TOT_P": 76, "TOT_M": 36, "TOT_F": 40, "P_06": 9, "P_SC": 6, "P_ST": 3, "pc11_s_id": "18", "pc11_d_id": "322", "pc11_sd_id": "02130", "pc11_tv_id": "303531", "tv_name": "Tetelia N.C.", "mdds_og": 0, "total_area_sqm": 889370.9846236927, "total_area_ha": 88.937098462369264, "flood_area_1998": 168751.56506625729, "flood_pct_1998": 18.97426023378296, "exposed_pop_1998": 14, "flood_area_1999": 168947.09464491488, "flood_pct_1999": 18.996245387564464, "exposed_pop_1999": 14, "flood_area_2004": 242475.02043967435, "flood_pct_2004": 27.263653147203748, "exposed_pop_2004": 21, "flood_area_2012": 51030.834723334447, "flood_pct_2012": 5.7378569354751798, "exposed_pop_2012": 4, "flood_area_2013": 2076.2892213718605, "flood_pct_2013": 0.23345592078769828, "exposed_pop_2013": 0, "flood_years_exposed": 5, "flood_frequency": 1.0, "max_flood_exposure_pct": 27.263653147203748, "exposure_note": "ESTIMATE: spatial overlap with historical flood inundation polygons only. NOT actual people affected." }, "geometry": { "type": "Polygon", "coordinates": [ [ [ 92.052635176000081, 26.144622601000037 ], [ 92.052603108000085, 26.143758274000049 ], [ 92.052016997000067, 26.143807620000075 ], [ 92.051528734000044, 26.143794921000051 ], [ 92.051330517000054, 26.143724641000063 ], [ 92.051163115000065, 26.143622297000036 ], [ 92.050901320000037, 26.143235548000064 ], [ 92.050335886000084, 26.142248960000074 ], [ 92.050092806000066, 26.141873212000064 ], [ 92.049079228000039, 26.140664291000064 ], [ 92.048091019000083, 26.139726369000073 ], [ 92.047438247000059, 26.139304948000074 ], [ 92.046573513000055, 26.138917696000078 ], [ 92.045565865000071, 26.138414744000045 ], [ 92.044577669000034, 26.137997553000048 ], [ 92.043856328000061, 26.137629408000066 ], [ 92.043187897000053, 26.137111965000031 ], [ 92.043054869000059, 26.136871063000058 ], [ 92.042905484000073, 26.136494629000026 ], [ 92.042764721000083, 26.136141111000029 ], [ 92.04208410800004, 26.136091064000027 ], [ 92.037481549000063, 26.136008282000034 ], [ 92.036233792000075, 26.136129435000043 ], [ 92.036417248000078, 26.136196554000037 ], [ 92.03709217800008, 26.136443612000051 ], [ 92.038229869000077, 26.13688323100007 ], [ 92.039126655000075, 26.137103341000056 ], [ 92.040140535000035, 26.137422233000052 ], [ 92.040962667000031, 26.137765176000073 ], [ 92.041471081000054, 26.137942128000077 ], [ 92.041889422000054, 26.138113877000023 ], [ 92.042092381000032, 26.138272706000066 ], [ 92.042610894000063, 26.138774475000048 ], [ 92.04333461300007, 26.139670824000063 ], [ 92.043377067000051, 26.139824345000079 ], [ 92.043371311000044, 26.139970076000054 ], [ 92.043361317000063, 26.140223720000051 ], [ 92.043266727000059, 26.140694979000045 ], [ 92.043153675000042, 26.140910813000062 ], [ 92.043036124000082, 26.141072188000066 ], [ 92.042592031000083, 26.141886815000078 ], [ 92.042300382000064, 26.142256037000038 ], [ 92.042137020000041, 26.142428640000048 ], [ 92.041802309000047, 26.142762107000067 ], [ 92.041324130000078, 26.143177484000034 ], [ 92.042498484000077, 26.144334932000049 ], [ 92.043532363000054, 26.145425443000079 ], [ 92.044531833000065, 26.14632750800007 ], [ 92.045385498000087, 26.147018131000038 ], [ 92.046009932000061, 26.147357599000031 ], [ 92.04701534700007, 26.147738377000053 ], [ 92.048242493000032, 26.147974859000044 ], [ 92.049841757000081, 26.14826004400004 ], [ 92.050551460000065, 26.148287893000031 ], [ 92.052156130000071, 26.14822736800005 ], [ 92.052152515000046, 26.148096744000043 ], [ 92.052178808000065, 26.147780610000041 ], [ 92.052233443000034, 26.147148876000074 ], [ 92.052391485000044, 26.146214112000052 ], [ 92.052606063000042, 26.14535657600004 ], [ 92.052635176000081, 26.144622601000037 ] ] ] } },
{ "type": "Feature", "properties": { "District": "322", "Subdistt": "02130", "Town/Village": "303532", "Name": "Teteliguri N.C.", "TRU": "Rural", "No_HH": 76, "TOT_P": 438, "TOT_M": 217, "TOT_F": 221, "P_06": 51, "P_SC": 0, "P_ST": 0, "pc11_s_id": "18", "pc11_d_id": "322", "pc11_sd_id": "02130", "pc11_tv_id": "303532", "tv_name": "Teteliguri N.C.", "mdds_og": 0, "total_area_sqm": 1554273.0760953035, "total_area_ha": 155.42730760953035, "flood_area_1998": 0.0, "flood_pct_1998": 0.0, "exposed_pop_1998": 0, "flood_area_1999": 0.0, "flood_pct_1999": 0.0, "exposed_pop_1999": 0, "flood_area_2004": 0.0, "flood_pct_2004": 0.0, "exposed_pop_2004": 0, "flood_area_2012": 0.0, "flood_pct_2012": 0.0, "exposed_pop_2012": 0, "flood_area_2013": 0.0, "flood_pct_2013": 0.0, "exposed_pop_2013": 0, "flood_years_exposed": 0, "flood_frequency": 0.0, "max_flood_exposure_pct": 0.0, "exposure_note": "ESTIMATE: spatial overlap with historical flood inundation polygons only. NOT actual people affected." }, "geometry": { "type": "Polygon", "coordinates": [ [ [ 92.030215526000063, 26.122527577000028 ], [ 92.031091180000033, 26.121558228000026 ], [ 92.031609821000075, 26.12114155200004 ], [ 92.032364774000087, 26.120341240000073 ], [ 92.032589875000042, 26.120206735000068 ], [ 92.033045879000042, 26.120025927000029 ], [ 92.034692948000043, 26.119389022000064 ], [ 92.035600360000046, 26.119121377000056 ], [ 92.036448753000059, 26.118994244000078 ], [ 92.037408446000086, 26.118931245000056 ], [ 92.03846307200007, 26.118914439000037 ], [ 92.039682258000084, 26.119039665000059 ], [ 92.040208244000041, 26.119090285000027 ], [ 92.040554506000035, 26.119227856000066 ], [ 92.04082337300008, 26.119327120000037 ], [ 92.04105983900007, 26.11940372600003 ], [ 92.040956961000063, 26.11912327400006 ], [ 92.040886852000085, 26.118880520000062 ], [ 92.040728669000032, 26.118550920000075 ], [ 92.040370774000053, 26.118151922000038 ], [ 92.039551876000075, 26.117370755000024 ], [ 92.037844426000049, 26.115817521000054 ], [ 92.035971110000048, 26.114234319000047 ], [ 92.035161484000071, 26.113392404000024 ], [ 92.033691303000069, 26.112218407000057 ], [ 92.032198246000064, 26.110678956000072 ], [ 92.03055446500008, 26.109301377000065 ], [ 92.02888149100005, 26.107985332000055 ], [ 92.027982157000054, 26.107346560000053 ], [ 92.027705642000058, 26.107210957000063 ], [ 92.027579692000074, 26.107190967000065 ], [ 92.027410218000057, 26.10720685900003 ], [ 92.027254730000038, 26.107261724000068 ], [ 92.027074160000041, 26.107433031000028 ], [ 92.026675718000035, 26.107956519000027 ], [ 92.026466569000036, 26.108980963000079 ], [ 92.02634822300007, 26.109411007000062 ], [ 92.026090365000073, 26.109905454000057 ], [ 92.025863757000081, 26.110409295000068 ], [ 92.025443199000051, 26.111595933000046 ], [ 92.025219402000062, 26.112263919000043 ], [ 92.024895743000059, 26.112776987000075 ], [ 92.024516391000077, 26.113350551000053 ], [ 92.023668770000086, 26.11431628400004 ], [ 92.023721402000035, 26.115301728000077 ], [ 92.023595682000064, 26.117345028000045 ], [ 92.023481070000059, 26.118372140000076 ], [ 92.023548752000067, 26.118763902000069 ], [ 92.023621433000073, 26.119061048000049 ], [ 92.023733630000038, 26.119387923000033 ], [ 92.023918931000082, 26.119667671000059 ], [ 92.02536596300007, 26.120803911000053 ], [ 92.027218944000083, 26.121959865000065 ], [ 92.02800675900005, 26.122336578000045 ], [ 92.028343567000036, 26.122361507000051 ], [ 92.02892214600007, 26.122349556000074 ], [ 92.029686456000036, 26.122350253000036 ], [ 92.029966071000047, 26.122407826000028 ], [ 92.030215526000063, 26.122527577000028 ] ] ] } },
{ "type": "Feature", "properties": { "District": "322", "Subdistt": "02130", "Town/Village": "303533", "Name": "Lomsum N.C.", "TRU": "Rural", "No_HH": 64, "TOT_P": 283, "TOT_M": 154, "TOT_F": 129, "P_06": 21, "P_SC": 0, "P_ST": 4, "pc11_s_id": "18", "pc11_d_id": "322", "pc11_sd_id": "02130", "pc11_tv_id": "303533", "tv_name": "Lomsum N.C.", "mdds_og": 0, "total_area_sqm": 390879.00620186591, "total_area_ha": 39.087900620186588, "flood_area_1998": 366233.23283255962, "flood_pct_1998": 93.694782022501826, "exposed_pop_1998": 265, "flood_area_1999": 101619.20175247297, "flood_pct_1999": 25.997610549591055, "exposed_pop_1999": 74, "flood_area_2004": 374875.6518846305, "flood_pct_2004": 95.905803570076969, "exposed_pop_2004": 271, "flood_area_2012": 274789.65588238498, "flood_pct_2012": 70.300438632529776, "exposed_pop_2012": 199, "flood_area_2013": 166009.13155664221, "flood_pct_2013": 42.470720842681509, "exposed_pop_2013": 120, "flood_years_exposed": 5, "flood_frequency": 1.0, "max_flood_exposure_pct": 95.905803570076969, "exposure_note": "ESTIMATE: spatial overlap with historical flood inundation polygons only. NOT actual people affected." }, "geometry": { "type": "Polygon", "coordinates": [ [ [ 92.043371311000044, 26.139970076000054 ], [ 92.043377067000051, 26.139824345000079 ], [ 92.04333461300007, 26.139670824000063 ], [ 92.042610894000063, 26.138774475000048 ], [ 92.042092381000032, 26.138272706000066 ], [ 92.041889422000054, 26.138113877000023 ], [ 92.041471081000054, 26.137942128000077 ], [ 92.040962667000031, 26.137765176000073 ], [ 92.040140535000035, 26.137422233000052 ], [ 92.039126655000075, 26.137103341000056 ], [ 92.038229869000077, 26.13688323100007 ], [ 92.03709217800008, 26.136443612000051 ], [ 92.036417248000078, 26.136196554000037 ], [ 92.036233792000075, 26.136129435000043 ], [ 92.03598796600005, 26.136152809000066 ], [ 92.035107013000072, 26.136305321000066 ], [ 92.03472520400004, 26.136389080000072 ], [ 92.034814075000043, 26.136692930000038 ], [ 92.034887934000039, 26.136943658000064 ], [ 92.034900497000081, 26.13728449000007 ], [ 92.034874723000087, 26.137611941000046 ], [ 92.034784369000079, 26.137967842000023 ], [ 92.034479956000041, 26.138469637000071 ], [ 92.034045367000033, 26.139187793000076 ], [ 92.033600815000057, 26.140032473000076 ], [ 92.034416241000031, 26.140023298000074 ], [ 92.035549692000075, 26.140060693000066 ], [ 92.036462362000066, 26.140178846000026 ], [ 92.037206698000034, 26.140314400000022 ], [ 92.037914258000058, 26.140548910000064 ], [ 92.038319991000037, 26.140686561000052 ], [ 92.038905667000051, 26.141037419000043 ], [ 92.039998132000051, 26.141975083000034 ], [ 92.041324130000078, 26.143177484000034 ], [ 92.041802309000047, 26.142762107000067 ], [ 92.042137020000041, 26.142428640000048 ], [ 92.042300382000064, 26.142256037000038 ], [ 92.042592031000083, 26.141886815000078 ], [ 92.043036124000082, 26.141072188000066 ], [ 92.043153675000042, 26.140910813000062 ], [ 92.043266727000059, 26.140694979000045 ], [ 92.043361317000063, 26.140223720000051 ], [ 92.043371311000044, 26.139970076000054 ] ] ] } },
{ "type": "Feature", "properties": { "District": "322", "Subdistt": "02130", "Town/Village": "303534", "Name": "Rewa N.C.", "TRU": "Rural", "No_HH": 16, "TOT_P": 111, "TOT_M": 60, "TOT_F": 51, "P_06": 9, "P_SC": 1, "P_ST": 0, "pc11_s_id": "18", "pc11_d_id": "322", "pc11_sd_id": "02130", "pc11_tv_id": "303534", "tv_name": "Rewa N.C.", "mdds_og": 0, "total_area_sqm": 626824.54161996651, "total_area_ha": 62.682454161996652, "flood_area_1998": 0.0, "flood_pct_1998": 0.0, "exposed_pop_1998": 0, "flood_area_1999": 0.0, "flood_pct_1999": 0.0, "exposed_pop_1999": 0, "flood_area_2004": 0.0, "flood_pct_2004": 0.0, "exposed_pop_2004": 0, "flood_area_2012": 0.0, "flood_pct_2012": 0.0, "exposed_pop_2012": 0, "flood_area_2013": 0.0, "flood_pct_2013": 0.0, "exposed_pop_2013": 0, "flood_years_exposed": 0, "flood_frequency": 0.0, "max_flood_exposure_pct": 0.0, "exposure_note": "ESTIMATE: spatial overlap with historical flood inundation polygons only. NOT actual people affected." }, "geometry": { "type": "Polygon", "coordinates": [ [ [ 92.050266578000048, 26.16149327200003 ], [ 92.050807468000073, 26.162364186000048 ], [ 92.052064843000039, 26.164139868000063 ], [ 92.052469831000053, 26.164952106000044 ], [ 92.05254341300008, 26.165238954000074 ], [ 92.052537516000086, 26.165451125000061 ], [ 92.052475125000058, 26.165614215000062 ], [ 92.052435554000056, 26.165776196000024 ], [ 92.05243144800005, 26.165925773000026 ], [ 92.052439416000084, 26.166050718000065 ], [ 92.05250460700006, 26.166200088000039 ], [ 92.052966505000086, 26.166660752000041 ], [ 92.053200692000075, 26.166983645000073 ], [ 92.053431601000057, 26.167432310000038 ], [ 92.053881917000069, 26.168829990000063 ], [ 92.054307727000037, 26.169811630000027 ], [ 92.054559941000036, 26.170235714000057 ], [ 92.055020084000034, 26.169910015000028 ], [ 92.055985315000044, 26.169317524000064 ], [ 92.05765348500006, 26.168530794000048 ], [ 92.059225942000069, 26.167704226000069 ], [ 92.059675992000052, 26.167370156000061 ], [ 92.060106372000064, 26.166790898000045 ], [ 92.060248262000073, 26.166486906000046 ], [ 92.060864978000041, 26.165338875000032 ], [ 92.05984383100008, 26.16463903600004 ], [ 92.059049858000037, 26.163812430000064 ], [ 92.058424136000042, 26.163003138000079 ], [ 92.057858199000066, 26.162012746000073 ], [ 92.057470229000046, 26.161135143000024 ], [ 92.05719799600007, 26.160685673000046 ], [ 92.056910936000065, 26.160316667000075 ], [ 92.056459778000033, 26.159888597000077 ], [ 92.056420219000074, 26.159998269000027 ], [ 92.056298379000054, 26.160159974000067 ], [ 92.056056119000061, 26.160470805000045 ], [ 92.055851342000039, 26.160587348000035 ], [ 92.055423146000066, 26.160750242000063 ], [ 92.054604037000047, 26.160914657000035 ], [ 92.052910411000084, 26.161186025000063 ], [ 92.050266578000048, 26.16149327200003 ] ] ] } },
{ "type": "Feature", "properties": { "District": "322", "Subdistt": "02130", "Town/Village": "303535", "Name": "Khat Tetelia N.C.", "TRU": "Rural", "No_HH": 21, "TOT_P": 102, "TOT_M": 54, "TOT_F": 48, "P_06": 10, "P_SC": 0, "P_ST": 0, "pc11_s_id": "18", "pc11_d_id": "322", "pc11_sd_id": "02130", "pc11_tv_id": "303535", "tv_name": "Khat Tetelia N.C.", "mdds_og": 0, "total_area_sqm": 2622205.3183717481, "total_area_ha": 262.2205318371748, "flood_area_1998": 0.0, "flood_pct_1998": 0.0, "exposed_pop_1998": 0, "flood_area_1999": 0.0, "flood_pct_1999": 0.0, "exposed_pop_1999": 0, "flood_area_2004": 0.0, "flood_pct_2004": 0.0, "exposed_pop_2004": 0, "flood_area_2012": 0.0, "flood_pct_2012": 0.0, "exposed_pop_2012": 0, "flood_area_2013": 0.0, "flood_pct_2013": 0.0, "exposed_pop_2013": 0, "flood_years_exposed": 0, "flood_frequency": 0.0, "max_flood_exposure_pct": 0.0, "exposure_note": "ESTIMATE: spatial overlap with historical flood inundation polygons only. NOT actual people affected." }, "geometry": { "type": "Polygon", "coordinates": [ [ [ 92.023668770000086, 26.11431628400004 ], [ 92.024516391000077, 26.113350551000053 ], [ 92.024895743000059, 26.112776987000075 ], [ 92.025219402000062, 26.112263919000043 ], [ 92.025443199000051, 26.111595933000046 ], [ 92.025863757000081, 26.110409295000068 ], [ 92.026090365000073, 26.109905454000057 ], [ 92.02634822300007, 26.109411007000062 ], [ 92.026466569000036, 26.108980963000079 ], [ 92.026675718000035, 26.107956519000027 ], [ 92.026318792000041, 26.107605646000025 ], [ 92.026228194000055, 26.107475380000039 ], [ 92.026180460000035, 26.107331202000069 ], [ 92.02598703600006, 26.106411657000024 ], [ 92.025730882000062, 26.10543322500007 ], [ 92.025728704000073, 26.105177266000055 ], [ 92.025744383000074, 26.10495684600005 ], [ 92.025856242000032, 26.104639090000035 ], [ 92.02633460800007, 26.103271867000046 ], [ 92.026569256000073, 26.102375312000049 ], [ 92.026713655000037, 26.102039153000078 ], [ 92.026768558000072, 26.101932701000067 ], [ 92.026824407000049, 26.101826220000078 ], [ 92.02687317200008, 26.101668446000076 ], [ 92.026878484000065, 26.101476185000024 ], [ 92.02685778700004, 26.101130227000056 ], [ 92.026610315000084, 26.100092005000079 ], [ 92.026333212000054, 26.100102807000042 ], [ 92.025739922000071, 26.100001980000059 ], [ 92.022234815000047, 26.098135515000024 ], [ 92.019052323000039, 26.096820248000029 ], [ 92.017386473000045, 26.096340974000043 ], [ 92.016778516000045, 26.096018697000034 ], [ 92.014770221000049, 26.094466053000076 ], [ 92.014565505000064, 26.095013497000025 ], [ 92.014128718000052, 26.096183790000055 ], [ 92.013089510000043, 26.098388230000069 ], [ 92.011273851000055, 26.101805508000041 ], [ 92.010701272000063, 26.102834189000077 ], [ 92.010429718000069, 26.103162226000052 ], [ 92.00995782800004, 26.103520941000056 ], [ 92.009125603000086, 26.103917652000064 ], [ 92.008762875000059, 26.103984208000043 ], [ 92.009136383000055, 26.104568130000075 ], [ 92.011123664000081, 26.107195670000067 ], [ 92.012516080000069, 26.109024971000053 ], [ 92.013428213000054, 26.110230062000028 ], [ 92.013663460000032, 26.110651780000069 ], [ 92.014021296000067, 26.111708863000047 ], [ 92.015157147000082, 26.114827060000039 ], [ 92.01527118100006, 26.114989340000079 ], [ 92.015857725000046, 26.114820311000074 ], [ 92.017189788000053, 26.114613576000067 ], [ 92.018192616000078, 26.114507256000024 ], [ 92.020624391000069, 26.114388179000059 ], [ 92.022146572000054, 26.114251710000076 ], [ 92.022527852000053, 26.114182458000073 ], [ 92.023281927000085, 26.113995402000057 ], [ 92.023536802000081, 26.113939876000074 ], [ 92.02363017600004, 26.113972533000037 ], [ 92.023658179000051, 26.114055290000067 ], [ 92.023668770000086, 26.11431628400004 ] ] ] } },
{ "type": "Feature", "properties": { "District": "322", "Subdistt": "02130", "Town/Village": "303536", "Name": "No.1 Tegheria Gaon", "TRU": "Rural", "No_HH": 63, "TOT_P": 279, "TOT_M": 137, "TOT_F": 142, "P_06": 38, "P_SC": 0, "P_ST": 267, "pc11_s_id": "18", "pc11_d_id": "322", "pc11_sd_id": "02130", "pc11_tv_id": "303536", "tv_name": "No.1 Tegheria Gaon", "mdds_og": 0, "total_area_sqm": 2190365.7444483908, "total_area_ha": 219.03657444483909, "flood_area_1998": 130366.73734478076, "flood_pct_1998": 5.9518250627870177, "exposed_pop_1998": 17, "flood_area_1999": 69498.505317876887, "flood_pct_1999": 3.1729178331986283, "exposed_pop_1999": 9, "flood_area_2004": 142578.09226580983, "flood_pct_2004": 6.5093280712219999, "exposed_pop_2004": 18, "flood_area_2012": 57296.526096033122, "flood_pct_2012": 2.6158428673957532, "exposed_pop_2012": 7, "flood_area_2013": 0.0, "flood_pct_2013": 0.0, "exposed_pop_2013": 0, "flood_years_exposed": 4, "flood_frequency": 0.8, "max_flood_exposure_pct": 6.5093280712219999, "exposure_note": "ESTIMATE: spatial overlap with historical flood inundation polygons only. NOT actual people affected." }, "geometry": { "type": "Polygon", "coordinates": [ [ [ 92.050329392000037, 26.13695841200007 ], [ 92.050560302000065, 26.136915461000058 ], [ 92.05073995500004, 26.136910907000072 ], [ 92.050809719000085, 26.136909124000056 ], [ 92.050864613000044, 26.136475939000036 ], [ 92.05095400600004, 26.136108455000056 ], [ 92.050973502000033, 26.135878919000049 ], [ 92.050991655000075, 26.135658892000038 ], [ 92.051046393000036, 26.134077228000024 ], [ 92.051063790000057, 26.130579822000072 ], [ 92.050948807000054, 26.128470526000058 ], [ 92.05092899400006, 26.128098564000027 ], [ 92.050746854000067, 26.127090072000044 ], [ 92.050677437000047, 26.126177082000027 ], [ 92.050569388000042, 26.125235807000024 ], [ 92.050304963000031, 26.123921402000065 ], [ 92.049891741000067, 26.120976882000036 ], [ 92.049679157000071, 26.12002310400004 ], [ 92.048833871000056, 26.117767937000053 ], [ 92.048551423000049, 26.117028636000043 ], [ 92.04836649300006, 26.116767348000053 ], [ 92.047195012000032, 26.115446343000031 ], [ 92.045588752000072, 26.113879069000063 ], [ 92.043965164000042, 26.112743746000035 ], [ 92.043014221000078, 26.111889464000058 ], [ 92.041433863000066, 26.110744206000049 ], [ 92.039846185000044, 26.109744656000032 ], [ 92.039133099000082, 26.109288937000031 ], [ 92.038068943000042, 26.108874314000047 ], [ 92.037463289000073, 26.108628345000056 ], [ 92.036141430000043, 26.108289510000077 ], [ 92.033254489000058, 26.107602149000058 ], [ 92.031146621000062, 26.10694144100006 ], [ 92.030081952000046, 26.10646175200003 ], [ 92.028590020000081, 26.105866610000078 ], [ 92.027974954000058, 26.10570522200004 ], [ 92.027631694000036, 26.105587569000079 ], [ 92.025856242000032, 26.104639090000035 ], [ 92.025744383000074, 26.10495684600005 ], [ 92.025728704000073, 26.105177266000055 ], [ 92.025730882000062, 26.10543322500007 ], [ 92.02598703600006, 26.106411657000024 ], [ 92.026180460000035, 26.107331202000069 ], [ 92.026228194000055, 26.107475380000039 ], [ 92.026318792000041, 26.107605646000025 ], [ 92.026675718000035, 26.107956519000027 ], [ 92.027074160000041, 26.107433031000028 ], [ 92.027254730000038, 26.107261724000068 ], [ 92.027410218000057, 26.10720685900003 ], [ 92.027579692000074, 26.107190967000065 ], [ 92.027705642000058, 26.107210957000063 ], [ 92.027982157000054, 26.107346560000053 ], [ 92.02888149100005, 26.107985332000055 ], [ 92.03055446500008, 26.109301377000065 ], [ 92.032198246000064, 26.110678956000072 ], [ 92.033691303000069, 26.112218407000057 ], [ 92.035161484000071, 26.113392404000024 ], [ 92.035971110000048, 26.114234319000047 ], [ 92.037844426000049, 26.115817521000054 ], [ 92.039551876000075, 26.117370755000024 ], [ 92.040370774000053, 26.118151922000038 ], [ 92.040728669000032, 26.118550920000075 ], [ 92.040886852000085, 26.118880520000062 ], [ 92.040956961000063, 26.11912327400006 ], [ 92.04105983900007, 26.11940372600003 ], [ 92.041458814000066, 26.11960749900004 ], [ 92.041731886000036, 26.11985412000007 ], [ 92.041996932000075, 26.120321230000059 ], [ 92.04278161600007, 26.12206007900005 ], [ 92.043426473000068, 26.123807713000076 ], [ 92.044189, 26.125406803000033 ], [ 92.045301727000037, 26.126782730000059 ], [ 92.045922761000043, 26.127669025000046 ], [ 92.046798520000038, 26.129209514000024 ], [ 92.047829035000063, 26.131421997000075 ], [ 92.048601217000055, 26.133268935000046 ], [ 92.04893828400003, 26.134146737000037 ], [ 92.049133981000068, 26.13461017700007 ], [ 92.049413472000083, 26.134969022000064 ], [ 92.049709091000068, 26.13524222500007 ], [ 92.049910490000059, 26.135553021000078 ], [ 92.049967624000033, 26.135755823000068 ], [ 92.050058646000082, 26.136081067000077 ], [ 92.050177406000046, 26.136494760000062 ], [ 92.050329392000037, 26.13695841200007 ] ] ] } },
{ "type": "Feature", "properties": { "District": "322", "Subdistt": "02130", "Town/Village": "303537", "Name": "No.2 Tegheria Gaon", "TRU": "Rural", "No_HH": 108, "TOT_P": 552, "TOT_M": 286, "TOT_F": 266, "P_06": 61, "P_SC": 0, "P_ST": 34, "pc11_s_id": "18", "pc11_d_id": "322", "pc11_sd_id": "02130", "pc11_tv_id": "303537", "tv_name": "No.2 Tegheria Gaon", "mdds_og": 0, "total_area_sqm": 4480494.4886082886, "total_area_ha": 448.04944886082887, "flood_area_1998": 0.0, "flood_pct_1998": 0.0, "exposed_pop_1998": 0, "flood_area_1999": 0.0, "flood_pct_1999": 0.0, "exposed_pop_1999": 0, "flood_area_2004": 0.0, "flood_pct_2004": 0.0, "exposed_pop_2004": 0, "flood_area_2012": 0.0, "flood_pct_2012": 0.0, "exposed_pop_2012": 0, "flood_area_2013": 0.0, "flood_pct_2013": 0.0, "exposed_pop_2013": 0, "flood_years_exposed": 0, "flood_frequency": 0.0, "max_flood_exposure_pct": 0.0, "exposure_note": "ESTIMATE: spatial overlap with historical flood inundation polygons only. NOT actual people affected." }, "geometry": { "type": "Polygon", "coordinates": [ [ [ 92.025856242000032, 26.104639090000035 ], [ 92.027631694000036, 26.105587569000079 ], [ 92.027974954000058, 26.10570522200004 ], [ 92.028590020000081, 26.105866610000078 ], [ 92.030081952000046, 26.10646175200003 ], [ 92.031146621000062, 26.10694144100006 ], [ 92.033254489000058, 26.107602149000058 ], [ 92.036141430000043, 26.108289510000077 ], [ 92.037463289000073, 26.108628345000056 ], [ 92.038068943000042, 26.108874314000047 ], [ 92.039133099000082, 26.109288937000031 ], [ 92.039846185000044, 26.109744656000032 ], [ 92.041433863000066, 26.110744206000049 ], [ 92.043014221000078, 26.111889464000058 ], [ 92.043965164000042, 26.112743746000035 ], [ 92.045588752000072, 26.113879069000063 ], [ 92.047195012000032, 26.115446343000031 ], [ 92.04836649300006, 26.116767348000053 ], [ 92.048551423000049, 26.117028636000043 ], [ 92.048833871000056, 26.117767937000053 ], [ 92.049679157000071, 26.12002310400004 ], [ 92.049891741000067, 26.120976882000036 ], [ 92.050304963000031, 26.123921402000065 ], [ 92.050569388000042, 26.125235807000024 ], [ 92.050677437000047, 26.126177082000027 ], [ 92.050746854000067, 26.127090072000044 ], [ 92.05092899400006, 26.128098564000027 ], [ 92.050948807000054, 26.128470526000058 ], [ 92.051723312000036, 26.128580331000023 ], [ 92.052705777000085, 26.128674185000023 ], [ 92.053792854000051, 26.12876198400005 ], [ 92.054689759000041, 26.128737080000064 ], [ 92.057377677000034, 26.128528049000067 ], [ 92.060016851000057, 26.128416344000073 ], [ 92.062639682000054, 26.128370057000041 ], [ 92.066599928000073, 26.12811616700003 ], [ 92.068237281000052, 26.128058224000029 ], [ 92.070835920000036, 26.127836493000075 ], [ 92.073240956000063, 26.127538701000049 ], [ 92.075930044000074, 26.127119542000059 ], [ 92.077121580000039, 26.126895317000049 ], [ 92.07828988600005, 26.126606489000039 ], [ 92.078221359000054, 26.126357649000056 ], [ 92.078118673000063, 26.125969350000048 ], [ 92.077726619000032, 26.125391259000025 ], [ 92.076323088000038, 26.123382012000036 ], [ 92.07520635000003, 26.121894145000056 ], [ 92.07428083700006, 26.120322232000035 ], [ 92.073509545000036, 26.119149327000059 ], [ 92.07275474100004, 26.118253818000028 ], [ 92.07217548300008, 26.11761354500004 ], [ 92.071507454000084, 26.117372236000051 ], [ 92.070694765000042, 26.117052217000037 ], [ 92.069733506000034, 26.116764517000036 ], [ 92.067073004000065, 26.116208545000063 ], [ 92.065554021000082, 26.115884191000077 ], [ 92.062906912000074, 26.115390319000028 ], [ 92.060001345000046, 26.114686780000056 ], [ 92.058975065000084, 26.114459680000039 ], [ 92.057403719000035, 26.114224902000046 ], [ 92.053817587000083, 26.113593484000035 ], [ 92.050263311000037, 26.113050111000064 ], [ 92.048549979000086, 26.112753134000059 ], [ 92.047724925000068, 26.112452910000059 ], [ 92.047129066000082, 26.112213513000029 ], [ 92.045565314000044, 26.111235979000071 ], [ 92.044548053000085, 26.110582202000046 ], [ 92.042712352000081, 26.109303154000031 ], [ 92.041231689000085, 26.108000614000048 ], [ 92.040103600000066, 26.107044977000044 ], [ 92.039429432000077, 26.106598992000045 ], [ 92.038040906000049, 26.105846930000041 ], [ 92.037023164000061, 26.105291304000048 ], [ 92.035158808000062, 26.104401544000041 ], [ 92.034377046000031, 26.104053028000067 ], [ 92.033293025000035, 26.103779613000029 ], [ 92.030578951000052, 26.103078974000027 ], [ 92.027213454000048, 26.102104926000038 ], [ 92.026768558000072, 26.101932701000067 ], [ 92.026713655000037, 26.102039153000078 ], [ 92.026569256000073, 26.102375312000049 ], [ 92.02633460800007, 26.103271867000046 ], [ 92.025856242000032, 26.104639090000035 ] ] ] } },
{ "type": "Feature", "properties": { "District": "322", "Subdistt": "02130", "Town/Village": "303538", "Name": "Khaloibari", "TRU": "Rural", "No_HH": 184, "TOT_P": 854, "TOT_M": 408, "TOT_F": 446, "P_06": 81, "P_SC": 0, "P_ST": 17, "pc11_s_id": "18", "pc11_d_id": "322", "pc11_sd_id": "02130", "pc11_tv_id": "303538", "tv_name": "Khaloibari", "mdds_og": 0, "total_area_sqm": 2483641.0212704767, "total_area_ha": 248.36410212704769, "flood_area_1998": 0.0, "flood_pct_1998": 0.0, "exposed_pop_1998": 0, "flood_area_1999": 0.0, "flood_pct_1999": 0.0, "exposed_pop_1999": 0, "flood_area_2004": 0.0, "flood_pct_2004": 0.0, "exposed_pop_2004": 0, "flood_area_2012": 0.0, "flood_pct_2012": 0.0, "exposed_pop_2012": 0, "flood_area_2013": 0.0, "flood_pct_2013": 0.0, "exposed_pop_2013": 0, "flood_years_exposed": 0, "flood_frequency": 0.0, "max_flood_exposure_pct": 0.0, "exposure_note": "ESTIMATE: spatial overlap with historical flood inundation polygons only. NOT actual people affected." }, "geometry": { "type": "Polygon", "coordinates": [ [ [ 92.037023164000061, 26.105291304000048 ], [ 92.038040906000049, 26.105846930000041 ], [ 92.039429432000077, 26.106598992000045 ], [ 92.040103600000066, 26.107044977000044 ], [ 92.041231689000085, 26.108000614000048 ], [ 92.042712352000081, 26.109303154000031 ], [ 92.044548053000085, 26.110582202000046 ], [ 92.045565314000044, 26.111235979000071 ], [ 92.047129066000082, 26.112213513000029 ], [ 92.047724925000068, 26.112452910000059 ], [ 92.048549979000086, 26.112753134000059 ], [ 92.050263311000037, 26.113050111000064 ], [ 92.053817587000083, 26.113593484000035 ], [ 92.057403719000035, 26.114224902000046 ], [ 92.058975065000084, 26.114459680000039 ], [ 92.060001345000046, 26.114686780000056 ], [ 92.062906912000074, 26.115390319000028 ], [ 92.065554021000082, 26.115884191000077 ], [ 92.067073004000065, 26.116208545000063 ], [ 92.069733506000034, 26.116764517000036 ], [ 92.070694765000042, 26.117052217000037 ], [ 92.071507454000084, 26.117372236000051 ], [ 92.07217548300008, 26.11761354500004 ], [ 92.072225949000085, 26.117360721000068 ], [ 92.072232788000065, 26.11718320500006 ], [ 92.072074506000035, 26.116382274000046 ], [ 92.071634440000082, 26.11457351100006 ], [ 92.070920346000037, 26.112297616000035 ], [ 92.070200897000063, 26.110138955000025 ], [ 92.069598, 26.108750276000023 ], [ 92.069420238000077, 26.108447812000065 ], [ 92.069033324000031, 26.108098724000058 ], [ 92.067691841000055, 26.107099961000074 ], [ 92.067388623000056, 26.10688232800004 ], [ 92.067172292000066, 26.106775667000079 ], [ 92.066170084000078, 26.106688935000022 ], [ 92.06521205100006, 26.106580042000076 ], [ 92.064614972000072, 26.106442608000066 ], [ 92.062813781000045, 26.105796131000034 ], [ 92.060952696000072, 26.104833584000062 ], [ 92.059757657000034, 26.103924941000059 ], [ 92.058732982000038, 26.103307673000074 ], [ 92.058480190000068, 26.103284697000049 ], [ 92.058254627000053, 26.103250142000036 ], [ 92.058012276000056, 26.103174981000052 ], [ 92.056815376000031, 26.102647334000039 ], [ 92.055701920000047, 26.102351216000045 ], [ 92.055621243000076, 26.102334131000077 ], [ 92.055512494000084, 26.102356885000063 ], [ 92.055455927000082, 26.102420325000026 ], [ 92.055441281000071, 26.10257458600006 ], [ 92.055568074000064, 26.103391832000057 ], [ 92.055768805000071, 26.104421193000064 ], [ 92.056139537000035, 26.105528486000026 ], [ 92.056705718000046, 26.106469072000039 ], [ 92.05741772600004, 26.107635246000029 ], [ 92.057554025000059, 26.107866877000049 ], [ 92.057536548000087, 26.108123940000041 ], [ 92.057399740000051, 26.108681408000052 ], [ 92.057339179000053, 26.108857632000024 ], [ 92.057225499000083, 26.108995540000024 ], [ 92.057097169000031, 26.109060331000023 ], [ 92.056915492000087, 26.109066249000023 ], [ 92.05579225200006, 26.109103202000028 ], [ 92.055467074000035, 26.10909343000003 ], [ 92.054731678000053, 26.10891321400004 ], [ 92.052353477000054, 26.108242390000044 ], [ 92.049080480000043, 26.107224425000027 ], [ 92.046607382000047, 26.106395095000039 ], [ 92.046293170000069, 26.106252847000064 ], [ 92.044660141000065, 26.105856292000055 ], [ 92.042247942000074, 26.105331458000023 ], [ 92.040517967000085, 26.105065742000079 ], [ 92.039553419000072, 26.104817777000051 ], [ 92.039170970000043, 26.104785092000043 ], [ 92.038501693000057, 26.104763197000068 ], [ 92.038005908000059, 26.10487581600006 ], [ 92.037023164000061, 26.105291304000048 ] ] ] } },
{ "type": "Feature", "properties": { "District": "322", "Subdistt": "02130", "Town/Village": "303539", "Name": "Helagog", "TRU": "Rural", "No_HH": 739, "TOT_P": 3531, "TOT_M": 1729, "TOT_F": 1802, "P_06": 356, "P_SC": 829, "P_ST": 261, "pc11_s_id": "18", "pc11_d_id": "322", "pc11_sd_id": "02130", "pc11_tv_id": "303539", "tv_name": "Helagog", "mdds_og": 0, "total_area_sqm": 7938417.7037533512, "total_area_ha": 793.84177037533516, "flood_area_1998": 5808568.8217996163, "flood_pct_1998": 73.170360121681128, "exposed_pop_1998": 2584, "flood_area_1999": 3575966.8202239843, "flood_pct_1999": 45.046342403137054, "exposed_pop_1999": 1591, "flood_area_2004": 5897632.9007941345, "flood_pct_2004": 74.292297544455039, "exposed_pop_2004": 2623, "flood_area_2012": 4767039.9987347228, "flood_pct_2012": 60.050254051016061, "exposed_pop_2012": 2120, "flood_area_2013": 2877158.2665165807, "flood_pct_2013": 36.243472866843931, "exposed_pop_2013": 1280, "flood_years_exposed": 5, "flood_frequency": 1.0, "max_flood_exposure_pct": 74.292297544455039, "exposure_note": "ESTIMATE: spatial overlap with historical flood inundation polygons only. NOT actual people affected." }, "geometry": { "type": "Polygon", "coordinates": [ [ [ 92.075523707000073, 26.164684364000035 ], [ 92.076069525000023, 26.164357991000031 ], [ 92.076569681000109, 26.164019656000015 ], [ 92.078178105000049, 26.162645688000019 ], [ 92.079104187000027, 26.161752449000097 ], [ 92.079696761000037, 26.161225720000036 ], [ 92.080297669000103, 26.160835715000097 ], [ 92.082955655000021, 26.15928352000001 ], [ 92.084673170000016, 26.158298836000071 ], [ 92.084965676000067, 26.158061690000078 ], [ 92.085102514000113, 26.157845927000078 ], [ 92.085557803000114, 26.156892911 ], [ 92.085631276000072, 26.15654252800006 ], [ 92.085644879000128, 26.156406288000067 ], [ 92.085658479000102, 26.156270043000074 ], [ 92.085676320000061, 26.155906600000023 ], [ 92.08549667500003, 26.15540740700002 ], [ 92.08503215000006, 26.154108568000023 ], [ 92.083246830000036, 26.148875175000086 ], [ 92.082079231000066, 26.145355806000037 ], [ 92.081395051000044, 26.142972945000054 ], [ 92.081075558000066, 26.14041630100008 ], [ 92.080928025000034, 26.138859341000042 ], [ 92.080726136000024, 26.138062573000109 ], [ 92.080159389000116, 26.136509345000025 ], [ 92.07993336400007, 26.135722065000078 ], [ 92.079815227000068, 26.135310848000071 ], [ 92.079627892000104, 26.134656779000043 ], [ 92.079075054000015, 26.132825952000083 ], [ 92.078857655000064, 26.131440312 ], [ 92.078762823000034, 26.129955538000083 ], [ 92.07855534300009, 26.128308448000048 ], [ 92.078359370000044, 26.126855282000072 ], [ 92.078289886000064, 26.126606489 ], [ 92.077121580000039, 26.12689531700001 ], [ 92.075930044000032, 26.127119542000088 ], [ 92.073240956000021, 26.127538701000041 ], [ 92.070835920000064, 26.127836493000078 ], [ 92.06823728100008, 26.128058224000039 ], [ 92.066599928000059, 26.128116167000037 ], [ 92.062639682000039, 26.128370057000083 ], [ 92.060016851000086, 26.128416344000094 ], [ 92.057377677000034, 26.128528049000099 ], [ 92.054689759000041, 26.128737080000075 ], [ 92.053792854000079, 26.128761984000093 ], [ 92.052705777000114, 26.128674185000023 ], [ 92.051723312, 26.128580330999984 ], [ 92.05094880700004, 26.128470526000047 ], [ 92.051063790000057, 26.130579822000044 ], [ 92.051046393000036, 26.134077228000052 ], [ 92.050991655000033, 26.135658892 ], [ 92.050973502000048, 26.135878919000088 ], [ 92.050954006000026, 26.136108455000073 ], [ 92.050864613, 26.136475939000015 ], [ 92.050809719000085, 26.136909124000063 ], [ 92.050879484000077, 26.136907333000092 ], [ 92.050991253000092, 26.136950164000083 ], [ 92.052095523000062, 26.137139937000065 ], [ 92.054068422000057, 26.13764809000001 ], [ 92.055906807000014, 26.137948116000054 ], [ 92.057900251000021, 26.138337081 ], [ 92.058329500000099, 26.138441695000036 ], [ 92.058464371000071, 26.138527939000067 ], [ 92.058948749000095, 26.138867334000082 ], [ 92.059971459000067, 26.139859072000071 ], [ 92.060562306000108, 26.140580143000047 ], [ 92.06069276900007, 26.140795047000065 ], [ 92.06103734800007, 26.141726233000018 ], [ 92.061755679000072, 26.143497882000055 ], [ 92.06189470800004, 26.144059348000059 ], [ 92.061904766000069, 26.144113474 ], [ 92.061914776, 26.144168666000045 ], [ 92.062033294000045, 26.144283136000102 ], [ 92.063859398000062, 26.146240877 ], [ 92.064869963, 26.147492360000069 ], [ 92.065233300000045, 26.148181464000064 ], [ 92.065278850000084, 26.148426185000062 ], [ 92.065242645000112, 26.148694973 ], [ 92.065643801000078, 26.148909143000054 ], [ 92.066087466000027, 26.149266626000056 ], [ 92.066260810000074, 26.149424644000074 ], [ 92.066397714000033, 26.149666017000062 ], [ 92.066817119000092, 26.15076557800009 ], [ 92.067414589000052, 26.152609570000074 ], [ 92.068064118000052, 26.154614598000059 ], [ 92.068514077000074, 26.155949088000074 ], [ 92.068813439000067, 26.156991384999984 ], [ 92.068864586000032, 26.1573148310001 ], [ 92.068929577000077, 26.157718869000046 ], [ 92.06907759200007, 26.15808376800004 ], [ 92.069821321000063, 26.159669928 ], [ 92.07050594200004, 26.162115041000078 ], [ 92.070706106000074, 26.163032179000023 ], [ 92.070731151000103, 26.163245773000021 ], [ 92.070749628000044, 26.164470194000078 ], [ 92.071464598000034, 26.164867212000065 ], [ 92.071535187000023, 26.164961885 ], [ 92.071627990000053, 26.165148849 ], [ 92.071719527000084, 26.165602100000029 ], [ 92.072069197000062, 26.165497849000108 ], [ 92.072527483000059, 26.165448526000024 ], [ 92.072888402000075, 26.165370051000014 ], [ 92.073671353000108, 26.165197404000029 ], [ 92.07515157200001, 26.164833384000108 ], [ 92.075523707000073, 26.164684364000035 ] ] ] } },
{ "type": "Feature", "properties": { "District": "322", "Subdistt": "02130", "Town/Village": "303540", "Name": "Salana", "TRU": "Rural", "No_HH": 251, "TOT_P": 1152, "TOT_M": 598, "TOT_F": 554, "P_06": 90, "P_SC": 176, "P_ST": 18, "pc11_s_id": "18", "pc11_d_id": "322", "pc11_sd_id": "02130", "pc11_tv_id": "303540", "tv_name": "Salana", "mdds_og": 0, "total_area_sqm": 1652089.1516774739, "total_area_ha": 165.20891516774739, "flood_area_1998": 1215022.5674261276, "flood_pct_1998": 73.544612661637288, "exposed_pop_1998": 847, "flood_area_1999": 965477.80466652883, "flood_pct_1999": 58.439812626710619, "exposed_pop_1999": 673, "flood_area_2004": 1311245.9740729355, "flood_pct_2004": 79.368959764764625, "exposed_pop_2004": 914, "flood_area_2012": 802622.21501279727, "flood_pct_2012": 48.582258057795649, "exposed_pop_2012": 560, "flood_area_2013": 592385.59117789322, "flood_pct_2013": 35.856756917531087, "exposed_pop_2013": 413, "flood_years_exposed": 5, "flood_frequency": 1.0, "max_flood_exposure_pct": 79.368959764764625, "exposure_note": "ESTIMATE: spatial overlap with historical flood inundation polygons only. NOT actual people affected." }, "geometry": { "type": "Polygon", "coordinates": [ [ [ 92.080862814000056, 26.124374975000023 ], [ 92.080608066000082, 26.124369105000028 ], [ 92.079854310000087, 26.124459592000051 ], [ 92.078981526000064, 26.124891772000069 ], [ 92.078290928000058, 26.125178786000049 ], [ 92.077726619000032, 26.125391259000025 ], [ 92.078118673000063, 26.125969350000048 ], [ 92.078221359000054, 26.126357649000056 ], [ 92.07828988600005, 26.126606489000039 ], [ 92.078359370000044, 26.126855282000065 ], [ 92.078555343000062, 26.128308448000041 ], [ 92.078762823000034, 26.129955538000047 ], [ 92.078857655000036, 26.131440312000052 ], [ 92.079075054000043, 26.132825952000076 ], [ 92.079627892000076, 26.134656779000068 ], [ 92.07981522700004, 26.135310848000074 ], [ 92.079933364000055, 26.135722065000039 ], [ 92.080159389000073, 26.136509345000036 ], [ 92.080726136000067, 26.13806257300007 ], [ 92.080928025000048, 26.138859341000057 ], [ 92.081075558000066, 26.140416301000073 ], [ 92.081395051000072, 26.142972945000054 ], [ 92.08207923100008, 26.145355806000055 ], [ 92.083246830000064, 26.148875175000057 ], [ 92.085032150000075, 26.154108568000026 ], [ 92.085496675000059, 26.155407407000041 ], [ 92.085676320000061, 26.155906600000037 ], [ 92.085658479000074, 26.156270043000063 ], [ 92.085644879000085, 26.156406288000028 ], [ 92.086451130000057, 26.156514806000075 ], [ 92.087055640000074, 26.156528652000077 ], [ 92.087188453000067, 26.156524543000046 ], [ 92.087334898000051, 26.156464901000049 ], [ 92.087494974000037, 26.156349737000028 ], [ 92.08810174000007, 26.155892595000068 ], [ 92.090463871000054, 26.153861323000058 ], [ 92.090695525000058, 26.153610393000065 ], [ 92.09080451400007, 26.153450654000039 ], [ 92.090847802000042, 26.15331272800006 ], [ 92.090854729000057, 26.153165104000038 ], [ 92.090766046000056, 26.152935012000057 ], [ 92.09049737600003, 26.152642661000073 ], [ 92.089905224000063, 26.151758261000055 ], [ 92.08941519800004, 26.150809729000059 ], [ 92.089178163000042, 26.150350093000043 ], [ 92.088179, 26.148595552000074 ], [ 92.087178598000037, 26.146556704000034 ], [ 92.086512501000072, 26.144674185000042 ], [ 92.086094820000085, 26.143641215000059 ], [ 92.08596218100007, 26.142639260000067 ], [ 92.085689424000066, 26.141195861000028 ], [ 92.085338639000042, 26.139821053000048 ], [ 92.08455230900006, 26.137072853000063 ], [ 92.084141742000043, 26.135493987000075 ], [ 92.084116351000034, 26.135031788000049 ], [ 92.084092338000062, 26.134603642000059 ], [ 92.084038283000041, 26.134056759000032 ], [ 92.083931677000066, 26.132991554000057 ], [ 92.083815497000046, 26.132005297000035 ], [ 92.083664594000084, 26.13098016500004 ], [ 92.08361467900005, 26.128413745000046 ], [ 92.083465102000048, 26.127065118000075 ], [ 92.083390462000068, 26.126727122000034 ], [ 92.082883786000082, 26.125775803000067 ], [ 92.082715808000046, 26.125536951000072 ], [ 92.082369103000076, 26.125313843000072 ], [ 92.081631382000069, 26.124880412000039 ], [ 92.081068988000084, 26.124492187000044 ], [ 92.080862814000056, 26.124374975000023 ] ] ] } },
{ "type": "Feature", "properties": { "District": "322", "Subdistt": "02130", "Town/Village": "303541", "Name": "Bhogpur", "TRU": "Rural", "No_HH": 494, "TOT_P": 2284, "TOT_M": 1103, "TOT_F": 1181, "P_06": 256, "P_SC": 124, "P_ST": 674, "pc11_s_id": "18", "pc11_d_id": "322", "pc11_sd_id": "02130", "pc11_tv_id": "303541", "tv_name": "Bhogpur", "mdds_og": 0, "total_area_sqm": 3283335.177785533, "total_area_ha": 328.3335177785533, "flood_area_1998": 0.0, "flood_pct_1998": 0.0, "exposed_pop_1998": 0, "flood_area_1999": 99249.597382704756, "flood_pct_1999": 3.0228286790276555, "exposed_pop_1999": 69, "flood_area_2004": 0.0, "flood_pct_2004": 0.0, "exposed_pop_2004": 0, "flood_area_2012": 0.0, "flood_pct_2012": 0.0, "exposed_pop_2012": 0, "flood_area_2013": 0.0, "flood_pct_2013": 0.0, "exposed_pop_2013": 0, "flood_years_exposed": 1, "flood_frequency": 0.2, "max_flood_exposure_pct": 3.0228286790276555, "exposure_note": "ESTIMATE: spatial overlap with historical flood inundation polygons only. NOT actual people affected." }, "geometry": { "type": "Polygon", "coordinates": [ [ [ 92.068928620000065, 26.095188369000027 ], [ 92.069156732000067, 26.095372464000036 ], [ 92.069509336000067, 26.095805022000036 ], [ 92.069928490000052, 26.096482738000077 ], [ 92.070296172000042, 26.09731195300003 ], [ 92.07086107300006, 26.09936478700007 ], [ 92.071180943000059, 26.100763467000036 ], [ 92.071235821000073, 26.101058192000039 ], [ 92.071416316000068, 26.101421390000041 ], [ 92.072538010000073, 26.103043270000057 ], [ 92.072695944000031, 26.103274494000061 ], [ 92.072741734000033, 26.103547711000033 ], [ 92.07297783100006, 26.104675954000072 ], [ 92.073008306000077, 26.105897452000079 ], [ 92.072905233000085, 26.106960506000064 ], [ 92.072826256000042, 26.107105150000052 ], [ 92.072683556000072, 26.107240428000068 ], [ 92.072560061000047, 26.107354893000036 ], [ 92.072336672000063, 26.10744145700005 ], [ 92.072022344000061, 26.107468787000073 ], [ 92.070468550000044, 26.107473775000074 ], [ 92.070099577000065, 26.107502797000052 ], [ 92.069831945000033, 26.107570425000063 ], [ 92.069569974000046, 26.107698258000028 ], [ 92.069327047000058, 26.107836472000031 ], [ 92.069033324000031, 26.108098724000058 ], [ 92.069420238000077, 26.108447812000065 ], [ 92.069598, 26.108750276000023 ], [ 92.070200897000063, 26.110138955000025 ], [ 92.070920346000037, 26.112297616000035 ], [ 92.071634440000082, 26.11457351100006 ], [ 92.072074506000035, 26.116382274000046 ], [ 92.072232788000065, 26.11718320500006 ], [ 92.072225949000085, 26.117360721000068 ], [ 92.07217548300008, 26.11761354500004 ], [ 92.07275474100004, 26.118253818000028 ], [ 92.073509545000036, 26.119149327000059 ], [ 92.07428083700006, 26.120322232000035 ], [ 92.07520635000003, 26.121894145000056 ], [ 92.076323088000038, 26.123382012000036 ], [ 92.077726619000032, 26.125391259000025 ], [ 92.078290928000058, 26.125178786000049 ], [ 92.078981526000064, 26.124891772000069 ], [ 92.079854310000087, 26.124459592000051 ], [ 92.07985529900003, 26.122900917000038 ], [ 92.079836889000035, 26.122516981000047 ], [ 92.07976285500007, 26.122298106000073 ], [ 92.079725715000052, 26.121988429000055 ], [ 92.079738434000035, 26.121676537000042 ], [ 92.079834954000034, 26.121344562000047 ], [ 92.079950276000034, 26.120572085000049 ], [ 92.079940290000081, 26.117917227000078 ], [ 92.079981439000051, 26.117246874000045 ], [ 92.080192607000072, 26.116425290000052 ], [ 92.080349682000076, 26.11543239100007 ], [ 92.080375188000062, 26.115002321000077 ], [ 92.08047281000006, 26.11465337900006 ], [ 92.08064124100008, 26.114395273000071 ], [ 92.081646431000081, 26.112841359000072 ], [ 92.081918256000051, 26.112571139000067 ], [ 92.082175046000032, 26.112465089000068 ], [ 92.082466817000068, 26.112419544000034 ], [ 92.083213262000072, 26.112330288000067 ], [ 92.083961097000042, 26.112242464000076 ], [ 92.08555748100008, 26.112217262000058 ], [ 92.085804845000041, 26.112121734000027 ], [ 92.085978309000041, 26.112007009000024 ], [ 92.086095127000078, 26.111883500000033 ], [ 92.086186024000085, 26.111718690000032 ], [ 92.086370986000077, 26.109607308000022 ], [ 92.086473375000082, 26.10916239200003 ], [ 92.08682972400004, 26.107977954000035 ], [ 92.087180114000034, 26.106653918000063 ], [ 92.087339377000035, 26.105563091000079 ], [ 92.087342038000031, 26.105490384000063 ], [ 92.087353054000062, 26.10518886400007 ], [ 92.087348182000085, 26.105025383000054 ], [ 92.087266298000031, 26.104921476000072 ], [ 92.087137995000035, 26.104875766000077 ], [ 92.086505018000082, 26.104823620000047 ], [ 92.085107188000052, 26.104451939000057 ], [ 92.083472075000032, 26.103825273000041 ], [ 92.082150610000042, 26.103293086000065 ], [ 92.080849409000052, 26.102537397000049 ], [ 92.080085991000033, 26.102045580000038 ], [ 92.079366388000039, 26.101235884000062 ], [ 92.079008684000087, 26.100759663000076 ], [ 92.078808210000034, 26.100200677000032 ], [ 92.078558433000069, 26.098165574000063 ], [ 92.078438166000069, 26.095903289000034 ], [ 92.078538413000047, 26.094853225000065 ], [ 92.078462140000056, 26.093518063000033 ], [ 92.078338640000084, 26.092511578000028 ], [ 92.078254056000048, 26.092168359000027 ], [ 92.078202802000078, 26.092122846000052 ], [ 92.07810709000006, 26.092123963000063 ], [ 92.078010832000075, 26.092142251000041 ], [ 92.076695971000049, 26.093041411000058 ], [ 92.075643171000081, 26.093624458000079 ], [ 92.074432092000052, 26.094140220000043 ], [ 92.073189802000059, 26.094553708000035 ], [ 92.072432266000078, 26.094732591000025 ], [ 92.07140823800006, 26.094891783000037 ], [ 92.069947552000031, 26.094988637000029 ], [ 92.068928620000065, 26.095188369000027 ] ] ] } },
{ "type": "Feature", "properties": { "District": "322", "Subdistt": "02130", "Town/Village": "303542", "Name": "Tegharia N.C.", "TRU": "Rural", "No_HH": 0, "TOT_P": 0, "TOT_M": 0, "TOT_F": 0, "P_06": 0, "P_SC": 0, "P_ST": 0, "pc11_s_id": "18", "pc11_d_id": "322", "pc11_sd_id": "02130", "pc11_tv_id": "303542", "tv_name": "Tegharia N.C.", "mdds_og": 0, "total_area_sqm": 1269502.0271690339, "total_area_ha": 126.95020271690339, "flood_area_1998": 0.0, "flood_pct_1998": 0.0, "exposed_pop_1998": 0, "flood_area_1999": 0.0, "flood_pct_1999": 0.0, "exposed_pop_1999": 0, "flood_area_2004": 0.0, "flood_pct_2004": 0.0, "exposed_pop_2004": 0, "flood_area_2012": 0.0, "flood_pct_2012": 0.0, "exposed_pop_2012": 0, "flood_area_2013": 0.0, "flood_pct_2013": 0.0, "exposed_pop_2013": 0, "flood_years_exposed": 0, "flood_frequency": 0.0, "max_flood_exposure_pct": 0.0, "exposure_note": "ESTIMATE: spatial overlap with historical flood inundation polygons only. NOT actual people affected." }, "geometry": { "type": "Polygon", "coordinates": [ [ [ 92.042840188000071, 26.096228691000078 ], [ 92.041023881000058, 26.096390271000075 ], [ 92.034853858000076, 26.09797954000004 ], [ 92.030859758000076, 26.099114381000049 ], [ 92.027660401000048, 26.099877994000053 ], [ 92.02688745200004, 26.100081225000054 ], [ 92.026610315000084, 26.100092005000079 ], [ 92.02685778700004, 26.101130227000056 ], [ 92.026878484000065, 26.101476185000024 ], [ 92.02687317200008, 26.101668446000076 ], [ 92.026824407000049, 26.101826220000078 ], [ 92.026768558000072, 26.101932701000067 ], [ 92.027213454000048, 26.102104926000038 ], [ 92.030578951000052, 26.103078974000027 ], [ 92.033293025000035, 26.103779613000029 ], [ 92.034377046000031, 26.104053028000067 ], [ 92.035158808000062, 26.104401544000041 ], [ 92.037023164000061, 26.105291304000048 ], [ 92.038005908000059, 26.10487581600006 ], [ 92.038501693000057, 26.104763197000068 ], [ 92.039170970000043, 26.104785092000043 ], [ 92.039553419000072, 26.104817777000051 ], [ 92.040517967000085, 26.105065742000079 ], [ 92.042247942000074, 26.105331458000023 ], [ 92.044660141000065, 26.105856292000055 ], [ 92.046293170000069, 26.106252847000064 ], [ 92.046146939000039, 26.105677952000065 ], [ 92.045477248000054, 26.103866305000054 ], [ 92.044981320000034, 26.102157931000079 ], [ 92.04442507400006, 26.099707446000025 ], [ 92.04401720900006, 26.097713116000023 ], [ 92.043875898000067, 26.09740411100006 ], [ 92.04331832400004, 26.096776374000058 ], [ 92.042840188000071, 26.096228691000078 ] ] ] } },
{ "type": "Feature", "properties": { "District": "322", "Subdistt": "02130", "Town/Village": "303543", "Name": "Khaloibari N.C.", "TRU": "Rural", "No_HH": 34, "TOT_P": 172, "TOT_M": 94, "TOT_F": 78, "P_06": 25, "P_SC": 0, "P_ST": 165, "pc11_s_id": "18", "pc11_d_id": "322", "pc11_sd_id": "02130", "pc11_tv_id": "303543", "tv_name": "Khaloibari N.C.", "mdds_og": 0, "total_area_sqm": 3353120.6192813134, "total_area_ha": 335.31206192813136, "flood_area_1998": 0.0, "flood_pct_1998": 0.0, "exposed_pop_1998": 0, "flood_area_1999": 0.0, "flood_pct_1999": 0.0, "exposed_pop_1999": 0, "flood_area_2004": 0.0, "flood_pct_2004": 0.0, "exposed_pop_2004": 0, "flood_area_2012": 0.0, "flood_pct_2012": 0.0, "exposed_pop_2012": 0, "flood_area_2013": 0.0, "flood_pct_2013": 0.0, "exposed_pop_2013": 0, "flood_years_exposed": 0, "flood_frequency": 0.0, "max_flood_exposure_pct": 0.0, "exposure_note": "ESTIMATE: spatial overlap with historical flood inundation polygons only. NOT actual people affected." }, "geometry": { "type": "Polygon", "coordinates": [ [ [ 92.069033324000031, 26.108098724000058 ], [ 92.069327047000058, 26.107836472000031 ], [ 92.069569974000046, 26.107698258000028 ], [ 92.069831945000033, 26.107570425000063 ], [ 92.070099577000065, 26.107502797000052 ], [ 92.070468550000044, 26.107473775000074 ], [ 92.072022344000061, 26.107468787000073 ], [ 92.072336672000063, 26.10744145700005 ], [ 92.072560061000047, 26.107354893000036 ], [ 92.072683556000072, 26.107240428000068 ], [ 92.072826256000042, 26.107105150000052 ], [ 92.072905233000085, 26.106960506000064 ], [ 92.073008306000077, 26.105897452000079 ], [ 92.07297783100006, 26.104675954000072 ], [ 92.072741734000033, 26.103547711000033 ], [ 92.072695944000031, 26.103274494000061 ], [ 92.072538010000073, 26.103043270000057 ], [ 92.071416316000068, 26.101421390000041 ], [ 92.071235821000073, 26.101058192000039 ], [ 92.071180943000059, 26.100763467000036 ], [ 92.07086107300006, 26.09936478700007 ], [ 92.070296172000042, 26.09731195300003 ], [ 92.069928490000052, 26.096482738000077 ], [ 92.069509336000067, 26.095805022000036 ], [ 92.069156732000067, 26.095372464000036 ], [ 92.068928620000065, 26.095188369000027 ], [ 92.068701520000047, 26.095004252000024 ], [ 92.068498543000032, 26.094763679000039 ], [ 92.068156197000064, 26.094290972000067 ], [ 92.06774144600007, 26.093818511000052 ], [ 92.067708645000039, 26.093697419000023 ], [ 92.067695219000086, 26.093544720000068 ], [ 92.067698835000044, 26.093432629000063 ], [ 92.067713130000072, 26.093258941000045 ], [ 92.067729873000076, 26.092738381000061 ], [ 92.067673606000085, 26.092504618000078 ], [ 92.067473034000045, 26.092191656000068 ], [ 92.067211683000039, 26.091907807000041 ], [ 92.06500258300008, 26.094166468000026 ], [ 92.064581368000063, 26.094442837000031 ], [ 92.064030891000073, 26.094673678000049 ], [ 92.059789296000076, 26.095282887000053 ], [ 92.054646798000078, 26.095759298000075 ], [ 92.049442299000077, 26.096151583000051 ], [ 92.043196163000061, 26.096197647000054 ], [ 92.042840188000071, 26.096228691000078 ], [ 92.04331832400004, 26.096776374000058 ], [ 92.043875898000067, 26.09740411100006 ], [ 92.04401720900006, 26.097713116000023 ], [ 92.04442507400006, 26.099707446000025 ], [ 92.044981320000034, 26.102157931000079 ], [ 92.045477248000054, 26.103866305000054 ], [ 92.046146939000039, 26.105677952000065 ], [ 92.046293170000069, 26.106252847000064 ], [ 92.046607382000047, 26.106395095000039 ], [ 92.049080480000043, 26.107224425000027 ], [ 92.052353477000054, 26.108242390000044 ], [ 92.054731678000053, 26.10891321400004 ], [ 92.055467074000035, 26.10909343000003 ], [ 92.05579225200006, 26.109103202000028 ], [ 92.056915492000087, 26.109066249000023 ], [ 92.057097169000031, 26.109060331000023 ], [ 92.057225499000083, 26.108995540000024 ], [ 92.057339179000053, 26.108857632000024 ], [ 92.057399740000051, 26.108681408000052 ], [ 92.057536548000087, 26.108123940000041 ], [ 92.057554025000059, 26.107866877000049 ], [ 92.05741772600004, 26.107635246000029 ], [ 92.056705718000046, 26.106469072000039 ], [ 92.056139537000035, 26.105528486000026 ], [ 92.055768805000071, 26.104421193000064 ], [ 92.055568074000064, 26.103391832000057 ], [ 92.055441281000071, 26.10257458600006 ], [ 92.055455927000082, 26.102420325000026 ], [ 92.055512494000084, 26.102356885000063 ], [ 92.055621243000076, 26.102334131000077 ], [ 92.055701920000047, 26.102351216000045 ], [ 92.056815376000031, 26.102647334000039 ], [ 92.058012276000056, 26.103174981000052 ], [ 92.058254627000053, 26.103250142000036 ], [ 92.058480190000068, 26.103284697000049 ], [ 92.058732982000038, 26.103307673000074 ], [ 92.059757657000034, 26.103924941000059 ], [ 92.060952696000072, 26.104833584000062 ], [ 92.062813781000045, 26.105796131000034 ], [ 92.064614972000072, 26.106442608000066 ], [ 92.06521205100006, 26.106580042000076 ], [ 92.066170084000078, 26.106688935000022 ], [ 92.067172292000066, 26.106775667000079 ], [ 92.067388623000056, 26.10688232800004 ], [ 92.067691841000055, 26.107099961000074 ], [ 92.069033324000031, 26.108098724000058 ] ] ] } },
{ "type": "Feature", "properties": { "District": "322", "Subdistt": "02130", "Town/Village": "303544", "Name": "Bhogpur N.C.", "TRU": "Rural", "No_HH": 88, "TOT_P": 388, "TOT_M": 191, "TOT_F": 197, "P_06": 49, "P_SC": 0, "P_ST": 71, "pc11_s_id": "18", "pc11_d_id": "322", "pc11_sd_id": "02130", "pc11_tv_id": "303544", "tv_name": "Bhogpur N.C.", "mdds_og": 0, "total_area_sqm": 4520320.4546651999, "total_area_ha": 452.03204546652, "flood_area_1998": 0.0, "flood_pct_1998": 0.0, "exposed_pop_1998": 0, "flood_area_1999": 0.0, "flood_pct_1999": 0.0, "exposed_pop_1999": 0, "flood_area_2004": 0.0, "flood_pct_2004": 0.0, "exposed_pop_2004": 0, "flood_area_2012": 0.0, "flood_pct_2012": 0.0, "exposed_pop_2012": 0, "flood_area_2013": 0.0, "flood_pct_2013": 0.0, "exposed_pop_2013": 0, "flood_years_exposed": 0, "flood_frequency": 0.0, "max_flood_exposure_pct": 0.0, "exposure_note": "ESTIMATE: spatial overlap with historical flood inundation polygons only. NOT actual people affected." }, "geometry": { "type": "Polygon", "coordinates": [ [ [ 92.09549383600006, 26.105078412000069 ], [ 92.095882283000037, 26.105116711000051 ], [ 92.09598055400005, 26.105115882000064 ], [ 92.096049857000082, 26.10509397800007 ], [ 92.09611080600007, 26.105030574000068 ], [ 92.096163842000067, 26.104913941000063 ], [ 92.096168225000042, 26.104797713000039 ], [ 92.096133843000075, 26.104682868000054 ], [ 92.095719522000081, 26.103557016000025 ], [ 92.095608408000032, 26.103370166000047 ], [ 92.095496300000036, 26.103183299000023 ], [ 92.095024002000059, 26.102705727000057 ], [ 92.094137294000063, 26.101283177000028 ], [ 92.093241199000033, 26.099586471000066 ], [ 92.092295160000049, 26.09759615300004 ], [ 92.091752763000045, 26.09659072900007 ], [ 92.091045619000056, 26.095687804000079 ], [ 92.090257603000055, 26.094876279000061 ], [ 92.089410286000032, 26.094109020000076 ], [ 92.089165265000076, 26.093702151000059 ], [ 92.088576345000035, 26.092330503000028 ], [ 92.087151375000076, 26.088127615000076 ], [ 92.087067754000032, 26.08763028900006 ], [ 92.087045874000069, 26.085175917000072 ], [ 92.087092355000038, 26.084099230000049 ], [ 92.087302924000085, 26.083317159000046 ], [ 92.087995827000043, 26.080120635000071 ], [ 92.088343128000076, 26.078107707000072 ], [ 92.088355719000049, 26.077300107000042 ], [ 92.088305323000043, 26.076910435000059 ], [ 92.08819870700006, 26.076749094000036 ], [ 92.087255033000076, 26.075734874000034 ], [ 92.085850484000048, 26.076658016000067 ], [ 92.083307183000045, 26.078701416000058 ], [ 92.083060071000034, 26.078824165000071 ], [ 92.082549328000084, 26.078875723000067 ], [ 92.081413553000061, 26.078864104000047 ], [ 92.080397918000074, 26.078871436000043 ], [ 92.078779232000045, 26.079173996000065 ], [ 92.07629128800005, 26.079970599000035 ], [ 92.075532896000084, 26.08034123300007 ], [ 92.073760674000084, 26.081644464000078 ], [ 92.073171682000066, 26.082256434000044 ], [ 92.071552811000061, 26.085111411000071 ], [ 92.069480601000066, 26.089102493000041 ], [ 92.069124880000061, 26.089981106000039 ], [ 92.068740361000039, 26.090424595000059 ], [ 92.067211683000039, 26.091907807000041 ], [ 92.067473034000045, 26.092191656000068 ], [ 92.067673606000085, 26.092504618000078 ], [ 92.067729873000076, 26.092738381000061 ], [ 92.067713130000072, 26.093258941000045 ], [ 92.067698835000044, 26.093432629000063 ], [ 92.067695219000086, 26.093544720000068 ], [ 92.067708645000039, 26.093697419000023 ], [ 92.06774144600007, 26.093818511000052 ], [ 92.068156197000064, 26.094290972000067 ], [ 92.068498543000032, 26.094763679000039 ], [ 92.068701520000047, 26.095004252000024 ], [ 92.068928620000065, 26.095188369000027 ], [ 92.069947552000031, 26.094988637000029 ], [ 92.07140823800006, 26.094891783000037 ], [ 92.072432266000078, 26.094732591000025 ], [ 92.073189802000059, 26.094553708000035 ], [ 92.074432092000052, 26.094140220000043 ], [ 92.075643171000081, 26.093624458000079 ], [ 92.076695971000049, 26.093041411000058 ], [ 92.078010832000075, 26.092142251000041 ], [ 92.07810709000006, 26.092123963000063 ], [ 92.078202802000078, 26.092122846000052 ], [ 92.078254056000048, 26.092168359000027 ], [ 92.078338640000084, 26.092511578000028 ], [ 92.078462140000056, 26.093518063000033 ], [ 92.078538413000047, 26.094853225000065 ], [ 92.078438166000069, 26.095903289000034 ], [ 92.078558433000069, 26.098165574000063 ], [ 92.078808210000034, 26.100200677000032 ], [ 92.079008684000087, 26.100759663000076 ], [ 92.079366388000039, 26.101235884000062 ], [ 92.080085991000033, 26.102045580000038 ], [ 92.080849409000052, 26.102537397000049 ], [ 92.082150610000042, 26.103293086000065 ], [ 92.083472075000032, 26.103825273000041 ], [ 92.085107188000052, 26.104451939000057 ], [ 92.086505018000082, 26.104823620000047 ], [ 92.087137995000035, 26.104875766000077 ], [ 92.087266298000031, 26.104921476000072 ], [ 92.087348182000085, 26.105025383000054 ], [ 92.087353054000062, 26.10518886400007 ], [ 92.087342038000031, 26.105490384000063 ], [ 92.087938103000056, 26.105484241000056 ], [ 92.088573097000051, 26.10544586900005 ], [ 92.091156857000044, 26.10522058600003 ], [ 92.093189308000035, 26.105075600000077 ], [ 92.094592926000075, 26.104990048000047 ], [ 92.09549383600006, 26.105078412000069 ] ] ] } },
{ "type": "Feature", "properties": { "District": "322", "Subdistt": "02130", "Town/Village": "303545", "Name": "Ulubam", "TRU": "Rural", "No_HH": 353, "TOT_P": 1607, "TOT_M": 829, "TOT_F": 778, "P_06": 186, "P_SC": 312, "P_ST": 20, "pc11_s_id": "18", "pc11_d_id": "322", "pc11_sd_id": "02130", "pc11_tv_id": "303545", "tv_name": "Ulubam", "mdds_og": 0, "total_area_sqm": 2838425.2210934418, "total_area_ha": 283.8425221093442, "flood_area_1998": 1724027.5716817081, "flood_pct_1998": 60.738875869259779, "exposed_pop_1998": 976, "flood_area_1999": 1012848.6059369522, "flood_pct_1999": 35.683469777892341, "exposed_pop_1999": 573, "flood_area_2004": 1895630.1592184016, "flood_pct_2004": 66.784572837474684, "exposed_pop_2004": 1073, "flood_area_2012": 1023937.5587752764, "flood_pct_2012": 36.074142491618169, "exposed_pop_2012": 580, "flood_area_2013": 816450.86545492907, "flood_pct_2013": 28.764219659111156, "exposed_pop_2013": 462, "flood_years_exposed": 5, "flood_frequency": 1.0, "max_flood_exposure_pct": 66.784572837474684, "exposure_note": "ESTIMATE: spatial overlap with historical flood inundation polygons only. NOT actual people affected." }, "geometry": { "type": "Polygon", "coordinates": [ [ [ 92.087477506000084, 26.125394714000038 ], [ 92.086692386000038, 26.123706656000024 ], [ 92.086524412000074, 26.123097440000038 ], [ 92.086495313000057, 26.122643397000047 ], [ 92.086542802000054, 26.121505869000032 ], [ 92.086499677000063, 26.120982568000045 ], [ 92.086068979000061, 26.11973045600007 ], [ 92.085463778000076, 26.117544627000029 ], [ 92.084787066000047, 26.11596249300004 ], [ 92.08387988800007, 26.114085888000034 ], [ 92.083419519000074, 26.11311132700007 ], [ 92.083213262000072, 26.112330288000067 ], [ 92.082466817000068, 26.112419544000034 ], [ 92.082175046000032, 26.112465089000068 ], [ 92.081918256000051, 26.112571139000067 ], [ 92.081646431000081, 26.112841359000072 ], [ 92.08064124100008, 26.114395273000071 ], [ 92.08047281000006, 26.11465337900006 ], [ 92.080375188000062, 26.115002321000077 ], [ 92.080349682000076, 26.11543239100007 ], [ 92.080192607000072, 26.116425290000052 ], [ 92.079981439000051, 26.117246874000045 ], [ 92.079940290000081, 26.117917227000078 ], [ 92.079950276000034, 26.120572085000049 ], [ 92.079834954000034, 26.121344562000047 ], [ 92.079738434000035, 26.121676537000042 ], [ 92.079725715000052, 26.121988429000055 ], [ 92.07976285500007, 26.122298106000073 ], [ 92.079836889000035, 26.122516981000047 ], [ 92.07985529900003, 26.122900917000038 ], [ 92.079854310000087, 26.124459592000051 ], [ 92.080608066000082, 26.124369105000028 ], [ 92.080862814000056, 26.124374975000023 ], [ 92.081068988000084, 26.124492187000044 ], [ 92.081631382000069, 26.124880412000039 ], [ 92.082369103000076, 26.125313843000072 ], [ 92.082715808000046, 26.125536951000072 ], [ 92.082883786000082, 26.125775803000067 ], [ 92.083390462000068, 26.126727122000034 ], [ 92.083465102000048, 26.127065118000075 ], [ 92.08361467900005, 26.128413745000046 ], [ 92.083664594000084, 26.13098016500004 ], [ 92.083815497000046, 26.132005297000035 ], [ 92.083931677000066, 26.132991554000057 ], [ 92.084038283000041, 26.134056759000032 ], [ 92.084092338000062, 26.134603642000059 ], [ 92.084116351000034, 26.135031788000049 ], [ 92.084141742000043, 26.135493987000075 ], [ 92.08455230900006, 26.137072853000063 ], [ 92.085338639000042, 26.139821053000048 ], [ 92.085689424000066, 26.141195861000028 ], [ 92.08596218100007, 26.142639260000067 ], [ 92.086094820000085, 26.143641215000059 ], [ 92.086512501000072, 26.144674185000042 ], [ 92.087178598000037, 26.146556704000034 ], [ 92.088179, 26.148595552000074 ], [ 92.089178163000042, 26.150350093000043 ], [ 92.08941519800004, 26.150809729000059 ], [ 92.089905224000063, 26.151758261000055 ], [ 92.09049737600003, 26.152642661000073 ], [ 92.090766046000056, 26.152935012000057 ], [ 92.091649005000079, 26.15199143500007 ], [ 92.092914659000087, 26.151077540000074 ], [ 92.094505532000085, 26.149619294000047 ], [ 92.095954824000046, 26.148175478000041 ], [ 92.096690873000057, 26.147631885000067 ], [ 92.097202292000077, 26.14710610800006 ], [ 92.09736791000006, 26.146935550000023 ], [ 92.097455049000075, 26.146751492000078 ], [ 92.097478914000078, 26.146206599000038 ], [ 92.097284599000034, 26.145823585000073 ], [ 92.096840657000087, 26.145118958000069 ], [ 92.096412520000058, 26.144407624000053 ], [ 92.096093497000084, 26.143879144000039 ], [ 92.095145121000087, 26.141993680000041 ], [ 92.094442944000036, 26.140162294000049 ], [ 92.09371255700006, 26.138586188000033 ], [ 92.093354871000031, 26.137827121000043 ], [ 92.093062094000061, 26.13746734800003 ], [ 92.092563227000085, 26.136971424000023 ], [ 92.091438228000072, 26.135949422000067 ], [ 92.090926401000047, 26.13543797400007 ], [ 92.090003324000065, 26.134266077000063 ], [ 92.08954772800007, 26.133577716000048 ], [ 92.089484080000034, 26.133386425000026 ], [ 92.089190253000083, 26.132503812000039 ], [ 92.089151412000035, 26.132354518000056 ], [ 92.088885771000037, 26.131324065000058 ], [ 92.088713755000072, 26.130088960000023 ], [ 92.088519547000033, 26.128586535000068 ], [ 92.088194366000039, 26.127511499000036 ], [ 92.087903222000079, 26.126399181000068 ], [ 92.087477506000084, 26.125394714000038 ] ] ] } },
{ "type": "Feature", "properties": { "District": "322", "Subdistt": "02130", "Town/Village": "303546", "Name": "Senabar", "TRU": "Rural", "No_HH": 326, "TOT_P": 1402, "TOT_M": 714, "TOT_F": 688, "P_06": 163, "P_SC": 6, "P_ST": 505, "pc11_s_id": "18", "pc11_d_id": "322", "pc11_sd_id": "02130", "pc11_tv_id": "303546", "tv_name": "Senabar", "mdds_og": 0, "total_area_sqm": 2419025.7831517383, "total_area_ha": 241.90257831517383, "flood_area_1998": 2035059.43952158, "flood_pct_1998": 84.127232280679124, "exposed_pop_1998": 1179, "flood_area_1999": 1732434.1545688189, "flood_pct_1999": 71.617018993143503, "exposed_pop_1999": 1004, "flood_area_2004": 2083871.5733755738, "flood_pct_2004": 86.145074926010352, "exposed_pop_2004": 1208, "flood_area_2012": 1117059.1294401707, "flood_pct_2012": 46.178058010806282, "exposed_pop_2012": 647, "flood_area_2013": 644530.6009637306, "flood_pct_2013": 26.644222043965748, "exposed_pop_2013": 374, "flood_years_exposed": 5, "flood_frequency": 1.0, "max_flood_exposure_pct": 86.145074926010352, "exposure_note": "ESTIMATE: spatial overlap with historical flood inundation polygons only. NOT actual people affected." }, "geometry": { "type": "Polygon", "coordinates": [ [ [ 92.094863475000068, 26.117165524000029 ], [ 92.094009472000039, 26.117017452000027 ], [ 92.093579393000084, 26.117051514000025 ], [ 92.093160657000055, 26.117128057000059 ], [ 92.092532611000081, 26.117395919000046 ], [ 92.092013252000072, 26.117648855000027 ], [ 92.091766162000056, 26.117796026000065 ], [ 92.091481842000064, 26.118203727000036 ], [ 92.091120290000049, 26.118858799000066 ], [ 92.09071203700006, 26.119377373000077 ], [ 92.091733008000062, 26.12118130600004 ], [ 92.092326841000045, 26.122071997000035 ], [ 92.092967134000048, 26.122781878000069 ], [ 92.094103170000039, 26.12373117900006 ], [ 92.095942168000079, 26.124783480000076 ], [ 92.096695707000038, 26.125510648000045 ], [ 92.097544507000066, 26.126260713000079 ], [ 92.097736243000043, 26.126577834000045 ], [ 92.097854357000074, 26.126894900000025 ], [ 92.09805179500006, 26.127505085000053 ], [ 92.098650344000077, 26.129358491000062 ], [ 92.098964339000077, 26.130329875000029 ], [ 92.100089406000052, 26.133471728000075 ], [ 92.100644721000037, 26.134998111000073 ], [ 92.101014965000047, 26.135589949000064 ], [ 92.101543108000044, 26.136458359000073 ], [ 92.102349543000059, 26.137927048000051 ], [ 92.102830486000073, 26.138617605000036 ], [ 92.103106193000031, 26.139230676000068 ], [ 92.103329994000035, 26.140203041000063 ], [ 92.103485208000052, 26.141939062000063 ], [ 92.103512552000041, 26.142664125000067 ], [ 92.103530124000031, 26.143115686000044 ], [ 92.103495371000065, 26.143493848000048 ], [ 92.103310256000043, 26.143855373000065 ], [ 92.103150029000062, 26.14407755600007 ], [ 92.102893477000066, 26.144340578000026 ], [ 92.102601513000081, 26.144487519000052 ], [ 92.102560957000037, 26.145730363000041 ], [ 92.102599437000038, 26.146284510000044 ], [ 92.102698102000033, 26.147704289000046 ], [ 92.102952708000032, 26.150324305000026 ], [ 92.103385264000053, 26.153319938000038 ], [ 92.103476140000055, 26.154193530000043 ], [ 92.103579307000075, 26.15518464400003 ], [ 92.103674369000032, 26.155889345000048 ], [ 92.103765175000035, 26.156118906000074 ], [ 92.103916690000062, 26.156220088000055 ], [ 92.104145746000086, 26.156284839000023 ], [ 92.104298656000083, 26.156295821000072 ], [ 92.105470690000061, 26.15637573500004 ], [ 92.107800218000079, 26.156631177000065 ], [ 92.108744158000036, 26.156865030000063 ], [ 92.109266364000064, 26.156902943000034 ], [ 92.109376109000038, 26.156876332000024 ], [ 92.109457044000067, 26.156802707000054 ], [ 92.109461691000035, 26.15667353200007 ], [ 92.109473885000057, 26.156532560000073 ], [ 92.10948832400004, 26.156357680000042 ], [ 92.109177684000031, 26.155031610000037 ], [ 92.108858058000067, 26.153445631000068 ], [ 92.108704561000081, 26.151703221000048 ], [ 92.108356602000072, 26.148315885000045 ], [ 92.108170856000072, 26.146413347000077 ], [ 92.108142637000071, 26.146119125000041 ], [ 92.108025202000078, 26.143532338000057 ], [ 92.108018627000035, 26.142951539000023 ], [ 92.108001971000078, 26.141628885000046 ], [ 92.107858243000067, 26.140740707000077 ], [ 92.107582562000061, 26.139724148000028 ], [ 92.106656327000053, 26.136777270000039 ], [ 92.10646416600008, 26.136374078000074 ], [ 92.106345717000067, 26.136215748000041 ], [ 92.10578784900008, 26.135701331000064 ], [ 92.105500471000084, 26.135299468000028 ], [ 92.105124748000037, 26.134385583000039 ], [ 92.104594991000056, 26.132199947000061 ], [ 92.10410276500005, 26.129441417000066 ], [ 92.103777437000076, 26.127654963000055 ], [ 92.103759328000081, 26.127437691000068 ], [ 92.103716420000069, 26.127214384000069 ], [ 92.103600994000033, 26.126611098000069 ], [ 92.103462824000076, 26.126293532000034 ], [ 92.103116241000066, 26.125713389000055 ], [ 92.102834452000081, 26.125240564000023 ], [ 92.101881981000076, 26.123987662000047 ], [ 92.100673374000053, 26.122802300000046 ], [ 92.10008167400008, 26.122173649000047 ], [ 92.09936523500005, 26.121145851000051 ], [ 92.098637977000067, 26.120103995000079 ], [ 92.098002704000066, 26.119161598000062 ], [ 92.097681956000031, 26.118733907000035 ], [ 92.097315533000085, 26.11847896300003 ], [ 92.096554788000049, 26.117908684000042 ], [ 92.09564789600006, 26.117385756000033 ], [ 92.094863475000068, 26.117165524000029 ] ] ] } },
{ "type": "Feature", "properties": { "District": "322", "Subdistt": "02130", "Town/Village": "303547", "Name": "Kendubam", "TRU": "Rural", "No_HH": 17, "TOT_P": 70, "TOT_M": 34, "TOT_F": 36, "P_06": 11, "P_SC": 0, "P_ST": 0, "pc11_s_id": "18", "pc11_d_id": "322", "pc11_sd_id": "02130", "pc11_tv_id": "303547", "tv_name": "Kendubam", "mdds_og": 0, "total_area_sqm": 2782306.2618981288, "total_area_ha": 278.23062618981288, "flood_area_1998": 1866981.3362096236, "flood_pct_1998": 67.101934886777798, "exposed_pop_1998": 47, "flood_area_1999": 1310978.6220589352, "flood_pct_1999": 47.118415395599442, "exposed_pop_1999": 33, "flood_area_2004": 2166352.5033734683, "flood_pct_2004": 77.861755660771564, "exposed_pop_2004": 55, "flood_area_2012": 537726.38964530546, "flood_pct_2012": 19.326642685211112, "exposed_pop_2012": 14, "flood_area_2013": 366641.6598708469, "flood_pct_2013": 13.177616888973207, "exposed_pop_2013": 9, "flood_years_exposed": 5, "flood_frequency": 1.0, "max_flood_exposure_pct": 77.861755660771564, "exposure_note": "ESTIMATE: spatial overlap with historical flood inundation polygons only. NOT actual people affected." }, "geometry": { "type": "Polygon", "coordinates": [ [ [ 92.086423574000037, 26.112564969000061 ], [ 92.085978309000041, 26.112007009000024 ], [ 92.085804845000041, 26.112121734000027 ], [ 92.08555748100008, 26.112217262000058 ], [ 92.083961097000042, 26.112242464000076 ], [ 92.083213262000072, 26.112330288000067 ], [ 92.083419519000074, 26.11311132700007 ], [ 92.08387988800007, 26.114085888000034 ], [ 92.084787066000047, 26.11596249300004 ], [ 92.085463778000076, 26.117544627000029 ], [ 92.086068979000061, 26.11973045600007 ], [ 92.086499677000063, 26.120982568000045 ], [ 92.086542802000054, 26.121505869000032 ], [ 92.086495313000057, 26.122643397000047 ], [ 92.086524412000074, 26.123097440000038 ], [ 92.086692386000038, 26.123706656000024 ], [ 92.087477506000084, 26.125394714000038 ], [ 92.087903222000079, 26.126399181000068 ], [ 92.088194366000039, 26.127511499000036 ], [ 92.088519547000033, 26.128586535000068 ], [ 92.088713755000072, 26.130088960000023 ], [ 92.088885771000037, 26.131324065000058 ], [ 92.089151412000035, 26.132354518000056 ], [ 92.089190253000083, 26.132503812000039 ], [ 92.089484080000034, 26.133386425000026 ], [ 92.08954772800007, 26.133577716000048 ], [ 92.090003324000065, 26.134266077000063 ], [ 92.090926401000047, 26.13543797400007 ], [ 92.091438228000072, 26.135949422000067 ], [ 92.092563227000085, 26.136971424000023 ], [ 92.093062094000061, 26.13746734800003 ], [ 92.093354871000031, 26.137827121000043 ], [ 92.09371255700006, 26.138586188000033 ], [ 92.094442944000036, 26.140162294000049 ], [ 92.095145121000087, 26.141993680000041 ], [ 92.096093497000084, 26.143879144000039 ], [ 92.096412520000058, 26.144407624000053 ], [ 92.096840657000087, 26.145118958000069 ], [ 92.097284599000034, 26.145823585000073 ], [ 92.097478914000078, 26.146206599000038 ], [ 92.101948221000043, 26.14473698300003 ], [ 92.102601513000081, 26.144487519000052 ], [ 92.102893477000066, 26.144340578000026 ], [ 92.103150029000062, 26.14407755600007 ], [ 92.103310256000043, 26.143855373000065 ], [ 92.103495371000065, 26.143493848000048 ], [ 92.103530124000031, 26.143115686000044 ], [ 92.103512552000041, 26.142664125000067 ], [ 92.103485208000052, 26.141939062000063 ], [ 92.103329994000035, 26.140203041000063 ], [ 92.103106193000031, 26.139230676000068 ], [ 92.102830486000073, 26.138617605000036 ], [ 92.102349543000059, 26.137927048000051 ], [ 92.101543108000044, 26.136458359000073 ], [ 92.101014965000047, 26.135589949000064 ], [ 92.100644721000037, 26.134998111000073 ], [ 92.100089406000052, 26.133471728000075 ], [ 92.098964339000077, 26.130329875000029 ], [ 92.098650344000077, 26.129358491000062 ], [ 92.09805179500006, 26.127505085000053 ], [ 92.097854357000074, 26.126894900000025 ], [ 92.097736243000043, 26.126577834000045 ], [ 92.097544507000066, 26.126260713000079 ], [ 92.096695707000038, 26.125510648000045 ], [ 92.095942168000079, 26.124783480000076 ], [ 92.094103170000039, 26.12373117900006 ], [ 92.092967134000048, 26.122781878000069 ], [ 92.092326841000045, 26.122071997000035 ], [ 92.091733008000062, 26.12118130600004 ], [ 92.09071203700006, 26.119377373000077 ], [ 92.088951962000067, 26.116571124000075 ], [ 92.087442914000064, 26.114305635000051 ], [ 92.086423574000037, 26.112564969000061 ] ] ] } },
{ "type": "Feature", "properties": { "District": "322", "Subdistt": "02130", "Town/Village": "303548", "Name": "Kendubam Bagicha", "TRU": "Rural", "No_HH": 246, "TOT_P": 1057, "TOT_M": 529, "TOT_F": 528, "P_06": 162, "P_SC": 38, "P_ST": 110, "pc11_s_id": "18", "pc11_d_id": "322", "pc11_sd_id": "02130", "pc11_tv_id": "303548", "tv_name": "Kendubam Bagicha", "mdds_og": 0, "total_area_sqm": 2514201.7469360395, "total_area_ha": 251.42017469360394, "flood_area_1998": 0.0, "flood_pct_1998": 0.0, "exposed_pop_1998": 0, "flood_area_1999": 69258.30495925514, "flood_pct_1999": 2.7546836702208788, "exposed_pop_1999": 29, "flood_area_2004": 104581.64159369114, "flood_pct_2004": 4.1596360244813582, "exposed_pop_2004": 44, "flood_area_2012": 0.0, "flood_pct_2012": 0.0, "exposed_pop_2012": 0, "flood_area_2013": 0.0, "flood_pct_2013": 0.0, "exposed_pop_2013": 0, "flood_years_exposed": 2, "flood_frequency": 0.4, "max_flood_exposure_pct": 4.1596360244813582, "exposure_note": "ESTIMATE: spatial overlap with historical flood inundation polygons only. NOT actual people affected." }, "geometry": { "type": "Polygon", "coordinates": [ [ [ 92.085978309000041, 26.112007009000024 ], [ 92.086423574000037, 26.112564969000061 ], [ 92.087442914000064, 26.114305635000051 ], [ 92.088951962000067, 26.116571124000075 ], [ 92.09071203700006, 26.119377373000077 ], [ 92.091120290000049, 26.118858799000066 ], [ 92.091481842000064, 26.118203727000036 ], [ 92.091766162000056, 26.117796026000065 ], [ 92.092013252000072, 26.117648855000027 ], [ 92.092532611000081, 26.117395919000046 ], [ 92.093160657000055, 26.117128057000059 ], [ 92.093579393000084, 26.117051514000025 ], [ 92.094009472000039, 26.117017452000027 ], [ 92.094863475000068, 26.117165524000029 ], [ 92.09564789600006, 26.117385756000033 ], [ 92.096554788000049, 26.117908684000042 ], [ 92.097315533000085, 26.11847896300003 ], [ 92.097681956000031, 26.118733907000035 ], [ 92.098002704000066, 26.119161598000062 ], [ 92.098637977000067, 26.120103995000079 ], [ 92.09936523500005, 26.121145851000051 ], [ 92.10008167400008, 26.122173649000047 ], [ 92.100673374000053, 26.122802300000046 ], [ 92.101597888000072, 26.122046064000074 ], [ 92.102698143000055, 26.121605486000078 ], [ 92.103138100000081, 26.121435511000072 ], [ 92.103708384000072, 26.121116460000053 ], [ 92.106461909000075, 26.119013791000043 ], [ 92.106647792000047, 26.118857866000042 ], [ 92.108411351000086, 26.117380118000028 ], [ 92.109701948000065, 26.11664448700003 ], [ 92.111231770000074, 26.115809635000062 ], [ 92.111825580000072, 26.115377806000026 ], [ 92.112973857000043, 26.114383700000076 ], [ 92.114352846000031, 26.112952061000044 ], [ 92.114634588000058, 26.112499613000068 ], [ 92.11469082900004, 26.112304316000063 ], [ 92.114696465000065, 26.112161334000064 ], [ 92.114623832000063, 26.112028544000054 ], [ 92.114316769000084, 26.111867021000023 ], [ 92.114220906000071, 26.111837123000043 ], [ 92.113967346000038, 26.111808560000043 ], [ 92.113515613000061, 26.111863243000073 ], [ 92.112320129000068, 26.112204126000051 ], [ 92.110165734000077, 26.113247486000034 ], [ 92.108198082000058, 26.114074389000052 ], [ 92.106832850000046, 26.114599342000076 ], [ 92.10635810000008, 26.114707096000075 ], [ 92.105942818000074, 26.114711342000078 ], [ 92.10430326200003, 26.114581778000058 ], [ 92.103811424000071, 26.114470095000058 ], [ 92.103582112000083, 26.114325929000074 ], [ 92.102329596000061, 26.113501866000036 ], [ 92.101551440000037, 26.112631044000068 ], [ 92.099843472000032, 26.110836561000042 ], [ 92.099463352000043, 26.110371248000035 ], [ 92.098789708000083, 26.10932133600005 ], [ 92.097310027000049, 26.107147715000053 ], [ 92.096257222000077, 26.106011979000073 ], [ 92.095704245000036, 26.105443361000027 ], [ 92.09549383600006, 26.105078412000069 ], [ 92.094592926000075, 26.104990048000047 ], [ 92.093189308000035, 26.105075600000077 ], [ 92.091156857000044, 26.10522058600003 ], [ 92.088573097000051, 26.10544586900005 ], [ 92.087938103000056, 26.105484241000056 ], [ 92.087342038000031, 26.105490384000063 ], [ 92.087339377000035, 26.105563091000079 ], [ 92.087180114000034, 26.106653918000063 ], [ 92.08682972400004, 26.107977954000035 ], [ 92.086473375000082, 26.10916239200003 ], [ 92.086370986000077, 26.109607308000022 ], [ 92.086186024000085, 26.111718690000032 ], [ 92.086095127000078, 26.111883500000033 ], [ 92.085978309000041, 26.112007009000024 ] ] ] } },
{ "type": "Feature", "properties": { "District": "322", "Subdistt": "02130", "Town/Village": "303549", "Name": "Sakurabori", "TRU": "Rural", "No_HH": 68, "TOT_P": 300, "TOT_M": 163, "TOT_F": 137, "P_06": 38, "P_SC": 0, "P_ST": 0, "pc11_s_id": "18", "pc11_d_id": "322", "pc11_sd_id": "02130", "pc11_tv_id": "303549", "tv_name": "Sakurabori", "mdds_og": 0, "total_area_sqm": 1834869.9784657056, "total_area_ha": 183.48699784657057, "flood_area_1998": 1737499.8029898363, "flood_pct_1998": 94.693347396893529, "exposed_pop_1998": 284, "flood_area_1999": 1496031.7249571076, "flood_pct_1999": 81.53339160347862, "exposed_pop_1999": 245, "flood_area_2004": 1831877.3800529572, "flood_pct_2004": 99.836904061439242, "exposed_pop_2004": 300, "flood_area_2012": 1267509.3043000465, "flood_pct_2012": 69.078971217345938, "exposed_pop_2012": 207, "flood_area_2013": 1012292.7162058043, "flood_pct_2013": 55.169724726341116, "exposed_pop_2013": 166, "flood_years_exposed": 5, "flood_frequency": 1.0, "max_flood_exposure_pct": 99.836904061439242, "exposure_note": "ESTIMATE: spatial overlap with historical flood inundation polygons only. NOT actual people affected." }, "geometry": { "type": "Polygon", "coordinates": [ [ [ 92.117707205000045, 26.157762559000048 ], [ 92.115966155000081, 26.155832516000032 ], [ 92.115603884000052, 26.15543079300005 ], [ 92.114165183000068, 26.153630319000058 ], [ 92.11321167400007, 26.151937697000051 ], [ 92.11310682900006, 26.151468180000052 ], [ 92.113105463000068, 26.15103246700005 ], [ 92.113201119000053, 26.148434712000039 ], [ 92.113252250000073, 26.148151249000023 ], [ 92.11345284500004, 26.147043928000073 ], [ 92.113486011000077, 26.146862379000027 ], [ 92.11351157200005, 26.145718131000024 ], [ 92.113387815000067, 26.145284457000059 ], [ 92.113195157000064, 26.144661481000071 ], [ 92.113186043000042, 26.144634129000053 ], [ 92.112276370000075, 26.142865396000047 ], [ 92.111507994000078, 26.140224215000046 ], [ 92.110648826000045, 26.138084714000058 ], [ 92.110414152000033, 26.137433408000049 ], [ 92.110118902000067, 26.136965208000049 ], [ 92.109722893000082, 26.136443351000025 ], [ 92.10872676200006, 26.135330374000034 ], [ 92.108233120000079, 26.134682548000058 ], [ 92.10775475500003, 26.132772936000038 ], [ 92.106903167000041, 26.129055048000055 ], [ 92.106815275000031, 26.127829409000071 ], [ 92.106775843000037, 26.126450343000045 ], [ 92.106751149000047, 26.125573669000062 ], [ 92.106808821000072, 26.124919677000037 ], [ 92.106814116000066, 26.124863404000052 ], [ 92.106992055000035, 26.124315013000057 ], [ 92.107552811000062, 26.122846816000049 ], [ 92.10759633400005, 26.122190962000047 ], [ 92.107613169000047, 26.121772956000029 ], [ 92.107608548000087, 26.121463365000068 ], [ 92.107404192000047, 26.120973706000029 ], [ 92.106647792000047, 26.118857866000042 ], [ 92.106461909000075, 26.119013791000043 ], [ 92.103708384000072, 26.121116460000053 ], [ 92.103138100000081, 26.121435511000072 ], [ 92.102698143000055, 26.121605486000078 ], [ 92.101597888000072, 26.122046064000074 ], [ 92.100673374000053, 26.122802300000046 ], [ 92.101881981000076, 26.123987662000047 ], [ 92.102834452000081, 26.125240564000023 ], [ 92.103116241000066, 26.125713389000055 ], [ 92.103462824000076, 26.126293532000034 ], [ 92.103600994000033, 26.126611098000069 ], [ 92.103716420000069, 26.127214384000069 ], [ 92.103759328000081, 26.127437691000068 ], [ 92.103777437000076, 26.127654963000055 ], [ 92.10410276500005, 26.129441417000066 ], [ 92.104594991000056, 26.132199947000061 ], [ 92.105124748000037, 26.134385583000039 ], [ 92.105500471000084, 26.135299468000028 ], [ 92.10578784900008, 26.135701331000064 ], [ 92.106345717000067, 26.136215748000041 ], [ 92.10646416600008, 26.136374078000074 ], [ 92.106656327000053, 26.136777270000039 ], [ 92.107582562000061, 26.139724148000028 ], [ 92.107858243000067, 26.140740707000077 ], [ 92.108001971000078, 26.141628885000046 ], [ 92.108018627000035, 26.142951539000023 ], [ 92.108025202000078, 26.143532338000057 ], [ 92.108142637000071, 26.146119125000041 ], [ 92.108170856000072, 26.146413347000077 ], [ 92.108356602000072, 26.148315885000045 ], [ 92.108704561000081, 26.151703221000048 ], [ 92.108858058000067, 26.153445631000068 ], [ 92.109177684000031, 26.155031610000037 ], [ 92.10948832400004, 26.156357680000042 ], [ 92.109473885000057, 26.156532560000073 ], [ 92.109461691000035, 26.15667353200007 ], [ 92.109457044000067, 26.156802707000054 ], [ 92.109376109000038, 26.156876332000024 ], [ 92.109266364000064, 26.156902943000034 ], [ 92.108744158000036, 26.156865030000063 ], [ 92.10883128200004, 26.157070652000073 ], [ 92.109011890000033, 26.157278542000029 ], [ 92.109143308000057, 26.157384786000023 ], [ 92.109298677000083, 26.157475699000031 ], [ 92.110528609000085, 26.157551196000043 ], [ 92.112617594000085, 26.157598707000034 ], [ 92.113803905000054, 26.15774662900003 ], [ 92.11505926500007, 26.15798142500006 ], [ 92.116688934000081, 26.158269619000066 ], [ 92.118009652000069, 26.158339561000048 ], [ 92.118199642000036, 26.158374242000036 ], [ 92.117707205000045, 26.157762559000048 ] ] ] } },
{ "type": "Feature", "properties": { "District": "322", "Subdistt": "02130", "Town/Village": "303550", "Name": "Maloibari Gaon", "TRU": "Rural", "No_HH": 407, "TOT_P": 1959, "TOT_M": 989, "TOT_F": 970, "P_06": 235, "P_SC": 847, "P_ST": 11, "pc11_s_id": "18", "pc11_d_id": "322", "pc11_sd_id": "02130", "pc11_tv_id": "303550", "tv_name": "Maloibari Gaon", "mdds_og": 0, "total_area_sqm": 2581296.7648586086, "total_area_ha": 258.12967648586084, "flood_area_1998": 1659408.8728080229, "flood_pct_1998": 64.285861873728322, "exposed_pop_1998": 1259, "flood_area_1999": 818301.67859119899, "flood_pct_1999": 31.70118561071461, "exposed_pop_1999": 621, "flood_area_2004": 2354806.8510658829, "flood_pct_2004": 91.225731311636622, "exposed_pop_2004": 1787, "flood_area_2012": 743374.64988980559, "flood_pct_2012": 28.798496167120259, "exposed_pop_2012": 564, "flood_area_2013": 162793.33134660299, "flood_pct_2013": 6.3066491835749874, "exposed_pop_2013": 124, "flood_years_exposed": 5, "flood_frequency": 1.0, "max_flood_exposure_pct": 91.225731311636622, "exposure_note": "ESTIMATE: spatial overlap with historical flood inundation polygons only. NOT actual people affected." }, "geometry": { "type": "Polygon", "coordinates": [ [ [ 92.094177180632371, 26.177718354618396 ], [ 92.093812833000044, 26.176020485000073 ], [ 92.093637386000097, 26.175421713 ], [ 92.093027142000054, 26.174061197000054 ], [ 92.092919625000036, 26.173680174000058 ], [ 92.092687932000047, 26.172862394000074 ], [ 92.092504105000032, 26.172469250000052 ], [ 92.092099694000055, 26.171943959000021 ], [ 92.091236365000029, 26.170662992000082 ], [ 92.090768482000044, 26.169875491000028 ], [ 92.090560195000037, 26.169220150000072 ], [ 92.090170047000086, 26.167703202000059 ], [ 92.089579662000091, 26.165574898 ], [ 92.089495491000051, 26.16542642200006 ], [ 92.088703193000043, 26.16357769800004 ], [ 92.088372424000028, 26.162669061 ], [ 92.08791293400003, 26.16075105300002 ], [ 92.087468485000016, 26.159306890999989 ], [ 92.087218625000048, 26.158903484000096 ], [ 92.087054985000094, 26.158684992000047 ], [ 92.086293527000066, 26.157671526000037 ], [ 92.085883264000046, 26.157176992000064 ], [ 92.085557803000114, 26.156892911 ], [ 92.085102514000113, 26.157845927000078 ], [ 92.084965676000067, 26.158061690000078 ], [ 92.084673170000016, 26.158298836000071 ], [ 92.082955655000021, 26.15928352000001 ], [ 92.080297669000103, 26.160835715000097 ], [ 92.079696761000037, 26.161225720000036 ], [ 92.079104187000027, 26.161752449000097 ], [ 92.078178105000049, 26.162645688000019 ], [ 92.076569681000109, 26.164019656000015 ], [ 92.076069525000023, 26.164357991000031 ], [ 92.075523707000073, 26.164684364000035 ], [ 92.075648869000034, 26.165237700999988 ], [ 92.075887263000041, 26.166281162000082 ], [ 92.076345869000065, 26.168154508 ], [ 92.07666474400007, 26.169108059000035 ], [ 92.077548840000034, 26.170919533000081 ], [ 92.078489031000018, 26.172907007000035 ], [ 92.079173650000087, 26.174180024000027 ], [ 92.079374980000054, 26.174404126000095 ], [ 92.079917268000059, 26.174759358000088 ], [ 92.081067495000113, 26.175314796000038 ], [ 92.082379185000022, 26.175675715000057 ], [ 92.08286617300007, 26.175913484000013 ], [ 92.08320513200006, 26.176219348000096 ], [ 92.083765985000099, 26.176723228000043 ], [ 92.084977017000114, 26.177921273000049 ], [ 92.086254951000072, 26.178861317000024 ], [ 92.087281214256663, 26.179800354402882 ], [ 92.088830584264073, 26.178607241830765 ], [ 92.089841389868269, 26.177990092868519 ], [ 92.090162303047947, 26.177942452182457 ], [ 92.092926077976145, 26.177873906755433 ], [ 92.094177180632371, 26.177718354618396 ] ] ] } },
{ "type": "Feature", "properties": { "District": "322", "Subdistt": "02130", "Town/Village": "303551", "Name": "Maloibari Jangle", "TRU": "Rural", "No_HH": 480, "TOT_P": 2373, "TOT_M": 1210, "TOT_F": 1163, "P_06": 323, "P_SC": 538, "P_ST": 125, "pc11_s_id": "18", "pc11_d_id": "322", "pc11_sd_id": "02130", "pc11_tv_id": "303551", "tv_name": "Maloibari Jangle", "mdds_og": 0, "total_area_sqm": 5462706.9106430877, "total_area_ha": 546.27069106430872, "flood_area_1998": 4413472.1549307536, "flood_pct_1998": 80.792768624139583, "exposed_pop_1998": 1917, "flood_area_1999": 3912863.8620812683, "flood_pct_1999": 71.628661871969868, "exposed_pop_1999": 1700, "flood_area_2004": 5013936.0236604419, "flood_pct_2004": 91.784825832257312, "exposed_pop_2004": 2178, "flood_area_2012": 2985575.0921354527, "flood_pct_2012": 54.653766730896805, "exposed_pop_2012": 1297, "flood_area_2013": 1674106.5801085294, "flood_pct_2013": 30.646099223204494, "exposed_pop_2013": 727, "flood_years_exposed": 5, "flood_frequency": 1.0, "max_flood_exposure_pct": 91.784825832257312, "exposure_note": "ESTIMATE: spatial overlap with historical flood inundation polygons only. NOT actual people affected." }, "geometry": { "type": "Polygon", "coordinates": [ [ [ 92.104238525887268, 26.177212907749592 ], [ 92.106836071927219, 26.177324084638798 ], [ 92.112524091413746, 26.177561510155645 ], [ 92.112483612000062, 26.174916756000055 ], [ 92.112411390000034, 26.174447914000076 ], [ 92.112249940000083, 26.173995995000077 ], [ 92.111870637000067, 26.173108108000065 ], [ 92.111677733000079, 26.172657805000021 ], [ 92.11138392300002, 26.172208829000088 ], [ 92.110703811000064, 26.171430075000046 ], [ 92.110099777000087, 26.170638647000022 ], [ 92.109724275000104, 26.170023288 ], [ 92.109056529000014, 26.168503086999984 ], [ 92.108034724000021, 26.16607037500005 ], [ 92.107669018000053, 26.165136209000028 ], [ 92.107261018000045, 26.164598452000032 ], [ 92.105829406000069, 26.163168906000056 ], [ 92.105491320000084, 26.162764688 ], [ 92.105278650000059, 26.162129054000083 ], [ 92.104964712000111, 26.160667370000024 ], [ 92.104432829000075, 26.157597175000014 ], [ 92.104388699000054, 26.157172974 ], [ 92.104298656000068, 26.156295821000075 ], [ 92.104145746000114, 26.156284839000055 ], [ 92.103916690000091, 26.156220088000026 ], [ 92.103765175000078, 26.156118906000092 ], [ 92.103674369000018, 26.155889345000016 ], [ 92.103579307000061, 26.155184644000062 ], [ 92.103476140000055, 26.154193530000036 ], [ 92.103385264000082, 26.153319938000053 ], [ 92.102952708, 26.150324305 ], [ 92.102698102000062, 26.147704289000018 ], [ 92.10259943700008, 26.146284510000051 ], [ 92.102560957, 26.14573036300003 ], [ 92.102601513000067, 26.144487519000048 ], [ 92.101948221000015, 26.144736983 ], [ 92.097478914000064, 26.146206599 ], [ 92.097455049000047, 26.146751492000053 ], [ 92.097367910000031, 26.14693555 ], [ 92.097202292000091, 26.147106108000084 ], [ 92.096690873000057, 26.147631885000067 ], [ 92.095954824000074, 26.148175478000013 ], [ 92.094505532000071, 26.149619294000015 ], [ 92.092914659000073, 26.151077540000056 ], [ 92.091649005000065, 26.151991435000088 ], [ 92.090766046000013, 26.152935012000089 ], [ 92.090854729000071, 26.153165104000031 ], [ 92.090847802000027, 26.153312728000078 ], [ 92.090804514000098, 26.153450654000032 ], [ 92.090695525000044, 26.153610393000104 ], [ 92.090463871000054, 26.153861323000083 ], [ 92.088101740000099, 26.155892595000108 ], [ 92.087494974, 26.156349737 ], [ 92.08733489800008, 26.156464901000032 ], [ 92.087188453000039, 26.156524543000081 ], [ 92.087055640000059, 26.156528652000066 ], [ 92.086451130000043, 26.156514806000075 ], [ 92.085644879000128, 26.156406288000067 ], [ 92.085631276000072, 26.15654252800006 ], [ 92.085557803000114, 26.156892911 ], [ 92.085883264000046, 26.157176992000064 ], [ 92.086293527000066, 26.157671526000037 ], [ 92.087054985000094, 26.158684992000047 ], [ 92.087218625000048, 26.158903484000096 ], [ 92.087468485000016, 26.159306890999989 ], [ 92.08791293400003, 26.16075105300002 ], [ 92.088372424000028, 26.162669061 ], [ 92.088703193000043, 26.16357769800004 ], [ 92.089495491000051, 26.16542642200006 ], [ 92.089579662000091, 26.165574898 ], [ 92.090170047000086, 26.167703202000059 ], [ 92.090560195000037, 26.169220150000072 ], [ 92.090768482000044, 26.169875491000028 ], [ 92.091236365000029, 26.170662992000082 ], [ 92.092099694000055, 26.171943959000021 ], [ 92.092504105000032, 26.172469250000052 ], [ 92.092687932000047, 26.172862394000074 ], [ 92.092919625000036, 26.173680174000058 ], [ 92.093027142000054, 26.174061197000054 ], [ 92.093637386000097, 26.175421713 ], [ 92.093812833000044, 26.176020485000073 ], [ 92.094177180632371, 26.177718354618396 ], [ 92.096948136647242, 26.177372811705979 ], [ 92.104238525887268, 26.177212907749592 ] ] ] } },
{ "type": "Feature", "properties": { "District": "322", "Subdistt": "02130", "Town/Village": "303552", "Name": "Pub-Maloibari", "TRU": "Rural", "No_HH": 278, "TOT_P": 1305, "TOT_M": 676, "TOT_F": 629, "P_06": 185, "P_SC": 655, "P_ST": 1, "pc11_s_id": "18", "pc11_d_id": "322", "pc11_sd_id": "02130", "pc11_tv_id": "303552", "tv_name": "Pub-Maloibari", "mdds_og": 0, "total_area_sqm": 1980778.8798791871, "total_area_ha": 198.0778879879187, "flood_area_1998": 1495682.7449478148, "flood_pct_1998": 75.50982899408946, "exposed_pop_1998": 985, "flood_area_1999": 1236061.2587661899, "flood_pct_1999": 62.402788686922015, "exposed_pop_1999": 814, "flood_area_2004": 1706069.984008566, "flood_pct_2004": 86.131268933593617, "exposed_pop_2004": 1124, "flood_area_2012": 1128662.779755692, "flood_pct_2012": 56.980755965276252, "exposed_pop_2012": 744, "flood_area_2013": 762364.84181271296, "flood_pct_2013": 38.4881346200143, "exposed_pop_2013": 502, "flood_years_exposed": 5, "flood_frequency": 1.0, "max_flood_exposure_pct": 86.131268933593617, "exposure_note": "ESTIMATE: spatial overlap with historical flood inundation polygons only. NOT actual people affected." }, "geometry": { "type": "Polygon", "coordinates": [ [ [ 92.110528609000042, 26.157551196000036 ], [ 92.109298677000055, 26.157475699 ], [ 92.109143308000085, 26.157384786000033 ], [ 92.109011890000048, 26.157278542000036 ], [ 92.108831282000025, 26.157070652000066 ], [ 92.108744158, 26.156865030000105 ], [ 92.107800218000065, 26.15663117700003 ], [ 92.105470690000061, 26.156375735000033 ], [ 92.104298656000068, 26.156295821000082 ], [ 92.104388699000054, 26.157172974 ], [ 92.104432829000075, 26.157597175000021 ], [ 92.104964712000111, 26.160667370000031 ], [ 92.105278650000059, 26.16212905400009 ], [ 92.105491320000084, 26.162764688000014 ], [ 92.105829406000069, 26.163168906000063 ], [ 92.107261018000045, 26.164598452000039 ], [ 92.107669018000053, 26.165136209000035 ], [ 92.108034724000021, 26.166070375000057 ], [ 92.109056529000014, 26.168503087 ], [ 92.109724275000104, 26.170023288 ], [ 92.110099777000087, 26.170638647000029 ], [ 92.110703811000064, 26.171430075000053 ], [ 92.11138392300002, 26.172208829000095 ], [ 92.111677733000079, 26.172657805000028 ], [ 92.111870637000067, 26.173108108000072 ], [ 92.112249940000083, 26.173995995000084 ], [ 92.112411390000034, 26.174447914000083 ], [ 92.112483612000062, 26.174916756000062 ], [ 92.112524091413746, 26.177561510155652 ], [ 92.115798883611703, 26.177695499247918 ], [ 92.116711387920262, 26.177828892989037 ], [ 92.120656051835411, 26.179417801690271 ], [ 92.12177895523466, 26.179670968040821 ], [ 92.122148392000014, 26.178266195000084 ], [ 92.122254253000065, 26.177248892000023 ], [ 92.122311810000042, 26.17590812700011 ], [ 92.122249941000064, 26.175660184000023 ], [ 92.12216453500011, 26.175314892000053 ], [ 92.121827572000115, 26.174360964000083 ], [ 92.12129746500004, 26.173139839000033 ], [ 92.120937680000026, 26.172551532000028 ], [ 92.12070403500006, 26.172105326000057 ], [ 92.120418893000092, 26.171807946000055 ], [ 92.119184847000042, 26.170912358000027 ], [ 92.11819176100002, 26.169797030000026 ], [ 92.117787486000054, 26.169196251000056 ], [ 92.117098213000048, 26.167907045000057 ], [ 92.116031622, 26.165864837000104 ], [ 92.11535446500001, 26.164586509000028 ], [ 92.114972416000015, 26.163997465000051 ], [ 92.114198593000111, 26.163112906000048 ], [ 92.113614555000112, 26.162574633000098 ], [ 92.112978468000065, 26.162210093000045 ], [ 92.112590730000051, 26.161852300000106 ], [ 92.112289556000079, 26.161345631000106 ], [ 92.111383671000084, 26.159577998000046 ], [ 92.110985820000039, 26.158755011000075 ], [ 92.110746766000062, 26.158259146 ], [ 92.110528609000042, 26.157551196000036 ] ] ] } },
{ "type": "Feature", "properties": { "District": "322", "Subdistt": "02130", "Town/Village": "303553", "Name": "Durung", "TRU": "Rural", "No_HH": 513, "TOT_P": 2471, "TOT_M": 1232, "TOT_F": 1239, "P_06": 355, "P_SC": 2344, "P_ST": 2, "pc11_s_id": "18", "pc11_d_id": "322", "pc11_sd_id": "02130", "pc11_tv_id": "303553", "tv_name": "Durung", "mdds_og": 0, "total_area_sqm": 2376226.1048801816, "total_area_ha": 237.62261048801815, "flood_area_1998": 1915812.5427800633, "flood_pct_1998": 80.624168670037648, "exposed_pop_1998": 1992, "flood_area_1999": 1753139.7343787223, "flood_pct_1999": 73.77832146436765, "exposed_pop_1999": 1823, "flood_area_2004": 2109739.6893618461, "flood_pct_2004": 88.785308983390166, "exposed_pop_2004": 2194, "flood_area_2012": 1585903.6674166352, "flood_pct_2012": 66.740436196689387, "exposed_pop_2012": 1649, "flood_area_2013": 1053727.3228895494, "flood_pct_2013": 44.344573133232302, "exposed_pop_2013": 1096, "flood_years_exposed": 5, "flood_frequency": 1.0, "max_flood_exposure_pct": 88.785308983390166, "exposure_note": "ESTIMATE: spatial overlap with historical flood inundation polygons only. NOT actual people affected." }, "geometry": { "type": "Polygon", "coordinates": [ [ [ 92.130500264775435, 26.179300123601834 ], [ 92.131826229696756, 26.17763033976841 ], [ 92.134201001974688, 26.174455630423044 ], [ 92.13300394400008, 26.173513649000046 ], [ 92.132336391000095, 26.172990101999982 ], [ 92.132303795000055, 26.172918404 ], [ 92.131661541000113, 26.172159328000077 ], [ 92.131334695000078, 26.171912412999987 ], [ 92.130669192000084, 26.171409284000013 ], [ 92.130102075000053, 26.171063345000078 ], [ 92.128738596000034, 26.170352914 ], [ 92.127866775000115, 26.169689128000062 ], [ 92.127305617000047, 26.16916129 ], [ 92.127289967000081, 26.16910692400003 ], [ 92.126566455000074, 26.168203838000093 ], [ 92.125701768000027, 26.166779277 ], [ 92.12473461600004, 26.165202910000041 ], [ 92.12403071500006, 26.164262451000031 ], [ 92.122504070000048, 26.162256498000058 ], [ 92.121042716, 26.160838306000045 ], [ 92.120267099000046, 26.160276286000084 ], [ 92.119713350000069, 26.159873278000045 ], [ 92.118796544000062, 26.159115413000045 ], [ 92.11819964200005, 26.158374242 ], [ 92.118009652000055, 26.158339561000066 ], [ 92.116688934000109, 26.158269619000052 ], [ 92.115059265000099, 26.157981425000099 ], [ 92.113803905000054, 26.157746629000034 ], [ 92.112617594000042, 26.157598707000052 ], [ 92.110528609000042, 26.157551196000028 ], [ 92.110746766000062, 26.158259145999985 ], [ 92.110985820000039, 26.158755011000068 ], [ 92.111383671000084, 26.159577998000039 ], [ 92.112289556000079, 26.161345631000099 ], [ 92.112590730000051, 26.161852300000099 ], [ 92.112978468000065, 26.162210093000038 ], [ 92.113614555000112, 26.162574633000091 ], [ 92.114198593000111, 26.163112906000041 ], [ 92.114972416000015, 26.163997465000044 ], [ 92.11535446500001, 26.164586509000021 ], [ 92.116031622, 26.165864837000097 ], [ 92.117098213000048, 26.167907045000049 ], [ 92.117787486000054, 26.169196251000049 ], [ 92.11819176100002, 26.169797030000019 ], [ 92.119184847000042, 26.17091235800002 ], [ 92.120418893000092, 26.171807946000047 ], [ 92.12070403500006, 26.17210532600005 ], [ 92.120937680000026, 26.172551532000021 ], [ 92.12129746500004, 26.173139839000026 ], [ 92.121827572000115, 26.174360964000076 ], [ 92.12216453500011, 26.175314892000046 ], [ 92.122249941000064, 26.175660184000016 ], [ 92.122311810000042, 26.175908127000103 ], [ 92.122254253000065, 26.177248892000016 ], [ 92.122148392000014, 26.178266195000077 ], [ 92.12177895523466, 26.179670968040814 ], [ 92.12514444136292, 26.180427318565958 ], [ 92.125883997948236, 26.18053156797755 ], [ 92.128888004278053, 26.180443495570938 ], [ 92.129451147152793, 26.180349038877093 ], [ 92.129851525327666, 26.180118192800439 ], [ 92.130500264775435, 26.179300123601834 ] ] ] } },
{ "type": "Feature", "properties": { "District": "322", "Subdistt": "02130", "Town/Village": "303554", "Name": "Murkata", "TRU": "Rural", "No_HH": 258, "TOT_P": 1187, "TOT_M": 605, "TOT_F": 582, "P_06": 171, "P_SC": 25, "P_ST": 1050, "pc11_s_id": "18", "pc11_d_id": "322", "pc11_sd_id": "02130", "pc11_tv_id": "303554", "tv_name": "Murkata", "mdds_og": 0, "total_area_sqm": 3412728.6074123182, "total_area_ha": 341.2728607412318, "flood_area_1998": 3200520.7185972426, "flood_pct_1998": 93.781870367477566, "exposed_pop_1998": 1113, "flood_area_1999": 2990427.4656733871, "flood_pct_1999": 87.625703936090645, "exposed_pop_1999": 1040, "flood_area_2004": 3373891.4813695964, "flood_pct_2004": 98.861991956864983, "exposed_pop_2004": 1173, "flood_area_2012": 2953400.0233754832, "flood_pct_2012": 86.540723366071632, "exposed_pop_2012": 1027, "flood_area_2013": 2759479.7638901398, "flood_pct_2013": 80.85845906107663, "exposed_pop_2013": 960, "flood_years_exposed": 5, "flood_frequency": 1.0, "max_flood_exposure_pct": 98.861991956864983, "exposure_note": "ESTIMATE: spatial overlap with historical flood inundation polygons only. NOT actual people affected." }, "geometry": { "type": "Polygon", "coordinates": [ [ [ 92.141931998000075, 26.134996966000074 ], [ 92.138467836000075, 26.134936591000042 ], [ 92.137413670000058, 26.135005031000048 ], [ 92.136456901000031, 26.134855428000037 ], [ 92.135930188000032, 26.134835795000072 ], [ 92.135718817000054, 26.134872122000047 ], [ 92.135373862000051, 26.135006133000047 ], [ 92.135159883000085, 26.135057237000069 ], [ 92.134976096000059, 26.135061363000034 ], [ 92.132939497000052, 26.135169807000068 ], [ 92.129611491000048, 26.135393810000039 ], [ 92.123991940000053, 26.135943367000039 ], [ 92.12020165000007, 26.136151561000077 ], [ 92.119391480000047, 26.136216920000038 ], [ 92.120074135000038, 26.139123215000041 ], [ 92.120765704000064, 26.141814167000064 ], [ 92.12188801700006, 26.145292942000026 ], [ 92.122846087000084, 26.147437058000037 ], [ 92.123563194000042, 26.148261761000072 ], [ 92.123721969000087, 26.148536665000051 ], [ 92.124452126000051, 26.149707784000043 ], [ 92.127498939000077, 26.15085261300004 ], [ 92.127632377000054, 26.150869483000065 ], [ 92.128961487000083, 26.151155154000037 ], [ 92.130495395000082, 26.151614691000077 ], [ 92.131779202000075, 26.152079835000052 ], [ 92.132324342000061, 26.152364723000062 ], [ 92.133671357000082, 26.152668552000023 ], [ 92.135357060000047, 26.152967618000048 ], [ 92.136131212000066, 26.153104967000047 ], [ 92.138877851000075, 26.15342716400005 ], [ 92.139306972000043, 26.153415943000027 ], [ 92.139871353000046, 26.153360034000059 ], [ 92.140874681000071, 26.152999566000062 ], [ 92.142676682000058, 26.152380567000023 ], [ 92.143363083000054, 26.151943991000053 ], [ 92.143435713000031, 26.151775656000041 ], [ 92.143439569000066, 26.15166393800007 ], [ 92.143445360000044, 26.151496365000071 ], [ 92.143333460000065, 26.151189833000046 ], [ 92.143191745000081, 26.151013609000074 ], [ 92.142729211000074, 26.150483808000047 ], [ 92.142701750000072, 26.150458222000054 ], [ 92.14161032700008, 26.149553381000032 ], [ 92.139954043000046, 26.147895395000035 ], [ 92.139697227000056, 26.147568310000054 ], [ 92.13941535400005, 26.146867124000039 ], [ 92.138568114000066, 26.145409771000061 ], [ 92.138289103000034, 26.144637936000038 ], [ 92.138162117000036, 26.143980191000026 ], [ 92.138048196000057, 26.142969631000028 ], [ 92.13812230700006, 26.142608999000061 ], [ 92.138484318000053, 26.141727914000057 ], [ 92.139966148000042, 26.139147558000047 ], [ 92.140784798000084, 26.137756786000068 ], [ 92.141921336000053, 26.136355687000048 ], [ 92.142124419000083, 26.136132227000076 ], [ 92.142176627000083, 26.135959711000055 ], [ 92.142181391000065, 26.135835625000027 ], [ 92.142170988000032, 26.135710857000049 ], [ 92.141931998000075, 26.134996966000074 ] ] ] } },
{ "type": "Feature", "properties": { "District": "322", "Subdistt": "02130", "Town/Village": "303555", "Name": "No.3 Ouzari", "TRU": "Rural", "No_HH": 483, "TOT_P": 2384, "TOT_M": 1195, "TOT_F": 1189, "P_06": 337, "P_SC": 2295, "P_ST": 1, "pc11_s_id": "18", "pc11_d_id": "322", "pc11_sd_id": "02130", "pc11_tv_id": "303555", "tv_name": "No.3 Ouzari", "mdds_og": 0, "total_area_sqm": 3522212.346027548, "total_area_ha": 352.22123460275481, "flood_area_1998": 3522212.3460275475, "flood_pct_1998": 99.999999999999986, "exposed_pop_1998": 2384, "flood_area_1999": 537301.22720210406, "flood_pct_1999": 15.254651747731444, "exposed_pop_1999": 364, "flood_area_2004": 3522212.3460275475, "flood_pct_2004": 99.999999999999986, "exposed_pop_2004": 2384, "flood_area_2012": 2395271.7490749811, "flood_pct_2012": 68.004751382364475, "exposed_pop_2012": 1621, "flood_area_2013": 624309.54856492451, "flood_pct_2013": 17.724926473244544, "exposed_pop_2013": 423, "flood_years_exposed": 5, "flood_frequency": 1.0, "max_flood_exposure_pct": 99.999999999999986, "exposure_note": "ESTIMATE: spatial overlap with historical flood inundation polygons only. NOT actual people affected." }, "geometry": { "type": "Polygon", "coordinates": [ [ [ 92.166680916091437, 26.134774323975929 ], [ 92.167691506757706, 26.128734048137847 ], [ 92.168181624682262, 26.127445343927569 ], [ 92.168984028590103, 26.125567279806106 ], [ 92.169271520264488, 26.124897853253426 ], [ 92.169510578950138, 26.124339180908507 ], [ 92.169557448917232, 26.124019857730296 ], [ 92.169604363850425, 26.12370057322293 ], [ 92.169676972414379, 26.123318276817109 ], [ 92.16873384100009, 26.123192474000057 ], [ 92.166939269000096, 26.123153950000066 ], [ 92.166048870000054, 26.123090574000063 ], [ 92.165129137000079, 26.123056973000036 ], [ 92.16419555600001, 26.122994447000014 ], [ 92.162488762000109, 26.123082508000017 ], [ 92.157033564000116, 26.122890833000056 ], [ 92.150485213000081, 26.122931530000049 ], [ 92.144468705000108, 26.122717136000073 ], [ 92.140437066000032, 26.122739113000026 ], [ 92.13990535100001, 26.122887482000046 ], [ 92.139485235000066, 26.123087140000045 ], [ 92.138939535000119, 26.12333032 ], [ 92.138974709000095, 26.12374451600008 ], [ 92.139009373000036, 26.123918177000061 ], [ 92.139050098000027, 26.124117972000072 ], [ 92.139323625000017, 26.124714203000021 ], [ 92.140149799000071, 26.126081117000055 ], [ 92.140864084000015, 26.127631490000081 ], [ 92.141788670000039, 26.130455572000066 ], [ 92.141866876000037, 26.131096460000069 ], [ 92.141883729000099, 26.13276489 ], [ 92.141923674000026, 26.133692470000014 ], [ 92.142047327000043, 26.134214749000062 ], [ 92.142328203, 26.134838303000052 ], [ 92.144321914000045, 26.13475430700003 ], [ 92.147188734000096, 26.134632786000012 ], [ 92.150117009, 26.134596643000041 ], [ 92.153048702, 26.134569318 ], [ 92.15426644300004, 26.13461165900004 ], [ 92.15817281700005, 26.134666150000019 ], [ 92.161476851000046, 26.134683489000032 ], [ 92.165635058000106, 26.134768252000029 ], [ 92.166680916091437, 26.134774323975929 ] ] ] } },
{ "type": "Feature", "properties": { "District": "322", "Subdistt": "02130", "Town/Village": "303556", "Name": "Maloibari N.C", "TRU": "Rural", "No_HH": 209, "TOT_P": 1031, "TOT_M": 525, "TOT_F": 506, "P_06": 116, "P_SC": 460, "P_ST": 8, "pc11_s_id": "18", "pc11_d_id": "322", "pc11_sd_id": "02130", "pc11_tv_id": "303556", "tv_name": "Maloibari N.C", "mdds_og": 0, "total_area_sqm": 3050581.2619888945, "total_area_ha": 305.05812619888945, "flood_area_1998": 2457507.6103493287, "flood_pct_1998": 80.558667325816515, "exposed_pop_1998": 831, "flood_area_1999": 1324276.4703361215, "flood_pct_1999": 43.410627569144964, "exposed_pop_1999": 448, "flood_area_2004": 3026793.4932870651, "flood_pct_2004": 99.220221765660483, "exposed_pop_2004": 1023, "flood_area_2012": 2317560.8005556003, "flood_pct_2012": 75.97112161649531, "exposed_pop_2012": 783, "flood_area_2013": 1315075.7685920694, "flood_pct_2013": 43.109022696044377, "exposed_pop_2013": 444, "flood_years_exposed": 5, "flood_frequency": 1.0, "max_flood_exposure_pct": 99.220221765660483, "exposure_note": "ESTIMATE: spatial overlap with historical flood inundation polygons only. NOT actual people affected." }, "geometry": { "type": "Polygon", "coordinates": [ [ [ 92.165473489909644, 26.142040130247857 ], [ 92.165486584937995, 26.141456607836222 ], [ 92.165611484582399, 26.140901834951791 ], [ 92.166240338221073, 26.137443367017887 ], [ 92.166680916091437, 26.134774323975929 ], [ 92.165635058000106, 26.134768252000029 ], [ 92.161476851000046, 26.134683489000032 ], [ 92.15817281700005, 26.134666150000019 ], [ 92.15426644300004, 26.13461165900004 ], [ 92.153048702, 26.134569318 ], [ 92.150117009, 26.134596643000041 ], [ 92.147188734000096, 26.134632786000012 ], [ 92.144321914000045, 26.13475430700003 ], [ 92.142328203, 26.134838303000052 ], [ 92.142105905000093, 26.134927669000074 ], [ 92.141931998000089, 26.134996966000035 ], [ 92.142170988000061, 26.135710857000038 ], [ 92.142181391000037, 26.135835625000059 ], [ 92.142176627000083, 26.135959711000023 ], [ 92.142124419000112, 26.136132227000086 ], [ 92.14192133600001, 26.136355687000012 ], [ 92.140784798000112, 26.137756786000033 ], [ 92.13996614800007, 26.139147558000086 ], [ 92.138484318000025, 26.141727914000068 ], [ 92.138122307000089, 26.14260899900005 ], [ 92.138048196000085, 26.142969631000046 ], [ 92.138162117, 26.143980191 ], [ 92.138289103000034, 26.144637936000059 ], [ 92.138568114000037, 26.145409771000061 ], [ 92.13941535400005, 26.146867124000028 ], [ 92.139697227000013, 26.147568310000047 ], [ 92.139954043000046, 26.14789539500002 ], [ 92.141610327000123, 26.149553381000068 ], [ 92.1427017500001, 26.150458222000061 ], [ 92.143251776000042, 26.149931905000035 ], [ 92.144110016000099, 26.148961656000047 ], [ 92.145142562000075, 26.14798687200004 ], [ 92.146038187000016, 26.147218926 ], [ 92.146661964000032, 26.146751837000082 ], [ 92.148706419000078, 26.145952263 ], [ 92.152851833000057, 26.144551993000054 ], [ 92.157193377000013, 26.143204796000052 ], [ 92.160196040000031, 26.142616900000082 ], [ 92.162166122000059, 26.142330205000075 ], [ 92.165473489909644, 26.142040130247857 ] ] ] } },
{ "type": "Feature", "properties": { "District": "322", "Subdistt": "02130", "Town/Village": "303557", "Name": "Maloibari Pathar", "TRU": "Rural", "No_HH": 301, "TOT_P": 1521, "TOT_M": 754, "TOT_F": 767, "P_06": 143, "P_SC": 125, "P_ST": 0, "pc11_s_id": "18", "pc11_d_id": "322", "pc11_sd_id": "02130", "pc11_tv_id": "303557", "tv_name": "Maloibari Pathar", "mdds_og": 0, "total_area_sqm": 5700455.8423363017, "total_area_ha": 570.04558423363017, "flood_area_1998": 3647092.2380387192, "flood_pct_1998": 63.978957804609138, "exposed_pop_1998": 973, "flood_area_1999": 1342282.7760721983, "flood_pct_1999": 23.546937529158559, "exposed_pop_1999": 358, "flood_area_2004": 3868226.4235227103, "flood_pct_2004": 67.858194686713659, "exposed_pop_2004": 1032, "flood_area_2012": 1576908.6633560611, "flood_pct_2012": 27.662852006406798, "exposed_pop_2012": 421, "flood_area_2013": 234884.77564351191, "flood_pct_2013": 4.1204560150973055, "exposed_pop_2013": 63, "flood_years_exposed": 5, "flood_frequency": 1.0, "max_flood_exposure_pct": 67.858194686713659, "exposure_note": "ESTIMATE: spatial overlap with historical flood inundation polygons only. NOT actual people affected." }, "geometry": { "type": "Polygon", "coordinates": [ [ [ 92.079474412714021, 26.195377220182614 ], [ 92.079853417601228, 26.194991644848553 ], [ 92.080354071083548, 26.194290833755041 ], [ 92.081574272135043, 26.192127619793926 ], [ 92.081865940260954, 26.191715973113716 ], [ 92.081997196313651, 26.191595647421284 ], [ 92.082241269618947, 26.191515941407584 ], [ 92.087041356073755, 26.191066664395102 ], [ 92.090065744638494, 26.190938561365584 ], [ 92.090290874624174, 26.190864950057424 ], [ 92.090399573881314, 26.190786511188602 ], [ 92.090728157378621, 26.190492460758463 ], [ 92.092025692032124, 26.188880277602777 ], [ 92.092196536241204, 26.188575661937286 ], [ 92.092283107679322, 26.188405017377736 ], [ 92.092283947646166, 26.188245006401978 ], [ 92.092284426085413, 26.18815505980816 ], [ 92.090856283790501, 26.186541642782668 ], [ 92.087432795886855, 26.182402439321173 ], [ 92.087352917203447, 26.182162285261334 ], [ 92.087163964245633, 26.181855998655479 ], [ 92.086975603041665, 26.181380812174737 ], [ 92.086845187855189, 26.181021399018434 ], [ 92.086793661198556, 26.180793509013256 ], [ 92.086769136686371, 26.180610498775536 ], [ 92.08676992269389, 26.180532511366383 ], [ 92.086838213612765, 26.180219391711645 ], [ 92.086984602557465, 26.180027167020192 ], [ 92.087281214256663, 26.179800354402882 ], [ 92.086254951000072, 26.178861317000024 ], [ 92.084977017000114, 26.177921273000049 ], [ 92.083765985000099, 26.176723228000043 ], [ 92.08320513200006, 26.176219348000096 ], [ 92.08286617300007, 26.175913484000013 ], [ 92.082379185000022, 26.175675715000057 ], [ 92.081067495000113, 26.175314796000038 ], [ 92.079917268000059, 26.174759358000088 ], [ 92.079374980000054, 26.174404126000095 ], [ 92.079173650000087, 26.174180024000027 ], [ 92.078489031000018, 26.172907007000035 ], [ 92.077548840000034, 26.170919533000081 ], [ 92.07666474400007, 26.169108059000035 ], [ 92.076345869000065, 26.168154508 ], [ 92.075887263000041, 26.166281162000082 ], [ 92.075648869000034, 26.165237700999988 ], [ 92.075523707000073, 26.164684364000035 ], [ 92.07515157200001, 26.164833384000108 ], [ 92.073671353000108, 26.165197404000029 ], [ 92.072888402000075, 26.165370051000014 ], [ 92.072527483000059, 26.165448526000024 ], [ 92.072069197000062, 26.165497849000108 ], [ 92.071719527000084, 26.165602100000029 ], [ 92.071741218000014, 26.165709914000068 ], [ 92.071745910000047, 26.165867841000079 ], [ 92.071748085000053, 26.166070410000053 ], [ 92.071627298000095, 26.166588892000053 ], [ 92.07147596, 26.167106781 ], [ 92.07140586500006, 26.168657608000068 ], [ 92.071367564000099, 26.168978591000069 ], [ 92.070797070000054, 26.170972865000053 ], [ 92.070287658000012, 26.172321721000102 ], [ 92.069847250000066, 26.174368736000098 ], [ 92.069540972000041, 26.175805594000057 ], [ 92.069223806000082, 26.176443903000024 ], [ 92.068432546000082, 26.178133506000023 ], [ 92.067830999000051, 26.179893289000056 ], [ 92.067332406000091, 26.182420730000011 ], [ 92.066867407000075, 26.18464336200006 ], [ 92.06638019800009, 26.186802537000098 ], [ 92.066338181000077, 26.187239238000082 ], [ 92.066206990000055, 26.187602315000014 ], [ 92.06580175, 26.188414110000036 ], [ 92.065114544000082, 26.189503971000061 ], [ 92.063354264000097, 26.191640101000058 ], [ 92.062926697000066, 26.192288208000036 ], [ 92.062907361000072, 26.192351879000064 ], [ 92.062826833000059, 26.192619166000064 ], [ 92.062799086000084, 26.192798008000029 ], [ 92.062739477000036, 26.193796893000076 ], [ 92.06282105400004, 26.195678182000037 ], [ 92.062899655594691, 26.197337583962366 ], [ 92.067913378699558, 26.197854022345357 ], [ 92.072007333671564, 26.198262240809811 ], [ 92.073372350753502, 26.198312719756256 ], [ 92.074434200078329, 26.198214503896278 ], [ 92.075884157228131, 26.197654780243962 ], [ 92.07723886718, 26.197226259584294 ], [ 92.078166745399059, 26.196701774067677 ], [ 92.079474412714021, 26.195377220182614 ] ] ] } },
{ "type": "Feature", "properties": { "District": "322", "Subdistt": "02130", "Town/Village": "303558", "Name": "No.2 Ouzari", "TRU": "Rural", "No_HH": 155, "TOT_P": 820, "TOT_M": 413, "TOT_F": 407, "P_06": 144, "P_SC": 798, "P_ST": 1, "pc11_s_id": "18", "pc11_d_id": "322", "pc11_sd_id": "02130", "pc11_tv_id": "303558", "tv_name": "No.2 Ouzari", "mdds_og": 0, "total_area_sqm": 2074998.3138107019, "total_area_ha": 207.49983138107021, "flood_area_1998": 2033337.7099874511, "flood_pct_1998": 97.992258425177141, "exposed_pop_1998": 804, "flood_area_1999": 1906467.5700576622, "flood_pct_1999": 91.878029845550302, "exposed_pop_1999": 753, "flood_area_2004": 2074998.3138107019, "flood_pct_2004": 100.0, "exposed_pop_2004": 820, "flood_area_2012": 1594702.9318925233, "flood_pct_2012": 76.853215796781853, "exposed_pop_2012": 630, "flood_area_2013": 697189.80369055073, "flood_pct_2013": 33.599535915292989, "exposed_pop_2013": 276, "flood_years_exposed": 5, "flood_frequency": 1.0, "max_flood_exposure_pct": 100.0, "exposure_note": "ESTIMATE: spatial overlap with historical flood inundation polygons only. NOT actual people affected." }, "geometry": { "type": "Polygon", "coordinates": [ [ [ 92.149713915000035, 26.15428211400009 ], [ 92.15071929200009, 26.153960076 ], [ 92.151882817000086, 26.153703628000098 ], [ 92.152384379000111, 26.153688712000108 ], [ 92.153675852000021, 26.15363410600003 ], [ 92.155530178000063, 26.153386786000084 ], [ 92.157288630000082, 26.152921282000026 ], [ 92.160100625000041, 26.152182498000094 ], [ 92.162593633000085, 26.151372470000041 ], [ 92.163719333000046, 26.151144866000038 ], [ 92.164990393000053, 26.150973483000069 ], [ 92.16634500222014, 26.150761134019181 ], [ 92.165390326002779, 26.148229225898064 ], [ 92.165353767662239, 26.14776985489496 ], [ 92.165473489909644, 26.142040130247864 ], [ 92.162166122000059, 26.142330205000082 ], [ 92.160196040000031, 26.142616900000089 ], [ 92.157193377000013, 26.14320479600006 ], [ 92.152851833000057, 26.144551993000061 ], [ 92.148706419000078, 26.145952263000012 ], [ 92.146661964000032, 26.146751837000089 ], [ 92.146038187000016, 26.147218926000011 ], [ 92.145142562000075, 26.147986872000047 ], [ 92.144110016000099, 26.148961656000054 ], [ 92.143251776000042, 26.149931905000042 ], [ 92.1427017500001, 26.150458222000069 ], [ 92.142729211000059, 26.150483808000054 ], [ 92.143191745000053, 26.151013609000103 ], [ 92.143333460000051, 26.151189833000029 ], [ 92.143445360000072, 26.151496365000078 ], [ 92.143439569000037, 26.151663938000087 ], [ 92.143435712999988, 26.151775656 ], [ 92.143363083000025, 26.151943991000078 ], [ 92.143949309000021, 26.152356687000029 ], [ 92.144653346000013, 26.152698667000081 ], [ 92.146330720000066, 26.153373639000062 ], [ 92.146913007000109, 26.153689069000048 ], [ 92.147443313000025, 26.154196508000023 ], [ 92.147871077000062, 26.154595165000057 ], [ 92.148081032000022, 26.154699789000098 ], [ 92.148324013000064, 26.154692854000057 ], [ 92.14870727400006, 26.154602881000073 ], [ 92.149713915000035, 26.15428211400009 ] ] ] } },
{ "type": "Feature", "properties": { "District": "322", "Subdistt": "02130", "Town/Village": "303559", "Name": "No.1 Ouzari", "TRU": "Rural", "No_HH": 301, "TOT_P": 1473, "TOT_M": 771, "TOT_F": 702, "P_06": 210, "P_SC": 1227, "P_ST": 0, "pc11_s_id": "18", "pc11_d_id": "322", "pc11_sd_id": "02130", "pc11_tv_id": "303559", "tv_name": "No.1 Ouzari", "mdds_og": 0, "total_area_sqm": 2789463.6789809563, "total_area_ha": 278.94636789809562, "flood_area_1998": 1546536.4506322932, "flood_pct_1998": 55.442071617052648, "exposed_pop_1998": 817, "flood_area_1999": 712584.29345967527, "flood_pct_1999": 25.545566297532712, "exposed_pop_1999": 376, "flood_area_2004": 2421428.0729520139, "flood_pct_2004": 86.806223404084875, "exposed_pop_2004": 1279, "flood_area_2012": 725001.78547736944, "flood_pct_2012": 25.990723268432241, "exposed_pop_2012": 383, "flood_area_2013": 51165.462130935186, "flood_pct_2013": 1.8342401271066879, "exposed_pop_2013": 27, "flood_years_exposed": 5, "flood_frequency": 1.0, "max_flood_exposure_pct": 86.806223404084875, "exposure_note": "ESTIMATE: spatial overlap with historical flood inundation polygons only. NOT actual people affected." }, "geometry": { "type": "Polygon", "coordinates": [ [ [ 92.166875829755753, 26.162788960242356 ], [ 92.167164743258382, 26.162442283284815 ], [ 92.167362032032244, 26.162153787966957 ], [ 92.167544710420117, 26.161549752918845 ], [ 92.167618569041835, 26.160889833099343 ], [ 92.167637826224706, 26.160770816819756 ], [ 92.168201807267636, 26.157386076206457 ], [ 92.168198585896107, 26.157003622419239 ], [ 92.168150884056118, 26.156711440780445 ], [ 92.167225419617438, 26.153089456313428 ], [ 92.166885430018652, 26.152191522820534 ], [ 92.16634500222014, 26.150761134019174 ], [ 92.164990393000053, 26.150973483000062 ], [ 92.163719333000046, 26.151144866000031 ], [ 92.162593633000085, 26.151372470000034 ], [ 92.160100625000041, 26.152182498000087 ], [ 92.157288630000082, 26.152921282000019 ], [ 92.155530178000063, 26.153386786000077 ], [ 92.153675852000021, 26.153634106000023 ], [ 92.152384379000111, 26.1536887120001 ], [ 92.151882817000086, 26.153703628000091 ], [ 92.15071929200009, 26.153960076 ], [ 92.149713915000035, 26.154282114000083 ], [ 92.149839134000018, 26.154591281 ], [ 92.149869777000063, 26.154765232 ], [ 92.14982635600002, 26.154978213000035 ], [ 92.149282832000083, 26.155889461000026 ], [ 92.147694894000054, 26.158367917000103 ], [ 92.147325996000092, 26.158943345000019 ], [ 92.147116805000095, 26.15926849100001 ], [ 92.14667930400671, 26.159927350766665 ], [ 92.147195390754717, 26.159758075874517 ], [ 92.148490154596985, 26.159532804695207 ], [ 92.151020651681748, 26.159287677384402 ], [ 92.151817836823824, 26.159641388839106 ], [ 92.153204370185634, 26.160733433801031 ], [ 92.153347288646529, 26.160935503370819 ], [ 92.1535518259561, 26.163175191182209 ], [ 92.154221189556296, 26.167098498896646 ], [ 92.15451310139855, 26.168091202946719 ], [ 92.15526991237661, 26.169704273733352 ], [ 92.155424860169163, 26.169876100002032 ], [ 92.15591908979421, 26.170120747974224 ], [ 92.156612143335792, 26.170430782055032 ], [ 92.15680543282447, 26.170517385868752 ], [ 92.157480810191302, 26.170755365367881 ], [ 92.157875601777661, 26.170826389326507 ], [ 92.158238480021907, 26.170826945107439 ], [ 92.158658175634315, 26.170814193620195 ], [ 92.159113364790016, 26.170694253736926 ], [ 92.159811089410312, 26.170367259341631 ], [ 92.160979127984447, 26.169684051577757 ], [ 92.163708586582075, 26.166944885697951 ], [ 92.163781205937937, 26.166843627431469 ], [ 92.165528740658857, 26.164405933187318 ], [ 92.166231377376207, 26.163564067927414 ], [ 92.166875829755753, 26.162788960242356 ] ] ] } },
{ "type": "Feature", "properties": { "District": "322", "Subdistt": "02130", "Town/Village": "303560", "Name": "Gaon Dimoria", "TRU": "Rural", "No_HH": 339, "TOT_P": 1616, "TOT_M": 835, "TOT_F": 781, "P_06": 242, "P_SC": 1352, "P_ST": 0, "pc11_s_id": "18", "pc11_d_id": "322", "pc11_sd_id": "02130", "pc11_tv_id": "303560", "tv_name": "Gaon Dimoria", "mdds_og": 0, "total_area_sqm": 2079963.5213072414, "total_area_ha": 207.99635213072415, "flood_area_1998": 1865277.6846275839, "flood_pct_1998": 89.678384525478165, "exposed_pop_1998": 1449, "flood_area_1999": 1817298.2649503327, "flood_pct_1999": 87.371641201100232, "exposed_pop_1999": 1412, "flood_area_2004": 2029002.5910690469, "flood_pct_2004": 97.549912307780957, "exposed_pop_2004": 1576, "flood_area_2012": 1908006.0832017006, "flood_pct_2012": 91.732670484650285, "exposed_pop_2012": 1482, "flood_area_2013": 1370490.2690677494, "flood_pct_2013": 65.890110813405357, "exposed_pop_2013": 1065, "flood_years_exposed": 5, "flood_frequency": 1.0, "max_flood_exposure_pct": 97.549912307780957, "exposure_note": "ESTIMATE: spatial overlap with historical flood inundation polygons only. NOT actual people affected." }, "geometry": { "type": "Polygon", "coordinates": [ [ [ 92.142735874860819, 26.163141280445856 ], [ 92.14152407200001, 26.162328513999977 ], [ 92.141284499000079, 26.162161417 ], [ 92.140371031000086, 26.16152322600005 ], [ 92.139506457000039, 26.161123377 ], [ 92.138652553, 26.160773574000107 ], [ 92.137370099000023, 26.160333837000049 ], [ 92.135027747000024, 26.15977159800007 ], [ 92.134076046000061, 26.159496955000083 ], [ 92.133395600000071, 26.159377386000049 ], [ 92.132676574000087, 26.159320856000079 ], [ 92.131718836000061, 26.159233359000034 ], [ 92.128827010000066, 26.159305584000059 ], [ 92.127552831000074, 26.159311683000031 ], [ 92.126785948000034, 26.159242901000024 ], [ 92.125621121000023, 26.159192083000082 ], [ 92.124421733000077, 26.159138675000015 ], [ 92.122488162000053, 26.159059245000016 ], [ 92.120629208000082, 26.158777986000104 ], [ 92.118846325000092, 26.158494418 ], [ 92.11819964200005, 26.158374242 ], [ 92.118796544000062, 26.159115413000045 ], [ 92.119713350000069, 26.159873278000045 ], [ 92.120267099000046, 26.160276286000084 ], [ 92.121042716, 26.160838306000045 ], [ 92.122504070000048, 26.162256498000058 ], [ 92.12403071500006, 26.164262451000031 ], [ 92.12473461600004, 26.165202910000041 ], [ 92.125701768000027, 26.166779277 ], [ 92.126566455000074, 26.168203838000093 ], [ 92.127289967000081, 26.16910692400003 ], [ 92.127305617000047, 26.16916129 ], [ 92.127866775000115, 26.169689128000062 ], [ 92.128738596000034, 26.170352914 ], [ 92.130102075000053, 26.171063345000078 ], [ 92.130669192000084, 26.171409284000013 ], [ 92.131334695000078, 26.171912412999987 ], [ 92.131661541000113, 26.172159328000077 ], [ 92.132303795000055, 26.172918404 ], [ 92.132336391000095, 26.172990101999982 ], [ 92.13300394400008, 26.173513649000046 ], [ 92.134201001974688, 26.174455630423044 ], [ 92.134805455207669, 26.173648450215836 ], [ 92.13493098167956, 26.173413709175364 ], [ 92.135211636707751, 26.171907663108218 ], [ 92.135236761967036, 26.171552576590251 ], [ 92.135334535360599, 26.17125650088683 ], [ 92.135807630917469, 26.170888185341568 ], [ 92.139118968865404, 26.168155396554393 ], [ 92.139783709950336, 26.167185572156448 ], [ 92.142141378022217, 26.164052534696758 ], [ 92.142735874860819, 26.163141280445856 ] ] ] } },
{ "type": "Feature", "properties": { "District": "322", "Subdistt": "02130", "Town/Village": "303561", "Name": "Niz-Dimoria", "TRU": "Rural", "No_HH": 206, "TOT_P": 1086, "TOT_M": 553, "TOT_F": 533, "P_06": 180, "P_SC": 1047, "P_ST": 2, "pc11_s_id": "18", "pc11_d_id": "322", "pc11_sd_id": "02130", "pc11_tv_id": "303561", "tv_name": "Niz-Dimoria", "mdds_og": 0, "total_area_sqm": 3184480.7437736867, "total_area_ha": 318.4480743773687, "flood_area_1998": 3022997.0075057554, "flood_pct_1998": 94.92904026555459, "exposed_pop_1998": 1031, "flood_area_1999": 2954058.6289976081, "flood_pct_1999": 92.764217047736864, "exposed_pop_1999": 1007, "flood_area_2004": 3184480.7437736867, "flood_pct_2004": 100.0, "exposed_pop_2004": 1086, "flood_area_2012": 2599636.1158690685, "flood_pct_2012": 81.634537151838344, "exposed_pop_2012": 887, "flood_area_2013": 2071566.2444006172, "flood_pct_2013": 65.051931887198705, "exposed_pop_2013": 706, "flood_years_exposed": 5, "flood_frequency": 1.0, "max_flood_exposure_pct": 100.0, "exposure_note": "ESTIMATE: spatial overlap with historical flood inundation polygons only. NOT actual people affected." }, "geometry": { "type": "Polygon", "coordinates": [ [ [ 92.14667930400671, 26.159927350766665 ], [ 92.147116805000095, 26.15926849100001 ], [ 92.147325996000092, 26.158943345000019 ], [ 92.147694894000054, 26.158367917000103 ], [ 92.149282832000083, 26.155889461000026 ], [ 92.14982635600002, 26.154978213000035 ], [ 92.149869777000063, 26.154765232 ], [ 92.149839134000018, 26.154591281 ], [ 92.149713915000035, 26.154282114000083 ], [ 92.14870727400006, 26.154602881000066 ], [ 92.148324013000064, 26.15469285400005 ], [ 92.148081032000022, 26.154699789000091 ], [ 92.147871077000062, 26.15459516500005 ], [ 92.147443313000025, 26.154196508000016 ], [ 92.146913007000109, 26.153689069000041 ], [ 92.146330720000066, 26.153373639000055 ], [ 92.144653346000013, 26.152698667000074 ], [ 92.143949309000021, 26.152356687000022 ], [ 92.143363083000025, 26.151943991000071 ], [ 92.142676682000072, 26.152380567000044 ], [ 92.140874681000099, 26.152999566000101 ], [ 92.139871353000032, 26.153360034000084 ], [ 92.139306972000057, 26.153415943 ], [ 92.138877851000075, 26.153427164000043 ], [ 92.136131212000109, 26.153104967000029 ], [ 92.135357060000089, 26.152967618000034 ], [ 92.133671357000054, 26.15266855199998 ], [ 92.132324342000075, 26.152364723000066 ], [ 92.131779202000089, 26.152079835000031 ], [ 92.130495395000082, 26.151614691000091 ], [ 92.128961487000097, 26.151155154 ], [ 92.127632377000083, 26.150869483000072 ], [ 92.127498939000048, 26.150852613 ], [ 92.124452126000023, 26.149707784000054 ], [ 92.123772679000027, 26.149589435000031 ], [ 92.122869825000109, 26.149381117000114 ], [ 92.121152507000033, 26.149068436000089 ], [ 92.118669391000111, 26.148554100000077 ], [ 92.117279482000043, 26.148151614 ], [ 92.11660914400008, 26.147922492000042 ], [ 92.115379293000018, 26.147501368000103 ], [ 92.113452845000054, 26.147043928000091 ], [ 92.113252250000073, 26.148151249000051 ], [ 92.11320111900001, 26.148434712000057 ], [ 92.113105463000096, 26.151032467000057 ], [ 92.113106829000031, 26.151468180000048 ], [ 92.113211674000084, 26.151937697000083 ], [ 92.114165183000111, 26.153630319000065 ], [ 92.115603884000038, 26.15543079300009 ], [ 92.115966155000081, 26.155832516000022 ], [ 92.117707205000073, 26.15776255900002 ], [ 92.11819964200005, 26.158374242 ], [ 92.118846325000092, 26.158494418 ], [ 92.120629208000082, 26.158777986000104 ], [ 92.122488162000053, 26.159059245000016 ], [ 92.124421733000077, 26.159138675000015 ], [ 92.125621121000023, 26.159192083000082 ], [ 92.126785948000034, 26.159242901000024 ], [ 92.127552831000074, 26.159311683000031 ], [ 92.128827010000066, 26.159305584000059 ], [ 92.131718836000061, 26.159233359000034 ], [ 92.132676574000087, 26.159320856000079 ], [ 92.133395600000071, 26.159377386000049 ], [ 92.134076046000061, 26.159496955000083 ], [ 92.135027747000024, 26.15977159800007 ], [ 92.137370099000023, 26.160333837000049 ], [ 92.138652553, 26.160773574000107 ], [ 92.139506457000039, 26.161123377 ], [ 92.140371031000086, 26.16152322600005 ], [ 92.141284499000079, 26.162161417 ], [ 92.14152407200001, 26.162328513999977 ], [ 92.142735874860819, 26.163141280445856 ], [ 92.143433995182818, 26.162074641331667 ], [ 92.143842358438206, 26.1615386202112 ], [ 92.144397957799555, 26.161095293113323 ], [ 92.14667930400671, 26.159927350766665 ] ] ] } },
{ "type": "Feature", "properties": { "District": "322", "Subdistt": "02130", "Town/Village": "303562", "Name": "Ullani", "TRU": "Rural", "No_HH": 115, "TOT_P": 518, "TOT_M": 268, "TOT_F": 250, "P_06": 63, "P_SC": 0, "P_ST": 0, "pc11_s_id": "18", "pc11_d_id": "322", "pc11_sd_id": "02130", "pc11_tv_id": "303562", "tv_name": "Ullani", "mdds_og": 0, "total_area_sqm": 2281014.7643798855, "total_area_ha": 228.10147643798854, "flood_area_1998": 1789128.7035566992, "flood_pct_1998": 78.435647655401738, "exposed_pop_1998": 406, "flood_area_1999": 1382464.2827337589, "flood_pct_1999": 60.607423692393084, "exposed_pop_1999": 314, "flood_area_2004": 1905213.7466154967, "flood_pct_2004": 83.524831858484106, "exposed_pop_2004": 433, "flood_area_2012": 1023240.8747058181, "flood_pct_2012": 44.859020234531251, "exposed_pop_2012": 232, "flood_area_2013": 528432.29367627774, "flood_pct_2013": 23.166544203405749, "exposed_pop_2013": 120, "flood_years_exposed": 5, "flood_frequency": 1.0, "max_flood_exposure_pct": 83.524831858484106, "exposure_note": "ESTIMATE: spatial overlap with historical flood inundation polygons only. NOT actual people affected." }, "geometry": { "type": "Polygon", "coordinates": [ [ [ 92.114512672000046, 26.113513934000025 ], [ 92.114352846000031, 26.112952061000044 ], [ 92.112973857000043, 26.114383700000076 ], [ 92.111825580000072, 26.115377806000026 ], [ 92.111231770000074, 26.115809635000062 ], [ 92.109701948000065, 26.11664448700003 ], [ 92.108411351000086, 26.117380118000028 ], [ 92.106647792000047, 26.118857866000042 ], [ 92.107404192000047, 26.120973706000029 ], [ 92.107608548000087, 26.121463365000068 ], [ 92.107613169000047, 26.121772956000029 ], [ 92.10759633400005, 26.122190962000047 ], [ 92.107552811000062, 26.122846816000049 ], [ 92.106992055000035, 26.124315013000057 ], [ 92.106814116000066, 26.124863404000052 ], [ 92.106808821000072, 26.124919677000037 ], [ 92.106751149000047, 26.125573669000062 ], [ 92.106775843000037, 26.126450343000045 ], [ 92.106815275000031, 26.127829409000071 ], [ 92.106903167000041, 26.129055048000055 ], [ 92.10775475500003, 26.132772936000038 ], [ 92.108233120000079, 26.134682548000058 ], [ 92.10872676200006, 26.135330374000034 ], [ 92.109722893000082, 26.136443351000025 ], [ 92.110118902000067, 26.136965208000049 ], [ 92.110414152000033, 26.137433408000049 ], [ 92.110648826000045, 26.138084714000058 ], [ 92.111507994000078, 26.140224215000046 ], [ 92.112276370000075, 26.142865396000047 ], [ 92.113186043000042, 26.144634129000053 ], [ 92.113195157000064, 26.144661481000071 ], [ 92.113387815000067, 26.145284457000059 ], [ 92.11351157200005, 26.145718131000024 ], [ 92.113486011000077, 26.146862379000027 ], [ 92.11345284500004, 26.147043928000073 ], [ 92.115379293000046, 26.147501368000064 ], [ 92.116609144000051, 26.147922492000077 ], [ 92.116796496000063, 26.146745586000065 ], [ 92.116939546000083, 26.146142401000077 ], [ 92.117112698000085, 26.145412865000026 ], [ 92.11719396500007, 26.144342739000024 ], [ 92.117160353000031, 26.141925987000036 ], [ 92.116687732000059, 26.139206862000037 ], [ 92.11616200800006, 26.137354647000052 ], [ 92.115464687000042, 26.135739168000043 ], [ 92.114945158000069, 26.134312536000039 ], [ 92.114602274000049, 26.132575709000037 ], [ 92.114426391000052, 26.131293303000064 ], [ 92.114700356000071, 26.125881813000035 ], [ 92.11480974400007, 26.124851612000043 ], [ 92.114910839000061, 26.123904121000066 ], [ 92.114960637000081, 26.123436752000032 ], [ 92.114895833000048, 26.120922593000046 ], [ 92.114713294000069, 26.119317715000022 ], [ 92.114740601000051, 26.117090155000028 ], [ 92.114683341000045, 26.114391140000066 ], [ 92.114512672000046, 26.113513934000025 ] ] ] } },
{ "type": "Feature", "properties": { "District": "322", "Subdistt": "02130", "Town/Village": "303563", "Name": "Tamhalong", "TRU": "Rural", "No_HH": 53, "TOT_P": 230, "TOT_M": 110, "TOT_F": 120, "P_06": 18, "P_SC": 0, "P_ST": 36, "pc11_s_id": "18", "pc11_d_id": "322", "pc11_sd_id": "02130", "pc11_tv_id": "303563", "tv_name": "Tamhalong", "mdds_og": 0, "total_area_sqm": 1680549.544236891, "total_area_ha": 168.05495442368911, "flood_area_1998": 1267753.4627521329, "flood_pct_1998": 75.436839520717498, "exposed_pop_1998": 174, "flood_area_1999": 1039418.9777984873, "flood_pct_1999": 61.849945534957129, "exposed_pop_1999": 142, "flood_area_2004": 1296083.3429107058, "flood_pct_2004": 77.122590485675644, "exposed_pop_2004": 177, "flood_area_2012": 844996.12686823308, "flood_pct_2012": 50.280941122264352, "exposed_pop_2012": 116, "flood_area_2013": 719639.52994623152, "flood_pct_2013": 42.821678921284501, "exposed_pop_2013": 98, "flood_years_exposed": 5, "flood_frequency": 1.0, "max_flood_exposure_pct": 77.122590485675644, "exposure_note": "ESTIMATE: spatial overlap with historical flood inundation polygons only. NOT actual people affected." }, "geometry": { "type": "Polygon", "coordinates": [ [ [ 92.117408510000075, 26.111907792000068 ], [ 92.116810595000061, 26.110534552000047 ], [ 92.116482848000032, 26.109602907000067 ], [ 92.116351790000067, 26.109461103000058 ], [ 92.116184751000048, 26.109462450000024 ], [ 92.115987355000073, 26.109464030000026 ], [ 92.115882083000031, 26.109464867000042 ], [ 92.115620235000051, 26.109562202000063 ], [ 92.114822772000082, 26.110186719000069 ], [ 92.114407076000077, 26.11072899900006 ], [ 92.113992784000061, 26.111239646000058 ], [ 92.113515613000061, 26.111863243000073 ], [ 92.113967346000038, 26.111808560000043 ], [ 92.114220906000071, 26.111837123000043 ], [ 92.114316769000084, 26.111867021000023 ], [ 92.114623832000063, 26.112028544000054 ], [ 92.114696465000065, 26.112161334000064 ], [ 92.11469082900004, 26.112304316000063 ], [ 92.114634588000058, 26.112499613000068 ], [ 92.114352846000031, 26.112952061000044 ], [ 92.114512672000046, 26.113513934000025 ], [ 92.114683341000045, 26.114391140000066 ], [ 92.114740601000051, 26.117090155000028 ], [ 92.114713294000069, 26.119317715000022 ], [ 92.114895833000048, 26.120922593000046 ], [ 92.114960637000081, 26.123436752000032 ], [ 92.114910839000061, 26.123904121000066 ], [ 92.11480974400007, 26.124851612000043 ], [ 92.114700356000071, 26.125881813000035 ], [ 92.114426391000052, 26.131293303000064 ], [ 92.114602274000049, 26.132575709000037 ], [ 92.114945158000069, 26.134312536000039 ], [ 92.115464687000042, 26.135739168000043 ], [ 92.11616200800006, 26.137354647000052 ], [ 92.116687732000059, 26.139206862000037 ], [ 92.117160353000031, 26.141925987000036 ], [ 92.11719396500007, 26.144342739000024 ], [ 92.117112698000085, 26.145412865000026 ], [ 92.116939546000083, 26.146142401000077 ], [ 92.116796496000063, 26.146745586000065 ], [ 92.116609144000051, 26.147922492000077 ], [ 92.117279482000072, 26.148151614000028 ], [ 92.118669391000083, 26.148554100000069 ], [ 92.121152507000033, 26.14906843600005 ], [ 92.122869825000066, 26.149381117000075 ], [ 92.123772679000069, 26.149589435000053 ], [ 92.124452126000051, 26.149707784000043 ], [ 92.123721969000087, 26.148536665000051 ], [ 92.123563194000042, 26.148261761000072 ], [ 92.122846087000084, 26.147437058000037 ], [ 92.12188801700006, 26.145292942000026 ], [ 92.120765704000064, 26.141814167000064 ], [ 92.120074135000038, 26.139123215000041 ], [ 92.119391480000047, 26.136216920000038 ], [ 92.119107702000065, 26.135304734000044 ], [ 92.118935785000076, 26.134230817000059 ], [ 92.118945273000065, 26.129646798000067 ], [ 92.11897054700006, 26.12548285400004 ], [ 92.118864415000075, 26.124490697000056 ], [ 92.118792523000081, 26.123816188000035 ], [ 92.118691874000035, 26.123514149000073 ], [ 92.118534005000072, 26.123043689000042 ], [ 92.118321800000047, 26.122254566000038 ], [ 92.118098446000033, 26.120230382000045 ], [ 92.118072866000034, 26.119953643000031 ], [ 92.117823342000065, 26.117184792000046 ], [ 92.117616189000046, 26.114732196000034 ], [ 92.117477206000046, 26.112477333000072 ], [ 92.117408510000075, 26.111907792000068 ] ] ] } },
{ "type": "Feature", "properties": { "District": "322", "Subdistt": "02130", "Town/Village": "303564", "Name": "Uttar Dimoria", "TRU": "Rural", "No_HH": 295, "TOT_P": 1494, "TOT_M": 754, "TOT_F": 740, "P_06": 199, "P_SC": 790, "P_ST": 117, "pc11_s_id": "18", "pc11_d_id": "322", "pc11_sd_id": "02130", "pc11_tv_id": "303564", "tv_name": "Uttar Dimoria", "mdds_og": 0, "total_area_sqm": 4057668.8264547391, "total_area_ha": 405.76688264547391, "flood_area_1998": 3411299.0247087367, "flood_pct_1998": 84.070415073505458, "exposed_pop_1998": 1256, "flood_area_1999": 2559598.079732432, "flood_pct_1999": 63.080507286465782, "exposed_pop_1999": 942, "flood_area_2004": 3926907.6736627258, "flood_pct_2004": 96.777431614440999, "exposed_pop_2004": 1446, "flood_area_2012": 1096783.7643224623, "flood_pct_2012": 27.029898476972125, "exposed_pop_2012": 404, "flood_area_2013": 520444.08247477002, "flood_pct_2013": 12.82618431256973, "exposed_pop_2013": 192, "flood_years_exposed": 5, "flood_frequency": 1.0, "max_flood_exposure_pct": 96.777431614440999, "exposure_note": "ESTIMATE: spatial overlap with historical flood inundation polygons only. NOT actual people affected." }, "geometry": { "type": "Polygon", "coordinates": [ [ [ 92.132939497000052, 26.135169807000068 ], [ 92.134976096000059, 26.135061363000034 ], [ 92.135159883000085, 26.135057237000069 ], [ 92.135373862000051, 26.135006133000047 ], [ 92.135718817000054, 26.134872122000047 ], [ 92.135930188000032, 26.134835795000072 ], [ 92.136456901000031, 26.134855428000037 ], [ 92.137413670000058, 26.135005031000048 ], [ 92.138467836000075, 26.134936591000042 ], [ 92.141931998000075, 26.134996966000074 ], [ 92.142105905000051, 26.134927669000035 ], [ 92.142328203000034, 26.134838303000038 ], [ 92.142047327000057, 26.134214749000023 ], [ 92.141923674000054, 26.133692470000028 ], [ 92.141883729000085, 26.132764890000033 ], [ 92.141866876000051, 26.131096460000037 ], [ 92.141788670000039, 26.130455572000074 ], [ 92.140864084000043, 26.127631490000056 ], [ 92.140149799000085, 26.126081117000069 ], [ 92.139323625000031, 26.124714203000053 ], [ 92.139050098000041, 26.124117972000079 ], [ 92.139009373000079, 26.123918177000064 ], [ 92.138974709000081, 26.123744516000045 ], [ 92.138939535000077, 26.123330320000036 ], [ 92.138727128000085, 26.123133979000045 ], [ 92.137057928000047, 26.123060148000036 ], [ 92.136391599000035, 26.122886191000077 ], [ 92.136337124000079, 26.12285152000004 ], [ 92.135873383000046, 26.122560964000058 ], [ 92.135436555000069, 26.122154114000068 ], [ 92.135215473000073, 26.121863941000072 ], [ 92.134591545000035, 26.119799818000047 ], [ 92.133317832000046, 26.116029165000043 ], [ 92.133096128000034, 26.115468923000037 ], [ 92.131092986000056, 26.115726811000059 ], [ 92.129668318000085, 26.115961889000062 ], [ 92.128212296000072, 26.116494018000026 ], [ 92.12423761000008, 26.117874981000057 ], [ 92.119695700000079, 26.119446295000046 ], [ 92.118072866000034, 26.119953643000031 ], [ 92.118098446000033, 26.120230382000045 ], [ 92.118321800000047, 26.122254566000038 ], [ 92.118534005000072, 26.123043689000042 ], [ 92.118691874000035, 26.123514149000073 ], [ 92.118792523000081, 26.123816188000035 ], [ 92.118864415000075, 26.124490697000056 ], [ 92.11897054700006, 26.12548285400004 ], [ 92.118945273000065, 26.129646798000067 ], [ 92.118935785000076, 26.134230817000059 ], [ 92.119107702000065, 26.135304734000044 ], [ 92.119391480000047, 26.136216920000038 ], [ 92.12020165000007, 26.136151561000077 ], [ 92.123991940000053, 26.135943367000039 ], [ 92.129611491000048, 26.135393810000039 ], [ 92.132939497000052, 26.135169807000068 ] ] ] } },
{ "type": "Feature", "properties": { "District": "322", "Subdistt": "02130", "Town/Village": "303565", "Name": "Dakhin Dimoria", "TRU": "Rural", "No_HH": 280, "TOT_P": 1339, "TOT_M": 673, "TOT_F": 666, "P_06": 156, "P_SC": 43, "P_ST": 690, "pc11_s_id": "18", "pc11_d_id": "322", "pc11_sd_id": "02130", "pc11_tv_id": "303565", "tv_name": "Dakhin Dimoria", "mdds_og": 0, "total_area_sqm": 1808230.1906572795, "total_area_ha": 180.82301906572795, "flood_area_1998": 0.0, "flood_pct_1998": 0.0, "exposed_pop_1998": 0, "flood_area_1999": 40223.328468830441, "flood_pct_1999": 2.2244584056087202, "exposed_pop_1999": 30, "flood_area_2004": 0.0, "flood_pct_2004": 0.0, "exposed_pop_2004": 0, "flood_area_2012": 0.0, "flood_pct_2012": 0.0, "exposed_pop_2012": 0, "flood_area_2013": 0.0, "flood_pct_2013": 0.0, "exposed_pop_2013": 0, "flood_years_exposed": 1, "flood_frequency": 0.2, "max_flood_exposure_pct": 2.2244584056087202, "exposure_note": "ESTIMATE: spatial overlap with historical flood inundation polygons only. NOT actual people affected." }, "geometry": { "type": "Polygon", "coordinates": [ [ [ 92.114822772000082, 26.110186719000069 ], [ 92.115620235000051, 26.109562202000063 ], [ 92.11554241400006, 26.109045154000057 ], [ 92.11555235700007, 26.108792066000035 ], [ 92.115625809000051, 26.108622130000072 ], [ 92.115723801000058, 26.108522937000032 ], [ 92.115821145000041, 26.10846609500004 ], [ 92.116354818000048, 26.108250314000031 ], [ 92.118217557000037, 26.107813263000025 ], [ 92.120433927000079, 26.107075304000034 ], [ 92.124388547000081, 26.105745419000073 ], [ 92.125812440000061, 26.105407100000036 ], [ 92.126435469000057, 26.105400655000039 ], [ 92.127394588000072, 26.105432643000029 ], [ 92.128825007000046, 26.105514812000024 ], [ 92.129122082000038, 26.105538815000045 ], [ 92.129752687000064, 26.106050989000039 ], [ 92.130316828000048, 26.105483689000039 ], [ 92.130519164000077, 26.105159937000053 ], [ 92.129756944000064, 26.104421739000031 ], [ 92.129508589000068, 26.10404195600006 ], [ 92.129267541000047, 26.103479629000049 ], [ 92.128815297000074, 26.101529676000041 ], [ 92.128427106000061, 26.100239439000063 ], [ 92.128039518000037, 26.098032807000038 ], [ 92.127853796000068, 26.097376952000047 ], [ 92.127526333000048, 26.096778001000075 ], [ 92.12728179700008, 26.096268990000056 ], [ 92.127236765000077, 26.096068750000029 ], [ 92.126768091000031, 26.096212662000028 ], [ 92.126434888000063, 26.096303809000062 ], [ 92.125825793000047, 26.096585972000071 ], [ 92.124666298000079, 26.097253361000071 ], [ 92.12448362300006, 26.097351842000023 ], [ 92.123981248000064, 26.097625830000027 ], [ 92.123651633000065, 26.097639720000075 ], [ 92.121217444000081, 26.097542156000031 ], [ 92.11965133700005, 26.097449506000032 ], [ 92.119096694000064, 26.097350854000069 ], [ 92.118785327000069, 26.097200032000046 ], [ 92.117606471000045, 26.096480368000073 ], [ 92.117007095000076, 26.096266888000059 ], [ 92.115633500000058, 26.096006332000059 ], [ 92.114266160000057, 26.095896524000068 ], [ 92.113598405000062, 26.095936748000042 ], [ 92.11336401300008, 26.096013790000029 ], [ 92.11325441200006, 26.096052290000046 ], [ 92.113117626000076, 26.096141784000054 ], [ 92.112982146000036, 26.096596129000034 ], [ 92.11291503800004, 26.098012134000044 ], [ 92.112582530000054, 26.101756543000079 ], [ 92.112690991000079, 26.102450352000062 ], [ 92.112777103000042, 26.103355133000036 ], [ 92.113225815000078, 26.106793312000036 ], [ 92.113464756000042, 26.108480364000059 ], [ 92.113633526000058, 26.10881278200003 ], [ 92.114822772000082, 26.110186719000069 ] ] ] } },
{ "type": "Feature", "properties": { "District": "322", "Subdistt": "02130", "Town/Village": "303566", "Name": "Dharbam", "TRU": "Rural", "No_HH": 433, "TOT_P": 1996, "TOT_M": 990, "TOT_F": 1006, "P_06": 239, "P_SC": 0, "P_ST": 375, "pc11_s_id": "18", "pc11_d_id": "322", "pc11_sd_id": "02130", "pc11_tv_id": "303566", "tv_name": "Dharbam", "mdds_og": 0, "total_area_sqm": 2801405.6164290579, "total_area_ha": 280.14056164290577, "flood_area_1998": 0.0, "flood_pct_1998": 0.0, "exposed_pop_1998": 0, "flood_area_1999": 138380.60973989544, "flood_pct_1999": 4.9396848827728395, "exposed_pop_1999": 99, "flood_area_2004": 0.0, "flood_pct_2004": 0.0, "exposed_pop_2004": 0, "flood_area_2012": 0.0, "flood_pct_2012": 0.0, "exposed_pop_2012": 0, "flood_area_2013": 0.0, "flood_pct_2013": 0.0, "exposed_pop_2013": 0, "flood_years_exposed": 1, "flood_frequency": 0.2, "max_flood_exposure_pct": 4.9396848827728395, "exposure_note": "ESTIMATE: spatial overlap with historical flood inundation polygons only. NOT actual people affected." }, "geometry": { "type": "Polygon", "coordinates": [ [ [ 92.095608408000032, 26.103370166000047 ], [ 92.095719522000081, 26.103557016000025 ], [ 92.096133843000075, 26.104682868000054 ], [ 92.096168225000042, 26.104797713000039 ], [ 92.096163842000067, 26.104913941000063 ], [ 92.09611080600007, 26.105030574000068 ], [ 92.096049857000082, 26.10509397800007 ], [ 92.09598055400005, 26.105115882000064 ], [ 92.095882283000037, 26.105116711000051 ], [ 92.09549383600006, 26.105078412000069 ], [ 92.095704245000036, 26.105443361000027 ], [ 92.096257222000077, 26.106011979000073 ], [ 92.097310027000049, 26.107147715000053 ], [ 92.098789708000083, 26.10932133600005 ], [ 92.099463352000043, 26.110371248000035 ], [ 92.099843472000032, 26.110836561000042 ], [ 92.101551440000037, 26.112631044000068 ], [ 92.102329596000061, 26.113501866000036 ], [ 92.103582112000083, 26.114325929000074 ], [ 92.103811424000071, 26.114470095000058 ], [ 92.10430326200003, 26.114581778000058 ], [ 92.105942818000074, 26.114711342000078 ], [ 92.10635810000008, 26.114707096000075 ], [ 92.106832850000046, 26.114599342000076 ], [ 92.108198082000058, 26.114074389000052 ], [ 92.110165734000077, 26.113247486000034 ], [ 92.112320129000068, 26.112204126000051 ], [ 92.113515613000061, 26.111863243000073 ], [ 92.113992784000061, 26.111239646000058 ], [ 92.114407076000077, 26.11072899900006 ], [ 92.114822772000082, 26.110186719000069 ], [ 92.113633526000058, 26.10881278200003 ], [ 92.113464756000042, 26.108480364000059 ], [ 92.113225815000078, 26.106793312000036 ], [ 92.112777103000042, 26.103355133000036 ], [ 92.112690991000079, 26.102450352000062 ], [ 92.112582530000054, 26.101756543000079 ], [ 92.11291503800004, 26.098012134000044 ], [ 92.112982146000036, 26.096596129000034 ], [ 92.112562121000053, 26.096300485000029 ], [ 92.111746847000063, 26.09602723200004 ], [ 92.109873159000074, 26.095164639000075 ], [ 92.108856642000035, 26.094699084000069 ], [ 92.108208583000078, 26.094489428000031 ], [ 92.10742639700004, 26.094303471000046 ], [ 92.105542262000085, 26.093860907000078 ], [ 92.102302474000055, 26.093200073000048 ], [ 92.100085670000055, 26.09275819000004 ], [ 92.098488213000053, 26.092445887000054 ], [ 92.096919767000031, 26.092311128000063 ], [ 92.09662329300005, 26.092312368000023 ], [ 92.096413232000032, 26.09234852000003 ], [ 92.096234054000035, 26.092443324000044 ], [ 92.095345503000033, 26.093097105000027 ], [ 92.095095406000041, 26.093356948000064 ], [ 92.094975611000052, 26.093640758000049 ], [ 92.09494856200007, 26.093794790000061 ], [ 92.094944982000072, 26.093900609000059 ], [ 92.094941361000053, 26.094007495000028 ], [ 92.095047007000062, 26.094112746000064 ], [ 92.095974675000036, 26.094580248000057 ], [ 92.098248808000051, 26.095570645000066 ], [ 92.10038995900004, 26.096423902000026 ], [ 92.102313760000072, 26.097226171000045 ], [ 92.102669448000086, 26.097448178000036 ], [ 92.102968227000076, 26.097752387000071 ], [ 92.103803913000036, 26.099092558000052 ], [ 92.104546627000047, 26.099945885000068 ], [ 92.105375719000051, 26.100824615000079 ], [ 92.105458554000052, 26.100965501000076 ], [ 92.105451922000043, 26.101140935000046 ], [ 92.105038616000058, 26.10239998000003 ], [ 92.104909429000031, 26.102611302000071 ], [ 92.104747948000067, 26.10277714800003 ], [ 92.104430101000048, 26.103002552000078 ], [ 92.102282360000061, 26.10401545600007 ], [ 92.10183470700008, 26.104183726000031 ], [ 92.101567505000048, 26.104255985000066 ], [ 92.099487256000032, 26.104414900000052 ], [ 92.098870008000063, 26.104443254000046 ], [ 92.098543714000073, 26.104362793000064 ], [ 92.097352009000076, 26.103902406000032 ], [ 92.096089142000039, 26.103358975000049 ], [ 92.095924333000085, 26.103360251000026 ], [ 92.095608408000032, 26.103370166000047 ] ] ] } },
{ "type": "Feature", "properties": { "District": "322", "Subdistt": "02130", "Town/Village": "303567", "Name": "Talani N.C.", "TRU": "Rural", "No_HH": 110, "TOT_P": 510, "TOT_M": 250, "TOT_F": 260, "P_06": 69, "P_SC": 44, "P_ST": 16, "pc11_s_id": "18", "pc11_d_id": "322", "pc11_sd_id": "02130", "pc11_tv_id": "303567", "tv_name": "Talani N.C.", "mdds_og": 0, "total_area_sqm": 5124441.6068305187, "total_area_ha": 512.4441606830519, "flood_area_1998": 0.0, "flood_pct_1998": 0.0, "exposed_pop_1998": 0, "flood_area_1999": 0.0, "flood_pct_1999": 0.0, "exposed_pop_1999": 0, "flood_area_2004": 0.0, "flood_pct_2004": 0.0, "exposed_pop_2004": 0, "flood_area_2012": 0.0, "flood_pct_2012": 0.0, "exposed_pop_2012": 0, "flood_area_2013": 0.0, "flood_pct_2013": 0.0, "exposed_pop_2013": 0, "flood_years_exposed": 0, "flood_frequency": 0.0, "max_flood_exposure_pct": 0.0, "exposure_note": "ESTIMATE: spatial overlap with historical flood inundation polygons only. NOT actual people affected." }, "geometry": { "type": "Polygon", "coordinates": [ [ [ 92.112562121000053, 26.096300485000029 ], [ 92.112460547000069, 26.096130014000039 ], [ 92.111671529000034, 26.093486295000048 ], [ 92.110845287000075, 26.09030529000006 ], [ 92.110537975000057, 26.089758888000063 ], [ 92.110316589000035, 26.088949475000049 ], [ 92.109888676000082, 26.084077919000038 ], [ 92.109579219000068, 26.081505003000075 ], [ 92.109433122000041, 26.080065454000078 ], [ 92.107515474000081, 26.079740921000052 ], [ 92.10344002800008, 26.078916753000044 ], [ 92.101425038000059, 26.07833766400006 ], [ 92.096552949000056, 26.076557422000064 ], [ 92.093390692000071, 26.075573844000075 ], [ 92.092328972000075, 26.075213935000079 ], [ 92.091151490000072, 26.07502349300006 ], [ 92.090011938000032, 26.075098807000074 ], [ 92.087883250000061, 26.075563367000029 ], [ 92.087255033000076, 26.075734874000034 ], [ 92.08819870700006, 26.076749094000036 ], [ 92.088305323000043, 26.076910435000059 ], [ 92.088355719000049, 26.077300107000042 ], [ 92.088343128000076, 26.078107707000072 ], [ 92.087995827000043, 26.080120635000071 ], [ 92.087302924000085, 26.083317159000046 ], [ 92.087092355000038, 26.084099230000049 ], [ 92.087045874000069, 26.085175917000072 ], [ 92.087067754000032, 26.08763028900006 ], [ 92.087151375000076, 26.088127615000076 ], [ 92.088576345000035, 26.092330503000028 ], [ 92.089165265000076, 26.093702151000059 ], [ 92.089410286000032, 26.094109020000076 ], [ 92.090257603000055, 26.094876279000061 ], [ 92.091045619000056, 26.095687804000079 ], [ 92.091752763000045, 26.09659072900007 ], [ 92.092295160000049, 26.09759615300004 ], [ 92.093241199000033, 26.099586471000066 ], [ 92.094137294000063, 26.101283177000028 ], [ 92.095024002000059, 26.102705727000057 ], [ 92.095496300000036, 26.103183299000023 ], [ 92.095608408000032, 26.103370166000047 ], [ 92.095924333000085, 26.103360251000026 ], [ 92.096089142000039, 26.103358975000049 ], [ 92.097352009000076, 26.103902406000032 ], [ 92.098543714000073, 26.104362793000064 ], [ 92.098870008000063, 26.104443254000046 ], [ 92.099487256000032, 26.104414900000052 ], [ 92.101567505000048, 26.104255985000066 ], [ 92.10183470700008, 26.104183726000031 ], [ 92.102282360000061, 26.10401545600007 ], [ 92.104430101000048, 26.103002552000078 ], [ 92.104747948000067, 26.10277714800003 ], [ 92.104909429000031, 26.102611302000071 ], [ 92.105038616000058, 26.10239998000003 ], [ 92.105451922000043, 26.101140935000046 ], [ 92.105458554000052, 26.100965501000076 ], [ 92.105375719000051, 26.100824615000079 ], [ 92.104546627000047, 26.099945885000068 ], [ 92.103803913000036, 26.099092558000052 ], [ 92.102968227000076, 26.097752387000071 ], [ 92.102669448000086, 26.097448178000036 ], [ 92.102313760000072, 26.097226171000045 ], [ 92.10038995900004, 26.096423902000026 ], [ 92.098248808000051, 26.095570645000066 ], [ 92.095974675000036, 26.094580248000057 ], [ 92.095047007000062, 26.094112746000064 ], [ 92.094941361000053, 26.094007495000028 ], [ 92.094944982000072, 26.093900609000059 ], [ 92.09494856200007, 26.093794790000061 ], [ 92.094975611000052, 26.093640758000049 ], [ 92.095095406000041, 26.093356948000064 ], [ 92.095345503000033, 26.093097105000027 ], [ 92.096234054000035, 26.092443324000044 ], [ 92.096413232000032, 26.09234852000003 ], [ 92.09662329300005, 26.092312368000023 ], [ 92.096919767000031, 26.092311128000063 ], [ 92.098488213000053, 26.092445887000054 ], [ 92.100085670000055, 26.09275819000004 ], [ 92.102302474000055, 26.093200073000048 ], [ 92.105542262000085, 26.093860907000078 ], [ 92.10742639700004, 26.094303471000046 ], [ 92.108208583000078, 26.094489428000031 ], [ 92.108856642000035, 26.094699084000069 ], [ 92.109873159000074, 26.095164639000075 ], [ 92.111746847000063, 26.09602723200004 ], [ 92.112562121000053, 26.096300485000029 ] ] ] } },
{ "type": "Feature", "properties": { "District": "322", "Subdistt": "02130", "Town/Village": "303568", "Name": "Killing N.C.", "TRU": "Rural", "No_HH": 51, "TOT_P": 258, "TOT_M": 129, "TOT_F": 129, "P_06": 39, "P_SC": 1, "P_ST": 0, "pc11_s_id": "18", "pc11_d_id": "322", "pc11_sd_id": "02130", "pc11_tv_id": "303568", "tv_name": "Killing N.C.", "mdds_og": 0, "total_area_sqm": 1813268.163017462, "total_area_ha": 181.32681630174619, "flood_area_1998": 471588.953696699, "flood_pct_1998": 26.007678473322287, "exposed_pop_1998": 67, "flood_area_1999": 929212.76097128191, "flood_pct_1999": 51.245192516090817, "exposed_pop_1999": 132, "flood_area_2004": 278619.22361357836, "flood_pct_2004": 15.365582945543352, "exposed_pop_2004": 40, "flood_area_2012": 0.0, "flood_pct_2012": 0.0, "exposed_pop_2012": 0, "flood_area_2013": 0.0, "flood_pct_2013": 0.0, "exposed_pop_2013": 0, "flood_years_exposed": 3, "flood_frequency": 0.6, "max_flood_exposure_pct": 51.245192516090817, "exposure_note": "ESTIMATE: spatial overlap with historical flood inundation polygons only. NOT actual people affected." }, "geometry": { "type": "Polygon", "coordinates": [ [ [ 92.115620235000051, 26.109562202000063 ], [ 92.115882083000031, 26.109464867000042 ], [ 92.115987355000073, 26.109464030000026 ], [ 92.116184751000048, 26.109462450000024 ], [ 92.116351790000067, 26.109461103000058 ], [ 92.116482848000032, 26.109602907000067 ], [ 92.116810595000061, 26.110534552000047 ], [ 92.117408510000075, 26.111907792000068 ], [ 92.117477206000046, 26.112477333000072 ], [ 92.117616189000046, 26.114732196000034 ], [ 92.117823342000065, 26.117184792000046 ], [ 92.118072866000034, 26.119953643000031 ], [ 92.119695700000079, 26.119446295000046 ], [ 92.12423761000008, 26.117874981000057 ], [ 92.128212296000072, 26.116494018000026 ], [ 92.129668318000085, 26.115961889000062 ], [ 92.131092986000056, 26.115726811000059 ], [ 92.133096128000034, 26.115468923000037 ], [ 92.132260086000031, 26.113351416000057 ], [ 92.131297628000084, 26.110125349000043 ], [ 92.130690950000087, 26.10772287900005 ], [ 92.130444526000076, 26.106941246000076 ], [ 92.130236409000076, 26.106599340000059 ], [ 92.129752687000064, 26.106050989000039 ], [ 92.129122082000038, 26.105538815000045 ], [ 92.128825007000046, 26.105514812000024 ], [ 92.127394588000072, 26.105432643000029 ], [ 92.126435469000057, 26.105400655000039 ], [ 92.125812440000061, 26.105407100000036 ], [ 92.124388547000081, 26.105745419000073 ], [ 92.120433927000079, 26.107075304000034 ], [ 92.118217557000037, 26.107813263000025 ], [ 92.116354818000048, 26.108250314000031 ], [ 92.115821145000041, 26.10846609500004 ], [ 92.115723801000058, 26.108522937000032 ], [ 92.115625809000051, 26.108622130000072 ], [ 92.11555235700007, 26.108792066000035 ], [ 92.11554241400006, 26.109045154000057 ], [ 92.115620235000051, 26.109562202000063 ] ] ] } },
{ "type": "Feature", "properties": { "District": "322", "Subdistt": "02130", "Town/Village": "303569", "Name": "Kahikuchi", "TRU": "Rural", "No_HH": 487, "TOT_P": 2211, "TOT_M": 1090, "TOT_F": 1121, "P_06": 268, "P_SC": 0, "P_ST": 235, "pc11_s_id": "18", "pc11_d_id": "322", "pc11_sd_id": "02130", "pc11_tv_id": "303569", "tv_name": "Kahikuchi", "mdds_og": 0, "total_area_sqm": 4117288.6536788321, "total_area_ha": 411.7288653678832, "flood_area_1998": 2373828.7418350591, "flood_pct_1998": 57.655144963276328, "exposed_pop_1998": 1275, "flood_area_1999": 2152815.6065906393, "flood_pct_1999": 52.287215876085845, "exposed_pop_1999": 1156, "flood_area_2004": 2690648.0174179673, "flood_pct_2004": 65.349997139837427, "exposed_pop_2004": 1445, "flood_area_2012": 641287.06055714947, "flood_pct_2012": 15.57547003618884, "exposed_pop_2012": 344, "flood_area_2013": 427767.34618516616, "flood_pct_2013": 10.38953986874232, "exposed_pop_2013": 230, "flood_years_exposed": 5, "flood_frequency": 1.0, "max_flood_exposure_pct": 65.349997139837427, "exposure_note": "ESTIMATE: spatial overlap with historical flood inundation polygons only. NOT actual people affected." }, "geometry": { "type": "Polygon", "coordinates": [ [ [ 92.169676972414379, 26.123318276817109 ], [ 92.170230357644911, 26.120414308373707 ], [ 92.17082667561067, 26.117089545346328 ], [ 92.171490790767407, 26.114133126642525 ], [ 92.172546498622054, 26.111363269599241 ], [ 92.172606631790728, 26.111194308570518 ], [ 92.171305425000043, 26.111215504000018 ], [ 92.169587313000093, 26.111306606 ], [ 92.16700282100004, 26.111163924000014 ], [ 92.163402067000092, 26.110932823999988 ], [ 92.160219211000083, 26.110816028 ], [ 92.158941684000069, 26.110588350000086 ], [ 92.157760118000098, 26.110177712000038 ], [ 92.154032559000058, 26.109413769000067 ], [ 92.15120889500011, 26.108791089000061 ], [ 92.149555115000055, 26.108601344000082 ], [ 92.149147318000061, 26.108608328000038 ], [ 92.148645666000021, 26.108762282999987 ], [ 92.147144058000038, 26.109569622 ], [ 92.145148501000037, 26.111264960000025 ], [ 92.144452449000084, 26.11198125700005 ], [ 92.143054782, 26.11314851 ], [ 92.1425020840001, 26.113558905000023 ], [ 92.142246182000065, 26.113944188000104 ], [ 92.141785394000038, 26.11481053400011 ], [ 92.141249388000105, 26.116592475000022 ], [ 92.140811676000027, 26.118593651000044 ], [ 92.140444385000109, 26.120129083000077 ], [ 92.140194627000056, 26.120803780000035 ], [ 92.139177916000037, 26.122197466000063 ], [ 92.138906516000048, 26.122761673000028 ], [ 92.138727128000042, 26.123133979000013 ], [ 92.138939535000119, 26.12333032 ], [ 92.139485235000066, 26.123087140000045 ], [ 92.13990535100001, 26.122887482000046 ], [ 92.140437066000032, 26.122739113000026 ], [ 92.144468705000108, 26.122717136000073 ], [ 92.150485213000081, 26.122931530000049 ], [ 92.157033564000116, 26.122890833000056 ], [ 92.162488762000109, 26.123082508000017 ], [ 92.16419555600001, 26.122994447000014 ], [ 92.165129137000079, 26.123056973000036 ], [ 92.166048870000054, 26.123090574000063 ], [ 92.166939269000096, 26.123153950000066 ], [ 92.16873384100009, 26.123192474000057 ], [ 92.169676972414379, 26.123318276817109 ] ] ] } },
{ "type": "Feature", "properties": { "District": "322", "Subdistt": "02130", "Town/Village": "303570", "Name": "Topatoli Gaon", "TRU": "Rural", "No_HH": 730, "TOT_P": 3505, "TOT_M": 1767, "TOT_F": 1738, "P_06": 424, "P_SC": 59, "P_ST": 754, "pc11_s_id": "18", "pc11_d_id": "322", "pc11_sd_id": "02130", "pc11_tv_id": "303570", "tv_name": "Topatoli Gaon", "mdds_og": 0, "total_area_sqm": 3841119.745677813, "total_area_ha": 384.11197456778132, "flood_area_1998": 269824.57796650368, "flood_pct_1998": 7.0246333317288912, "exposed_pop_1998": 246, "flood_area_1999": 960346.79752681323, "flood_pct_1999": 25.00174066709155, "exposed_pop_1999": 876, "flood_area_2004": 279.64805606213542, "flood_pct_2004": 0.0072803784984002903, "exposed_pop_2004": 0, "flood_area_2012": 0.0, "flood_pct_2012": 0.0, "exposed_pop_2012": 0, "flood_area_2013": 0.0, "flood_pct_2013": 0.0, "exposed_pop_2013": 0, "flood_years_exposed": 3, "flood_frequency": 0.6, "max_flood_exposure_pct": 25.00174066709155, "exposure_note": "ESTIMATE: spatial overlap with historical flood inundation polygons only. NOT actual people affected." }, "geometry": { "type": "Polygon", "coordinates": [ [ [ 92.172606631790728, 26.111194308570518 ], [ 92.173270556291158, 26.109326395996479 ], [ 92.173424950101435, 26.107767315109598 ], [ 92.173479530855758, 26.107189501594252 ], [ 92.173641308099974, 26.106409239894557 ], [ 92.173849564106192, 26.105891755600119 ], [ 92.172537979000069, 26.10560566800002 ], [ 92.17193534700003, 26.105514633000038 ], [ 92.17133854100004, 26.105285814000023 ], [ 92.170713732000124, 26.104954897 ], [ 92.170180279000036, 26.104450296 ], [ 92.16935285200006, 26.10355724 ], [ 92.1687232190001, 26.102968684000061 ], [ 92.167347953000075, 26.101941652000082 ], [ 92.164929138000048, 26.100024952000034 ], [ 92.164141872000101, 26.09931667300005 ], [ 92.163244818000038, 26.098002649000041 ], [ 92.162172670000061, 26.096179605000014 ], [ 92.160835946000049, 26.094562598999982 ], [ 92.159779259000089, 26.093331365000072 ], [ 92.158784985000068, 26.092240073000017 ], [ 92.157754938000025, 26.091297398 ], [ 92.15656489900006, 26.090412979000099 ], [ 92.156336976000034, 26.090351344000062 ], [ 92.156126956000065, 26.090363573 ], [ 92.155870940000014, 26.090461718000046 ], [ 92.155470863000048, 26.090732212000045 ], [ 92.154712320000073, 26.09130549700005 ], [ 92.153805137000063, 26.0921154810001 ], [ 92.153104548000016, 26.09290636 ], [ 92.151842301000016, 26.094510073000077 ], [ 92.150925549000107, 26.096283 ], [ 92.149905697000094, 26.098852068000067 ], [ 92.149488729000069, 26.099988744000058 ], [ 92.149338915000016, 26.10019463300004 ], [ 92.149142755000042, 26.100389664000012 ], [ 92.147937512000055, 26.101174759000045 ], [ 92.147375547000095, 26.101446115000027 ], [ 92.147080405000011, 26.101510842000053 ], [ 92.146787940000067, 26.101514817000027 ], [ 92.145563144000064, 26.101410886000043 ], [ 92.144067542000045, 26.101297615000085 ], [ 92.144235671, 26.103672385000021 ], [ 92.14447584800007, 26.105820280000014 ], [ 92.144744219000074, 26.106463730000051 ], [ 92.145738326000085, 26.108318856000068 ], [ 92.14614553600002, 26.108731057000067 ], [ 92.147144058000038, 26.109569622 ], [ 92.148645666000021, 26.108762282999987 ], [ 92.149147318000061, 26.108608328000038 ], [ 92.149555115000055, 26.108601344000082 ], [ 92.15120889500011, 26.108791089000061 ], [ 92.154032559000058, 26.109413769000067 ], [ 92.157760118000098, 26.110177712000038 ], [ 92.158941684000069, 26.110588350000086 ], [ 92.160219211000083, 26.110816028 ], [ 92.163402067000092, 26.110932823999988 ], [ 92.16700282100004, 26.111163924000014 ], [ 92.169587313000093, 26.111306606 ], [ 92.171305425000043, 26.111215504000018 ], [ 92.172606631790728, 26.111194308570518 ] ] ] } },
{ "type": "Feature", "properties": { "District": "322", "Subdistt": "02130", "Town/Village": "303571", "Name": "Nibira ", "TRU": "Rural", "No_HH": 149, "TOT_P": 705, "TOT_M": 360, "TOT_F": 345, "P_06": 72, "P_SC": 0, "P_ST": 315, "pc11_s_id": "18", "pc11_d_id": "322", "pc11_sd_id": "02130", "pc11_tv_id": "303571", "tv_name": "Nibira", "mdds_og": 0, "total_area_sqm": 3845850.7044222727, "total_area_ha": 384.58507044222728, "flood_area_1998": 114528.86427459732, "flood_pct_1998": 2.9779851865519036, "exposed_pop_1998": 21, "flood_area_1999": 329352.58069738932, "flood_pct_1999": 8.5638420731900187, "exposed_pop_1999": 60, "flood_area_2004": 91713.377842473521, "flood_pct_2004": 2.3847357812671719, "exposed_pop_2004": 17, "flood_area_2012": 18199.993920165307, "flood_pct_2012": 0.4732371409851524, "exposed_pop_2012": 3, "flood_area_2013": 0.0, "flood_pct_2013": 0.0, "exposed_pop_2013": 0, "flood_years_exposed": 4, "flood_frequency": 0.8, "max_flood_exposure_pct": 8.5638420731900187, "exposure_note": "ESTIMATE: spatial overlap with historical flood inundation polygons only. NOT actual people affected." }, "geometry": { "type": "MultiPolygon", "coordinates": [ [ [ [ 92.123594593000107, 26.095472311000034 ], [ 92.123150920000072, 26.094520206000038 ], [ 92.122138225000043, 26.093044692999989 ], [ 92.121526557000053, 26.09191199100006 ], [ 92.121293020000095, 26.09067966700006 ], [ 92.12089171300002, 26.087236434 ], [ 92.120619815000083, 26.083494076000068 ], [ 92.120415320000035, 26.081278275000052 ], [ 92.120115357, 26.079880506000041 ], [ 92.118726870000046, 26.079928991000056 ], [ 92.11867403200003, 26.079930029000053 ], [ 92.115487595000076, 26.080167725 ], [ 92.109833659000074, 26.080132478000017 ], [ 92.10943312200007, 26.080065454000067 ], [ 92.109579219000068, 26.081505003000071 ], [ 92.109888676000097, 26.084077919000059 ], [ 92.110316589000064, 26.088949475000078 ], [ 92.110537975000085, 26.08975888800008 ], [ 92.110845287000103, 26.090305290000082 ], [ 92.111671529, 26.093486295000023 ], [ 92.112460547000083, 26.096130014 ], [ 92.112562121000053, 26.096300485 ], [ 92.112982146000078, 26.096596129000027 ], [ 92.113117626000104, 26.096141784000093 ], [ 92.113254412000046, 26.09605229000006 ], [ 92.113364013000052, 26.096013790000072 ], [ 92.11359840500009, 26.095936748 ], [ 92.114266160000085, 26.09589652400005 ], [ 92.115633500000072, 26.096006332000076 ], [ 92.117007095000034, 26.096266888000052 ], [ 92.117606471000073, 26.096480368000041 ], [ 92.118785327000083, 26.097200032000078 ], [ 92.119096694000092, 26.097350854000034 ], [ 92.119651337000064, 26.097449506000025 ], [ 92.121217444000052, 26.097542156000053 ], [ 92.123651633000023, 26.097639720000043 ], [ 92.123981248000035, 26.097625830000048 ], [ 92.124483623000032, 26.097351842000027 ], [ 92.124080224000053, 26.096492356000056 ], [ 92.123594593000107, 26.095472311000034 ] ] ], [ [ [ 92.138782144000047, 26.09234125300005 ], [ 92.138091237000083, 26.092251502000085 ], [ 92.13568598800002, 26.092379374000096 ], [ 92.134791195000048, 26.09237320800003 ], [ 92.134462063000086, 26.092375953000079 ], [ 92.133971127000052, 26.092362104000088 ], [ 92.133455264000105, 26.092631948000033 ], [ 92.133630552000028, 26.0933165430001 ], [ 92.133801752000082, 26.094298088000045 ], [ 92.134332736000047, 26.097277647000016 ], [ 92.1346220880001, 26.098825170000072 ], [ 92.134870303000113, 26.09965909100006 ], [ 92.135360245000072, 26.101058033000079 ], [ 92.135799057000042, 26.102380091000043 ], [ 92.136434422000036, 26.104043789000031 ], [ 92.136843932000076, 26.104979101000058 ], [ 92.137849589000069, 26.107126445000095 ], [ 92.138702511000119, 26.109307837000106 ], [ 92.139536646000039, 26.111489024000011 ], [ 92.139853122000019, 26.112341438000019 ], [ 92.140073823000066, 26.113296063000046 ], [ 92.140208256000093, 26.114075722000074 ], [ 92.140804946000074, 26.115743292000026 ], [ 92.141249388000077, 26.116592475000033 ], [ 92.141785394000109, 26.114810534000032 ], [ 92.142246182000036, 26.113944188000026 ], [ 92.142502084000085, 26.113558905000033 ], [ 92.143054782000064, 26.11314851 ], [ 92.14445244900007, 26.11198125700006 ], [ 92.145148501000023, 26.111264960000035 ], [ 92.147144058000023, 26.109569622 ], [ 92.146145536000091, 26.108731057000078 ], [ 92.145738326000057, 26.108318856000079 ], [ 92.144744219000046, 26.106463730000062 ], [ 92.144475848000056, 26.105820280000025 ], [ 92.144235671000075, 26.103672385000031 ], [ 92.144067542000101, 26.101297615000096 ], [ 92.143839690000078, 26.099080198000035 ], [ 92.143394631000035, 26.096812964000026 ], [ 92.143133854000041, 26.095910528000054 ], [ 92.142837671000052, 26.094927333000062 ], [ 92.142735192, 26.09467755800009 ], [ 92.142438232000032, 26.094179857000032 ], [ 92.142223560000033, 26.093949950000017 ], [ 92.141727544000034, 26.093684861000021 ], [ 92.140350352000041, 26.092984378000061 ], [ 92.139469655000084, 26.092509795000051 ], [ 92.138782144000047, 26.09234125300005 ] ] ] ] } },
{ "type": "Feature", "properties": { "District": "322", "Subdistt": "02130", "Town/Village": "303572", "Name": "Bherakuchi Gaon", "TRU": "Rural", "No_HH": 97, "TOT_P": 473, "TOT_M": 225, "TOT_F": 248, "P_06": 51, "P_SC": 0, "P_ST": 290, "pc11_s_id": "18", "pc11_d_id": "322", "pc11_sd_id": "02130", "pc11_tv_id": "303572", "tv_name": "Bherakuchi Gaon", "mdds_og": 0, "total_area_sqm": 1412421.5892114055, "total_area_ha": 141.24215892114054, "flood_area_1998": 752137.61905012699, "flood_pct_1998": 53.251637102918146, "exposed_pop_1998": 252, "flood_area_1999": 950197.23470468656, "flood_pct_1999": 67.274335224173981, "exposed_pop_1999": 318, "flood_area_2004": 881738.64263124997, "flood_pct_2004": 62.427440175532098, "exposed_pop_2004": 295, "flood_area_2012": 40643.249788266556, "flood_pct_2012": 2.8775579542761607, "exposed_pop_2012": 14, "flood_area_2013": 0.0, "flood_pct_2013": 0.0, "exposed_pop_2013": 0, "flood_years_exposed": 4, "flood_frequency": 0.8, "max_flood_exposure_pct": 67.274335224173981, "exposure_note": "ESTIMATE: spatial overlap with historical flood inundation polygons only. NOT actual people affected." }, "geometry": { "type": "Polygon", "coordinates": [ [ [ 92.136843932000033, 26.104979101000026 ], [ 92.136434422000036, 26.104043789000059 ], [ 92.134787361000065, 26.104250469000078 ], [ 92.133531664000031, 26.104376068000079 ], [ 92.132195839000076, 26.104720329000031 ], [ 92.130519164000077, 26.105159937000053 ], [ 92.130316828000048, 26.105483689000039 ], [ 92.129752687000064, 26.106050989000039 ], [ 92.130236409000076, 26.106599340000059 ], [ 92.130444526000076, 26.106941246000076 ], [ 92.130690950000087, 26.10772287900005 ], [ 92.131297628000084, 26.110125349000043 ], [ 92.132260086000031, 26.113351416000057 ], [ 92.133096128000034, 26.115468923000037 ], [ 92.133317832000046, 26.116029165000043 ], [ 92.134591545000035, 26.119799818000047 ], [ 92.135215473000073, 26.121863941000072 ], [ 92.135436555000069, 26.122154114000068 ], [ 92.135873383000046, 26.122560964000058 ], [ 92.136337124000079, 26.12285152000004 ], [ 92.136391599000035, 26.122886191000077 ], [ 92.137057928000047, 26.123060148000036 ], [ 92.138727128000085, 26.123133979000045 ], [ 92.138906516000077, 26.12276167300007 ], [ 92.139177916000051, 26.122197466000046 ], [ 92.140194627000085, 26.120803780000074 ], [ 92.14044438500008, 26.120129083000052 ], [ 92.140811676000055, 26.118593651000026 ], [ 92.141249388000062, 26.116592475000061 ], [ 92.14080494600006, 26.115743292000047 ], [ 92.140208256000051, 26.114075722000052 ], [ 92.14007382300008, 26.113296063000064 ], [ 92.139853122000034, 26.112341438000044 ], [ 92.139536646000067, 26.111489024000036 ], [ 92.138702511000076, 26.109307837000074 ], [ 92.137849589000041, 26.107126445000063 ], [ 92.136843932000033, 26.104979101000026 ] ] ] } },
{ "type": "Feature", "properties": { "District": "322", "Subdistt": "02130", "Town/Village": "303573", "Name": "Bherakuchi Pathar", "TRU": "Rural", "No_HH": 62, "TOT_P": 324, "TOT_M": 154, "TOT_F": 170, "P_06": 41, "P_SC": 0, "P_ST": 175, "pc11_s_id": "18", "pc11_d_id": "322", "pc11_sd_id": "02130", "pc11_tv_id": "303573", "tv_name": "Bherakuchi Pathar", "mdds_og": 0, "total_area_sqm": 773364.56447917211, "total_area_ha": 77.336456447917215, "flood_area_1998": 0.0, "flood_pct_1998": 0.0, "exposed_pop_1998": 0, "flood_area_1999": 36989.824766509089, "flood_pct_1999": 4.7829738347812913, "exposed_pop_1999": 15, "flood_area_2004": 0.0, "flood_pct_2004": 0.0, "exposed_pop_2004": 0, "flood_area_2012": 0.0, "flood_pct_2012": 0.0, "exposed_pop_2012": 0, "flood_area_2013": 0.0, "flood_pct_2013": 0.0, "exposed_pop_2013": 0, "flood_years_exposed": 1, "flood_frequency": 0.2, "max_flood_exposure_pct": 4.7829738347812913, "exposure_note": "ESTIMATE: spatial overlap with historical flood inundation polygons only. NOT actual people affected." }, "geometry": { "type": "Polygon", "coordinates": [ [ [ 92.127236765000077, 26.096068750000029 ], [ 92.12728179700008, 26.096268990000056 ], [ 92.127526333000048, 26.096778001000075 ], [ 92.127853796000068, 26.097376952000047 ], [ 92.128039518000037, 26.098032807000038 ], [ 92.128427106000061, 26.100239439000063 ], [ 92.128815297000074, 26.101529676000041 ], [ 92.129267541000047, 26.103479629000049 ], [ 92.129508589000068, 26.10404195600006 ], [ 92.129756944000064, 26.104421739000031 ], [ 92.130519164000077, 26.105159937000053 ], [ 92.132195839000076, 26.104720329000031 ], [ 92.133531664000031, 26.104376068000079 ], [ 92.134787361000065, 26.104250469000078 ], [ 92.136434422000036, 26.104043789000059 ], [ 92.135799057000042, 26.102380091000043 ], [ 92.135360245000072, 26.101058033000072 ], [ 92.134870303000071, 26.099659091000035 ], [ 92.134622088000071, 26.098825170000055 ], [ 92.134332736000033, 26.097277647000055 ], [ 92.133801752000068, 26.094298088000073 ], [ 92.133630552000056, 26.093316543000071 ], [ 92.133455264000077, 26.092631948000076 ], [ 92.132939389000057, 26.092902903000038 ], [ 92.132178729000032, 26.093364678000057 ], [ 92.131515506000085, 26.09362532800003 ], [ 92.13020778200007, 26.094091465000076 ], [ 92.128064622000068, 26.095187430000067 ], [ 92.127525213000069, 26.095464851000031 ], [ 92.127359914000067, 26.095629709000036 ], [ 92.12726440800003, 26.095832062000056 ], [ 92.127236765000077, 26.096068750000029 ] ] ] } },
{ "type": "Feature", "properties": { "District": "322", "Subdistt": "02130", "Town/Village": "303574", "Name": "Bherakuchi N.C.", "TRU": "Rural", "No_HH": 0, "TOT_P": 0, "TOT_M": 0, "TOT_F": 0, "P_06": 0, "P_SC": 0, "P_ST": 0, "pc11_s_id": "18", "pc11_d_id": "322", "pc11_sd_id": "02130", "pc11_tv_id": "303574", "tv_name": "Bherakuchi N.C.", "mdds_og": 0, "total_area_sqm": 1847520.0447047642, "total_area_ha": 184.75200447047641, "flood_area_1998": 0.0, "flood_pct_1998": 0.0, "exposed_pop_1998": 0, "flood_area_1999": 0.0, "flood_pct_1999": 0.0, "exposed_pop_1999": 0, "flood_area_2004": 0.0, "flood_pct_2004": 0.0, "exposed_pop_2004": 0, "flood_area_2012": 0.0, "flood_pct_2012": 0.0, "exposed_pop_2012": 0, "flood_area_2013": 0.0, "flood_pct_2013": 0.0, "exposed_pop_2013": 0, "flood_years_exposed": 0, "flood_frequency": 0.0, "max_flood_exposure_pct": 0.0, "exposure_note": "ESTIMATE: spatial overlap with historical flood inundation polygons only. NOT actual people affected." }, "geometry": { "type": "Polygon", "coordinates": [ [ [ 92.127236765000077, 26.096068750000029 ], [ 92.12726440800003, 26.095832062000056 ], [ 92.127359914000067, 26.095629709000036 ], [ 92.127525213000069, 26.095464851000031 ], [ 92.128064622000068, 26.095187430000067 ], [ 92.13020778200007, 26.094091465000076 ], [ 92.131515506000085, 26.09362532800003 ], [ 92.132178729000032, 26.093364678000057 ], [ 92.132939389000057, 26.092902903000038 ], [ 92.133455264000077, 26.092631948000076 ], [ 92.133971127000052, 26.092362104000074 ], [ 92.133585707000066, 26.091417652000075 ], [ 92.133460261000039, 26.091035927000064 ], [ 92.133394643000031, 26.090490240000065 ], [ 92.133425830000078, 26.088848925000036 ], [ 92.13328510100007, 26.087934063000034 ], [ 92.132881791000045, 26.086550607000049 ], [ 92.132680235000066, 26.085401430000047 ], [ 92.132720943000038, 26.084816803000024 ], [ 92.132729746000052, 26.084440441000027 ], [ 92.131319805000032, 26.082968958000038 ], [ 92.130668120000053, 26.082494024000027 ], [ 92.13008313000006, 26.082090486000027 ], [ 92.129126337000059, 26.081735605000063 ], [ 92.128083114000049, 26.081212733000029 ], [ 92.126953634000074, 26.08057025200003 ], [ 92.125558625000053, 26.080286188000059 ], [ 92.124164943000039, 26.079976699000042 ], [ 92.122813919000066, 26.079833184000051 ], [ 92.12076993800008, 26.079858213000023 ], [ 92.120115357000032, 26.079880506000052 ], [ 92.120415320000063, 26.081278275000045 ], [ 92.120619815000055, 26.083494076000079 ], [ 92.120891713000049, 26.087236434000033 ], [ 92.121293020000053, 26.090679667000074 ], [ 92.121526557000038, 26.091911991000075 ], [ 92.122138225000072, 26.093044693000024 ], [ 92.123150920000057, 26.094520206000027 ], [ 92.123594593000064, 26.095472311000037 ], [ 92.124080224000068, 26.096492356000056 ], [ 92.12448362300006, 26.097351842000023 ], [ 92.124666298000079, 26.097253361000071 ], [ 92.125825793000047, 26.096585972000071 ], [ 92.126434888000063, 26.096303809000062 ], [ 92.126768091000031, 26.096212662000028 ], [ 92.127236765000077, 26.096068750000029 ] ] ] } },
{ "type": "Feature", "properties": { "District": "322", "Subdistt": "02130", "Town/Village": "303575", "Name": "Nibira N.C.", "TRU": "Rural", "No_HH": 77, "TOT_P": 348, "TOT_M": 173, "TOT_F": 175, "P_06": 47, "P_SC": 0, "P_ST": 221, "pc11_s_id": "18", "pc11_d_id": "322", "pc11_sd_id": "02130", "pc11_tv_id": "303575", "tv_name": "Nibira N.C.", "mdds_og": 0, "total_area_sqm": 2349981.753674617, "total_area_ha": 234.9981753674617, "flood_area_1998": 0.0, "flood_pct_1998": 0.0, "exposed_pop_1998": 0, "flood_area_1999": 0.0, "flood_pct_1999": 0.0, "exposed_pop_1999": 0, "flood_area_2004": 0.0, "flood_pct_2004": 0.0, "exposed_pop_2004": 0, "flood_area_2012": 0.0, "flood_pct_2012": 0.0, "exposed_pop_2012": 0, "flood_area_2013": 0.0, "flood_pct_2013": 0.0, "exposed_pop_2013": 0, "flood_years_exposed": 0, "flood_frequency": 0.0, "max_flood_exposure_pct": 0.0, "exposure_note": "ESTIMATE: spatial overlap with historical flood inundation polygons only. NOT actual people affected." }, "geometry": { "type": "Polygon", "coordinates": [ [ [ 92.157596172000069, 26.083290779000038 ], [ 92.154005719000054, 26.078176317000043 ], [ 92.150471389000074, 26.076621465000073 ], [ 92.147362175000069, 26.076418506000039 ], [ 92.14248576500006, 26.076816302000054 ], [ 92.138111029000072, 26.078432479000071 ], [ 92.134445086000085, 26.082033076000073 ], [ 92.132729746000052, 26.084440441000027 ], [ 92.133103342000084, 26.084829644000024 ], [ 92.134772177000059, 26.086366386000066 ], [ 92.135203454000077, 26.086554773000046 ], [ 92.139371186000062, 26.087833680000074 ], [ 92.14094589900003, 26.088225824000062 ], [ 92.142116140000041, 26.088360575000024 ], [ 92.145170526000072, 26.088314648000051 ], [ 92.147859111000059, 26.088011287000029 ], [ 92.15011247700005, 26.087641476000044 ], [ 92.152912219000086, 26.086467736000031 ], [ 92.154257355000084, 26.085823881000067 ], [ 92.155428746000041, 26.084968520000075 ], [ 92.156523568000068, 26.083899832000043 ], [ 92.157117059000086, 26.083543759000065 ], [ 92.157596172000069, 26.083290779000038 ] ] ] } },
{ "type": "Feature", "properties": { "District": "322", "Subdistt": "02130", "Town/Village": "303576", "Name": "Topatoli N.C.", "TRU": "Rural", "No_HH": 95, "TOT_P": 437, "TOT_M": 222, "TOT_F": 215, "P_06": 68, "P_SC": 15, "P_ST": 120, "pc11_s_id": "18", "pc11_d_id": "322", "pc11_sd_id": "02130", "pc11_tv_id": "303576", "tv_name": "Topatoli N.C.", "mdds_og": 0, "total_area_sqm": 3977659.7743461775, "total_area_ha": 397.76597743461775, "flood_area_1998": 0.0, "flood_pct_1998": 0.0, "exposed_pop_1998": 0, "flood_area_1999": 0.0, "flood_pct_1999": 0.0, "exposed_pop_1999": 0, "flood_area_2004": 0.0, "flood_pct_2004": 0.0, "exposed_pop_2004": 0, "flood_area_2012": 0.0, "flood_pct_2012": 0.0, "exposed_pop_2012": 0, "flood_area_2013": 0.0, "flood_pct_2013": 0.0, "exposed_pop_2013": 0, "flood_years_exposed": 0, "flood_frequency": 0.0, "max_flood_exposure_pct": 0.0, "exposure_note": "ESTIMATE: spatial overlap with historical flood inundation polygons only. NOT actual people affected." }, "geometry": { "type": "Polygon", "coordinates": [ [ [ 92.174549527139064, 26.101758872573917 ], [ 92.174965399733466, 26.096373236635635 ], [ 92.175561866986655, 26.089340201888874 ], [ 92.175773913635254, 26.088324537247683 ], [ 92.175977569609202, 26.087804117566023 ], [ 92.176412542904629, 26.086689269394288 ], [ 92.177771638850103, 26.083313132595006 ], [ 92.178304569000687, 26.082160484119051 ], [ 92.178440843270337, 26.081598413236236 ], [ 92.178514898843559, 26.080938018574702 ], [ 92.178548740332104, 26.080497863385784 ], [ 92.178695935968761, 26.079203140912284 ], [ 92.175323173000038, 26.079670546000074 ], [ 92.172372305000039, 26.079837167000093 ], [ 92.167623003000102, 26.080126587000059 ], [ 92.164737612000096, 26.080436682000048 ], [ 92.163453109000045, 26.080697289000028 ], [ 92.162754011000033, 26.080816497000033 ], [ 92.162209803000025, 26.081075958 ], [ 92.159676383000019, 26.082190387000022 ], [ 92.157596172000041, 26.083290779000031 ], [ 92.157741645000073, 26.086100225000049 ], [ 92.157751785000031, 26.089870361000063 ], [ 92.157754938000025, 26.091297398 ], [ 92.158784985000068, 26.092240073000024 ], [ 92.159779259000089, 26.093331365000079 ], [ 92.160835946000049, 26.094562598999989 ], [ 92.162172670000061, 26.096179605000021 ], [ 92.163244818000038, 26.098002649000048 ], [ 92.164141872000101, 26.099316673000057 ], [ 92.164929138000048, 26.100024952000041 ], [ 92.167347953000075, 26.10194165200009 ], [ 92.1687232190001, 26.102968684000068 ], [ 92.16935285200006, 26.10355724 ], [ 92.170180279000036, 26.104450296 ], [ 92.170713732000124, 26.104954897 ], [ 92.17133854100004, 26.10528581400003 ], [ 92.17193534700003, 26.105514633000045 ], [ 92.172537979000069, 26.105605668000027 ], [ 92.173849564106192, 26.105891755600126 ], [ 92.174058018862496, 26.105373400761874 ], [ 92.174253744614717, 26.104443480182489 ], [ 92.17440155988416, 26.103513754756065 ], [ 92.174510920142879, 26.102435390281105 ], [ 92.174549527139064, 26.101758872573917 ] ] ] } },
{ "type": "Feature", "properties": { "District": "322", "Subdistt": "02130", "Town/Village": "303577", "Name": "Bejeni N.C. ", "TRU": "Rural", "No_HH": 386, "TOT_P": 2031, "TOT_M": 1048, "TOT_F": 983, "P_06": 242, "P_SC": 1366, "P_ST": 99, "pc11_s_id": "18", "pc11_d_id": "322", "pc11_sd_id": "02130", "pc11_tv_id": "303577", "tv_name": "Bejeni N.C.", "mdds_og": 0, "total_area_sqm": 2163827.2130042934, "total_area_ha": 216.38272130042935, "flood_area_1998": 0.0, "flood_pct_1998": 0.0, "exposed_pop_1998": 0, "flood_area_1999": 9686.7706928122516, "flood_pct_1999": 0.44766840136754632, "exposed_pop_1999": 9, "flood_area_2004": 0.0, "flood_pct_2004": 0.0, "exposed_pop_2004": 0, "flood_area_2012": 0.0, "flood_pct_2012": 0.0, "exposed_pop_2012": 0, "flood_area_2013": 0.0, "flood_pct_2013": 0.0, "exposed_pop_2013": 0, "flood_years_exposed": 1, "flood_frequency": 0.2, "max_flood_exposure_pct": 0.44766840136754632, "exposure_note": "ESTIMATE: spatial overlap with historical flood inundation polygons only. NOT actual people affected." }, "geometry": { "type": "Polygon", "coordinates": [ [ [ 92.157754938000025, 26.091297398 ], [ 92.157751785000031, 26.089870361000056 ], [ 92.157741645000073, 26.086100225000042 ], [ 92.157596172000041, 26.083290779000023 ], [ 92.157117059000086, 26.083543759000083 ], [ 92.156523568000097, 26.083899832000057 ], [ 92.155428746000027, 26.084968520000107 ], [ 92.154257355000084, 26.085823881000092 ], [ 92.152912219000086, 26.086467736000074 ], [ 92.150112477000064, 26.087641476000023 ], [ 92.147859111000059, 26.088011287000068 ], [ 92.145170526000086, 26.088314648000033 ], [ 92.142116140000056, 26.088360575000014 ], [ 92.14094589900003, 26.088225824000055 ], [ 92.139371186000034, 26.087833680000116 ], [ 92.135203454000077, 26.086554773000081 ], [ 92.134772177000102, 26.086366386000037 ], [ 92.133103342000041, 26.084829643999985 ], [ 92.132729746000038, 26.084440441000023 ], [ 92.132720943000024, 26.084816802999988 ], [ 92.132680235000038, 26.085401430000044 ], [ 92.132881791000017, 26.086550607000092 ], [ 92.13328510100007, 26.087934063000073 ], [ 92.133425830000078, 26.088848925 ], [ 92.133394642999988, 26.090490240000097 ], [ 92.133460261, 26.091035927000039 ], [ 92.13358570700008, 26.091417652000093 ], [ 92.133971127000081, 26.092362104000077 ], [ 92.134462063000029, 26.092375953000069 ], [ 92.134791195000076, 26.092373208000019 ], [ 92.135685988000034, 26.092379374000085 ], [ 92.138091237000097, 26.092251502000074 ], [ 92.138782144000061, 26.09234125300004 ], [ 92.139469655000113, 26.092509795000041 ], [ 92.140350352000056, 26.09298437800005 ], [ 92.141727544000048, 26.09368486100001 ], [ 92.142223560000062, 26.09394995 ], [ 92.14243823200006, 26.094179857000022 ], [ 92.142735192000032, 26.094677558000079 ], [ 92.142837671000066, 26.094927333000051 ], [ 92.143133854000055, 26.095910528000044 ], [ 92.143394631000049, 26.096812964000016 ], [ 92.143839690000021, 26.099080198000024 ], [ 92.144067542000045, 26.101297615000085 ], [ 92.145563144000064, 26.101410886000043 ], [ 92.146787940000067, 26.101514817000027 ], [ 92.147080405000011, 26.101510842000053 ], [ 92.147375547000095, 26.101446115000027 ], [ 92.147937512000055, 26.101174759000045 ], [ 92.149142755000042, 26.100389664000012 ], [ 92.149338915000016, 26.10019463300004 ], [ 92.149488729000069, 26.099988744000058 ], [ 92.149905697000094, 26.098852068000067 ], [ 92.150925549000107, 26.096283 ], [ 92.151842301000016, 26.094510073000077 ], [ 92.153104548000016, 26.09290636 ], [ 92.153805137000063, 26.0921154810001 ], [ 92.154712320000073, 26.09130549700005 ], [ 92.155470863000048, 26.090732212000045 ], [ 92.155870940000014, 26.090461718000046 ], [ 92.156126956000065, 26.090363573 ], [ 92.156336976000034, 26.090351344000062 ], [ 92.15656489900006, 26.090412979000099 ], [ 92.157754938000025, 26.091297398 ] ] ] } },
{ "type": "Feature", "properties": { "District": "322", "Subdistt": "02130", "Town/Village": "303578", "Name": "Digaru Gaon (Digarubar Gaon) (CT)", "TRU": "Urban", "No_HH": 660, "TOT_P": 3207, "TOT_M": 1639, "TOT_F": 1568, "P_06": 443, "P_SC": 1128, "P_ST": 82, "pc11_s_id": "18", "pc11_d_id": "322", "pc11_sd_id": "02130", "pc11_tv_id": "303578", "tv_name": "Digaru Gaon  (Digarubar Gaon)", "mdds_og": 0, "total_area_sqm": 3934936.4188900986, "total_area_ha": 393.49364188900984, "flood_area_1998": 3388315.0633116928, "flood_pct_1998": 86.108508565620284, "exposed_pop_1998": 2761, "flood_area_1999": 1184906.0453549612, "flood_pct_1999": 30.112457209389415, "exposed_pop_1999": 966, "flood_area_2004": 3159739.7458935394, "flood_pct_2004": 80.299639168878528, "exposed_pop_2004": 2575, "flood_area_2012": 1858328.1203483327, "flood_pct_2012": 47.226382399146843, "exposed_pop_2012": 1515, "flood_area_2013": 1501134.3279455355, "flood_pct_2013": 38.148883949920354, "exposed_pop_2013": 1223, "flood_years_exposed": 5, "flood_frequency": 1.0, "max_flood_exposure_pct": 86.108508565620284, "exposure_note": "ESTIMATE: spatial overlap with historical flood inundation polygons only. NOT actual people affected." }, "geometry": { "type": "Polygon", "coordinates": [ [ [ 91.984953239300623, 26.175704313003667 ], [ 91.985400226639229, 26.175669253833078 ], [ 91.98554931984529, 26.175692507603188 ], [ 91.985873239000071, 26.17540356200001 ], [ 91.986207762000035, 26.175268870000057 ], [ 91.986671455000035, 26.1751093 ], [ 91.98736683700011, 26.175006569000026 ], [ 91.988220439000031, 26.174895966000022 ], [ 91.98993941600007, 26.174793920000106 ], [ 91.992378355000071, 26.174800366000017 ], [ 91.993907430000021, 26.174867881000097 ], [ 91.994356746000079, 26.174868403000051 ], [ 91.994580404000018, 26.174823954000015 ], [ 91.994671762000024, 26.174805843000026 ], [ 91.995078330000098, 26.174700997000055 ], [ 91.995518258000075, 26.174495097000072 ], [ 91.995649087000061, 26.174425391000078 ], [ 91.995780499, 26.1743065050001 ], [ 91.99590085600002, 26.174161012000052 ], [ 91.995997016000075, 26.173978324000036 ], [ 91.996247132000079, 26.173032653000039 ], [ 91.996320434000012, 26.172797540000037 ], [ 91.996372835000088, 26.172074167000048 ], [ 91.996359293000026, 26.168542461000044 ], [ 91.996134053000048, 26.165733907000099 ], [ 91.995902215000044, 26.162665919000094 ], [ 91.995747017000085, 26.156991393000073 ], [ 91.995728190000037, 26.155287516000048 ], [ 91.995626825000087, 26.153935021000052 ], [ 91.995061853000067, 26.150435728000065 ], [ 91.994495091000061, 26.147953521000034 ], [ 91.994149494000069, 26.146974576000037 ], [ 91.993915099000034, 26.146286272000019 ], [ 91.992923863000087, 26.144192556000068 ], [ 91.992167229000103, 26.142075845000079 ], [ 91.991962743000059, 26.141715423000011 ], [ 91.991846732000056, 26.141599341000088 ], [ 91.991760621000111, 26.141561685000081 ], [ 91.99164136600011, 26.14153721400001 ], [ 91.991460863000015, 26.141532183000038 ], [ 91.991305732000058, 26.141570155000071 ], [ 91.990857745000113, 26.141897967000016 ], [ 91.990211430000016, 26.142452295000052 ], [ 91.988293604000049, 26.143856340000049 ], [ 91.98738806100009, 26.144437904000029 ], [ 91.986363463000046, 26.145118925000066 ], [ 91.985814541000096, 26.145518467000084 ], [ 91.985332579000016, 26.14593802300007 ], [ 91.984194867000028, 26.146912461000049 ], [ 91.98325714200007, 26.148061023000047 ], [ 91.981980211000106, 26.149282735000057 ], [ 91.983067800000029, 26.150648969000034 ], [ 91.983833819000083, 26.151479315000081 ], [ 91.984054592000049, 26.152027892 ], [ 91.984269158000046, 26.152836059000073 ], [ 91.984414456000081, 26.153051572000052 ], [ 91.984542578000017, 26.153299501000049 ], [ 91.984568392000114, 26.153631591000082 ], [ 91.984606629000069, 26.154136691000041 ], [ 91.984405155000019, 26.156363228000057 ], [ 91.984023311000044, 26.158656777000022 ], [ 91.983956333, 26.160467536 ], [ 91.984186329000025, 26.164797098000037 ], [ 91.984491976000101, 26.166200648 ], [ 91.984572185000076, 26.168339578000044 ], [ 91.984637663000072, 26.169645497 ], [ 91.984342146000046, 26.173047439000108 ], [ 91.9843074220001, 26.17423649400008 ], [ 91.98441006700007, 26.175044505000056 ], [ 91.98453468222985, 26.175766620732954 ], [ 91.984953239300623, 26.175704313003667 ] ] ] } },
{ "type": "Feature", "properties": { "District": "322", "Subdistt": "02130", "Town/Village": "303579", "Name": "Barua Bari Gaon (CT)", "TRU": "Urban", "No_HH": 1248, "TOT_P": 5444, "TOT_M": 2746, "TOT_F": 2698, "P_06": 526, "P_SC": 633, "P_ST": 279, "pc11_s_id": "18", "pc11_d_id": "322", "pc11_sd_id": "02130", "pc11_tv_id": "303579", "tv_name": "Barua Bari Gaon", "mdds_og": 0, "total_area_sqm": 2126345.6492713452, "total_area_ha": 212.63456492713453, "flood_area_1998": 89856.599147937552, "flood_pct_1998": 4.2258698240678578, "exposed_pop_1998": 230, "flood_area_1999": 126900.64567933782, "flood_pct_1999": 5.9680158643456691, "exposed_pop_1999": 325, "flood_area_2004": 302955.31611009175, "flood_pct_2004": 14.247698449869064, "exposed_pop_2004": 776, "flood_area_2012": 80082.997766156768, "flood_pct_2012": 3.7662267088890067, "exposed_pop_2012": 205, "flood_area_2013": 0.0, "flood_pct_2013": 0.0, "exposed_pop_2013": 0, "flood_years_exposed": 4, "flood_frequency": 0.8, "max_flood_exposure_pct": 14.247698449869064, "exposure_note": "ESTIMATE: spatial overlap with historical flood inundation polygons only. NOT actual people affected." }, "geometry": { "type": "Polygon", "coordinates": [ [ [ 91.978116230000069, 26.115364656000054 ], [ 91.977630212000065, 26.115113601000076 ], [ 91.977355318000036, 26.114958940000065 ], [ 91.977035902000068, 26.11486848900006 ], [ 91.976532039000062, 26.114811343000042 ], [ 91.975050895000038, 26.114703038000073 ], [ 91.973254156000053, 26.114645224000071 ], [ 91.972018078000076, 26.114576448000037 ], [ 91.971746635000045, 26.114581826000062 ], [ 91.969580444000087, 26.114619379000032 ], [ 91.967686794000031, 26.114781119000043 ], [ 91.963120074000074, 26.115345680000075 ], [ 91.963023836000048, 26.115344580000055 ], [ 91.963021426000068, 26.116649172000052 ], [ 91.963287863000062, 26.121208540000055 ], [ 91.96336530800005, 26.123685669000054 ], [ 91.963433764000058, 26.124376023000025 ], [ 91.96343573200005, 26.124607535000052 ], [ 91.963488368000071, 26.124841128000071 ], [ 91.963617360000057, 26.125079360000029 ], [ 91.964076277000061, 26.125613045000023 ], [ 91.964213997000058, 26.125619400000062 ], [ 91.968025538000063, 26.126129414000047 ], [ 91.972027832000038, 26.126468536000061 ], [ 91.978864700000031, 26.126650432000076 ], [ 91.981630963000043, 26.126638314000047 ], [ 91.982133236000038, 26.126629718000061 ], [ 91.982683765000047, 26.126620227000046 ], [ 91.981644492000044, 26.125611156000048 ], [ 91.981376272000034, 26.125352322000026 ], [ 91.980620360000046, 26.124116416000049 ], [ 91.980350003000069, 26.123450900000023 ], [ 91.979830058000061, 26.120476757000063 ], [ 91.97909917700008, 26.116569239000057 ], [ 91.97895572300007, 26.116136378000078 ], [ 91.978905116000078, 26.115971053000067 ], [ 91.978801610000062, 26.115855072000045 ], [ 91.978442174000065, 26.115598435000038 ], [ 91.978116230000069, 26.115364656000054 ] ] ] } },
{ "type": "Feature", "properties": { "District": "322", "Subdistt": "02130", "Town/Village": "303580", "Name": "Sonapur Gaon (CT)", "TRU": "Urban", "No_HH": 1133, "TOT_P": 5771, "TOT_M": 3025, "TOT_F": 2746, "P_06": 764, "P_SC": 504, "P_ST": 372, "pc11_s_id": "18", "pc11_d_id": "322", "pc11_sd_id": "02130", "pc11_tv_id": "303580", "tv_name": "Sonapur Gaon", "mdds_og": 0, "total_area_sqm": 2777139.2068616925, "total_area_ha": 277.71392068616927, "flood_area_1998": 1735839.6546332911, "flood_pct_1998": 62.504596469072126, "exposed_pop_1998": 3607, "flood_area_1999": 0.0, "flood_pct_1999": 0.0, "exposed_pop_1999": 0, "flood_area_2004": 2073679.5644124085, "flood_pct_2004": 74.669629786249388, "exposed_pop_2004": 4309, "flood_area_2012": 240280.72527840879, "flood_pct_2012": 8.6520951014889214, "exposed_pop_2012": 499, "flood_area_2013": 1474.119386832924, "flood_pct_2013": 0.053080500364933211, "exposed_pop_2013": 3, "flood_years_exposed": 4, "flood_frequency": 0.8, "max_flood_exposure_pct": 74.669629786249388, "exposure_note": "ESTIMATE: spatial overlap with historical flood inundation polygons only. NOT actual people affected." }, "geometry": { "type": "Polygon", "coordinates": [ [ [ 91.993006226000034, 26.125693070000068 ], [ 91.994299362000049, 26.125490411000044 ], [ 91.995698319000041, 26.125365657000032 ], [ 91.996144937000054, 26.125371500000028 ], [ 91.997048330000041, 26.125435310000057 ], [ 91.996752345000061, 26.124364347000039 ], [ 91.99647991900008, 26.123846318000062 ], [ 91.996307903000059, 26.123541337000063 ], [ 91.996209316000034, 26.123276707000059 ], [ 91.996151865000058, 26.122933440000054 ], [ 91.996049551000056, 26.122497446000068 ], [ 91.995959131000063, 26.122074750000024 ], [ 91.995626329000061, 26.121022124000035 ], [ 91.995190557000058, 26.12021016500006 ], [ 91.994859199000075, 26.119455071000061 ], [ 91.994301075000067, 26.117645875000051 ], [ 91.993931811000039, 26.116007186000047 ], [ 91.993793212000071, 26.115486848000046 ], [ 91.993009991000065, 26.115075773000058 ], [ 91.992197874000055, 26.114768768000033 ], [ 91.992009479000046, 26.114697855000031 ], [ 91.99187108700005, 26.114684927000042 ], [ 91.990598583000065, 26.114620646000049 ], [ 91.989864864000083, 26.11460330500006 ], [ 91.989674839000031, 26.114567224000041 ], [ 91.989095279000082, 26.114233705000061 ], [ 91.988239839000073, 26.113561612000069 ], [ 91.987529191000078, 26.112787540000056 ], [ 91.987341067000045, 26.112538862000065 ], [ 91.987177517000077, 26.112267343000042 ], [ 91.986951369000053, 26.11163693900005 ], [ 91.986884763000035, 26.110862223000026 ], [ 91.986887615000057, 26.110660883000037 ], [ 91.987076196000032, 26.110067099000048 ], [ 91.988251869000067, 26.107339452000076 ], [ 91.98859218900003, 26.10679476200005 ], [ 91.98893958900004, 26.106440024000051 ], [ 91.98980206400006, 26.105736380000053 ], [ 91.989663191000034, 26.105673720000027 ], [ 91.98957861100007, 26.10563490800007 ], [ 91.989347300000077, 26.105557139000041 ], [ 91.988563861000046, 26.10553942100006 ], [ 91.987881093000055, 26.105519756000035 ], [ 91.98751222900006, 26.10545563900007 ], [ 91.987049206000052, 26.10528520400004 ], [ 91.986158983000053, 26.104970939000054 ], [ 91.984838111000045, 26.104550895000045 ], [ 91.983014718000049, 26.104243441000051 ], [ 91.982079948000035, 26.103949438000029 ], [ 91.981649296000057, 26.10381458300003 ], [ 91.981129369000087, 26.103521980000039 ], [ 91.980461079000065, 26.103005610000025 ], [ 91.979906988000039, 26.102612758000078 ], [ 91.980455348000078, 26.104666656000063 ], [ 91.980769548000069, 26.105986638000047 ], [ 91.980827480000073, 26.106353173000059 ], [ 91.980803499000046, 26.106667616000038 ], [ 91.980786224000042, 26.106894498000031 ], [ 91.980511733000071, 26.107922727000073 ], [ 91.980212068000071, 26.109081555000046 ], [ 91.980063663000067, 26.111846054000068 ], [ 91.979839540000057, 26.112358321000045 ], [ 91.979468365000059, 26.113434315000063 ], [ 91.979391461000034, 26.113659770000027 ], [ 91.979214687000081, 26.113894367000057 ], [ 91.979040614000041, 26.114103991000036 ], [ 91.978477889000033, 26.114871814000026 ], [ 91.978116230000069, 26.115364656000054 ], [ 91.978442174000065, 26.115598435000038 ], [ 91.978801610000062, 26.115855072000045 ], [ 91.978905116000078, 26.115971053000067 ], [ 91.97895572300007, 26.116136378000078 ], [ 91.97909917700008, 26.116569239000057 ], [ 91.979830058000061, 26.120476757000063 ], [ 91.980350003000069, 26.123450900000023 ], [ 91.980620360000046, 26.124116416000049 ], [ 91.981376272000034, 26.125352322000026 ], [ 91.981644492000044, 26.125611156000048 ], [ 91.982300988000077, 26.125603909000063 ], [ 91.982337696000059, 26.125607006000052 ], [ 91.985977621000075, 26.125861612000051 ], [ 91.988508702000047, 26.126065728000071 ], [ 91.989661941000065, 26.126051467000025 ], [ 91.990363387000059, 26.126026597000077 ], [ 91.990929945000062, 26.125959173000069 ], [ 91.993006226000034, 26.125693070000068 ] ] ] } },
{ "type": "Feature", "properties": { "District": "322", "Subdistt": "02131", "Town/Village": "303581", "Name": "Kharghuli N.C.", "TRU": "Rural", "No_HH": 245, "TOT_P": 1251, "TOT_M": 654, "TOT_F": 597, "P_06": 218, "P_SC": 5, "P_ST": 385, "pc11_s_id": "18", "pc11_d_id": "322", "pc11_sd_id": "02131", "pc11_tv_id": "303581", "tv_name": "Kharghuli N.C.", "mdds_og": 0, "total_area_sqm": 2819340.6635000207, "total_area_ha": 281.93406635000207, "flood_area_1998": 1216534.7442715031, "flood_pct_1998": 43.149618633218218, "exposed_pop_1998": 540, "flood_area_1999": 845916.09419192583, "flood_pct_1999": 30.004039779349622, "exposed_pop_1999": 375, "flood_area_2004": 1030694.5036341153, "flood_pct_2004": 36.557998009172039, "exposed_pop_2004": 457, "flood_area_2012": 800730.17351980146, "flood_pct_2012": 28.401327441067341, "exposed_pop_2012": 355, "flood_area_2013": 724974.00085552572, "flood_pct_2013": 25.71431009530858, "exposed_pop_2013": 322, "flood_years_exposed": 5, "flood_frequency": 1.0, "max_flood_exposure_pct": 43.149618633218218, "exposure_note": "ESTIMATE: spatial overlap with historical flood inundation polygons only. NOT actual people affected." }, "geometry": { "type": "Polygon", "coordinates": [ [ [ 91.854794728000044, 26.202138389000051 ], [ 91.854329100000058, 26.202086754000042 ], [ 91.854136249000092, 26.202016396 ], [ 91.85403331000002, 26.201947968000106 ], [ 91.853903572000036, 26.201862182000024 ], [ 91.853801703000045, 26.201744353000045 ], [ 91.853716788000028, 26.201650620000017 ], [ 91.853252258000055, 26.200882493000055 ], [ 91.852195295000087, 26.199402525 ], [ 91.85189221900005, 26.199080209000059 ], [ 91.851358478000037, 26.198617309000038 ], [ 91.849872592000011, 26.197336253000092 ], [ 91.848909834000025, 26.196504763000039 ], [ 91.847724356000086, 26.195389969000082 ], [ 91.846643150960716, 26.194263874778034 ], [ 91.845779273894479, 26.194797350817112 ], [ 91.844942625601703, 26.195259590657649 ], [ 91.84430245579378, 26.195345538865578 ], [ 91.842517598308589, 26.195151400416794 ], [ 91.839502834288481, 26.194855858910771 ], [ 91.838719397082613, 26.194838435445522 ], [ 91.838495995593831, 26.194754136594156 ], [ 91.838208045265191, 26.194509272784749 ], [ 91.838117449360908, 26.194314933787233 ], [ 91.838030420167797, 26.193883521807138 ], [ 91.837994801618805, 26.193681183340001 ], [ 91.837807488125108, 26.193436312335994 ], [ 91.837596223886649, 26.193283770229847 ], [ 91.836989240860859, 26.193031802675559 ], [ 91.836516198363952, 26.19285534669693 ], [ 91.835946253017212, 26.192771813168658 ], [ 91.835532249213969, 26.192832947282696 ], [ 91.834657344660812, 26.193166539104507 ], [ 91.834014884279554, 26.193568145753332 ], [ 91.833705972552693, 26.193876716637199 ], [ 91.833512969048314, 26.19424112822557 ], [ 91.833505749290993, 26.194377082336562 ], [ 91.833560253602897, 26.194562196987903 ], [ 91.833689023030018, 26.194722004716819 ], [ 91.833909722955383, 26.195049832783557 ], [ 91.83422574921903, 26.195462392275637 ], [ 91.834333721823839, 26.195672960438809 ], [ 91.834326663045118, 26.195807854249153 ], [ 91.834240960352091, 26.195867857915367 ], [ 91.834093306960625, 26.195902477317556 ], [ 91.833622007349817, 26.195829224838896 ], [ 91.832819378611504, 26.195607130964405 ], [ 91.832548518099699, 26.195412988918321 ], [ 91.832452978622129, 26.195312635369916 ], [ 91.832286066249054, 26.195001647108374 ], [ 91.832200725083453, 26.194731604979626 ], [ 91.832113870358882, 26.194470493118782 ], [ 91.831878786676754, 26.194252394932072 ], [ 91.831621602155252, 26.194086160647867 ], [ 91.831390236270494, 26.193978289666386 ], [ 91.831097919733295, 26.193964380751567 ], [ 91.830830230231001, 26.19400986036684 ], [ 91.830567869211862, 26.194113919122142 ], [ 91.830422909289936, 26.19425047308086 ], [ 91.830060861119904, 26.194347911027283 ], [ 91.829291211420383, 26.194348474002904 ], [ 91.82826154613349, 26.194219593059831 ], [ 91.827844259804792, 26.194119515603198 ], [ 91.827492688736626, 26.194036526164766 ], [ 91.827065041318605, 26.193966833202875 ], [ 91.826889108745391, 26.193995475710707 ], [ 91.826775989320453, 26.194055877776545 ], [ 91.826737822092852, 26.194415746889277 ], [ 91.826962854052496, 26.196550243698802 ], [ 91.826950659245554, 26.196787547807165 ], [ 91.826856233128666, 26.196848638753778 ], [ 91.826754775212734, 26.196858274090129 ], [ 91.826481509014542, 26.196846060397405 ], [ 91.825891961145174, 26.196738396259978 ], [ 91.824844019835709, 26.196541802662132 ], [ 91.824120122245915, 26.201744127989191 ], [ 91.825666750220421, 26.202112282555845 ], [ 91.828594282700053, 26.20254851580146 ], [ 91.831999559332274, 26.203005454138495 ], [ 91.833775936210586, 26.203450840683828 ], [ 91.835961670095045, 26.204114247174815 ], [ 91.838551061082711, 26.204695673266798 ], [ 91.842321517324251, 26.205921947439936 ], [ 91.847599495420425, 26.207660300982205 ], [ 91.850300610984448, 26.208724816796902 ], [ 91.851573298269159, 26.209347761889745 ], [ 91.853365318854415, 26.210730430864793 ], [ 91.856276410827761, 26.213154336703326 ], [ 91.85997546629477, 26.217700060709248 ], [ 91.860205539853808, 26.217934683039257 ], [ 91.86022631000013, 26.217042599 ], [ 91.860125596000046, 26.216313936000013 ], [ 91.859604492000102, 26.214664961 ], [ 91.858310504000059, 26.211230721000067 ], [ 91.857533180000047, 26.209208656 ], [ 91.856301956000053, 26.206781674000101 ], [ 91.855735939000027, 26.205544720999985 ], [ 91.85508128500004, 26.203343081000074 ], [ 91.854794728000044, 26.202138389000051 ] ], [ [ 91.847551691057731, 26.197298432876437 ], [ 91.849536475927707, 26.200302330388325 ], [ 91.852553098846457, 26.20475202568544 ], [ 91.846117180663441, 26.206491310025992 ], [ 91.844948213988971, 26.206689053856813 ], [ 91.841764664307846, 26.203929595674325 ], [ 91.84023671615158, 26.20079679203835 ], [ 91.841189100896344, 26.198141135405173 ], [ 91.847551691057731, 26.197298432876437 ] ] ] } },
{ "type": "Feature", "properties": { "District": "322", "Subdistt": "02131", "Town/Village": "303582", "Name": "Panikhaiti", "TRU": "Rural", "No_HH": 752, "TOT_P": 3817, "TOT_M": 1956, "TOT_F": 1861, "P_06": 484, "P_SC": 930, "P_ST": 501, "pc11_s_id": "18", "pc11_d_id": "322", "pc11_sd_id": "02131", "pc11_tv_id": "303582", "tv_name": "Panikhaiti", "mdds_og": 0, "total_area_sqm": 7486697.9931970192, "total_area_ha": 748.66979931970195, "flood_area_1998": 974105.65429616999, "flood_pct_1998": 13.011151981572064, "exposed_pop_1998": 497, "flood_area_1999": 86304.339512124992, "flood_pct_1999": 1.152769079112683, "exposed_pop_1999": 44, "flood_area_2004": 635081.8858926266, "flood_pct_2004": 8.4828035867041791, "exposed_pop_2004": 324, "flood_area_2012": 113073.18113617474, "flood_pct_2012": 1.510321122061042, "exposed_pop_2012": 58, "flood_area_2013": 38939.618142834152, "flood_pct_2013": 0.52011738924446582, "exposed_pop_2013": 20, "flood_years_exposed": 5, "flood_frequency": 1.0, "max_flood_exposure_pct": 13.011151981572064, "exposure_note": "ESTIMATE: spatial overlap with historical flood inundation polygons only. NOT actual people affected." }, "geometry": { "type": "Polygon", "coordinates": [ [ [ 91.883466934000069, 26.201548258000074 ], [ 91.883234857000048, 26.201497777000071 ], [ 91.880500038000079, 26.200954070000027 ], [ 91.8754249670001, 26.199801629999975 ], [ 91.873636842000025, 26.199316918000104 ], [ 91.873250728000059, 26.199117452000031 ], [ 91.872495593000011, 26.198602390000048 ], [ 91.870789134000034, 26.197565326000039 ], [ 91.87050442600011, 26.197276739000053 ], [ 91.868318912000021, 26.195088140000067 ], [ 91.867780350000046, 26.194636525000092 ], [ 91.867007684000072, 26.19401853700003 ], [ 91.866032427000022, 26.193266188000042 ], [ 91.865187831000043, 26.192611688000067 ], [ 91.8646916040001, 26.192154056000039 ], [ 91.858725982418221, 26.185194396304379 ], [ 91.858024647019846, 26.18512915858382 ], [ 91.855840601162868, 26.184975603841121 ], [ 91.852146658341653, 26.184779889780163 ], [ 91.851620459616612, 26.184770695111492 ], [ 91.851522861590865, 26.184776993063874 ], [ 91.851474955604743, 26.184806044763231 ], [ 91.851461876764247, 26.184836683765944 ], [ 91.851459579895689, 26.184885424322957 ], [ 91.851464467711082, 26.184916366397282 ], [ 91.851523289668165, 26.185014918603677 ], [ 91.851891276960984, 26.185512978441228 ], [ 91.852663674988662, 26.186326006040428 ], [ 91.853917997217849, 26.187289470432784 ], [ 91.855286777962505, 26.188636963325251 ], [ 91.856074608356579, 26.189508551178697 ], [ 91.856742463793765, 26.190437416853385 ], [ 91.85694524113002, 26.19071052387163 ], [ 91.856991640751673, 26.190804036277271 ], [ 91.856991200983188, 26.190884498620814 ], [ 91.85871108200007, 26.191937813 ], [ 91.859620709000112, 26.192649232000065 ], [ 91.859948047000017, 26.192875634000057 ], [ 91.860024434000124, 26.193145843000032 ], [ 91.859997314000097, 26.19376461300007 ], [ 91.859965547000044, 26.196129119000044 ], [ 91.85986347100004, 26.197026552000047 ], [ 91.859746443000034, 26.197421761000061 ], [ 91.859625861000012, 26.19789906900003 ], [ 91.859342754000025, 26.198680918000061 ], [ 91.859110788000109, 26.199154984000028 ], [ 91.858736980000089, 26.199719264000088 ], [ 91.858592706000053, 26.199890663000058 ], [ 91.858538194000076, 26.200007031 ], [ 91.858530141000116, 26.200193930000104 ], [ 91.858704788000097, 26.200760849000027 ], [ 91.859007466, 26.201510292000041 ], [ 91.859228982000033, 26.201622245000067 ], [ 91.86008226600002, 26.20210211600007 ], [ 91.860273574000047, 26.202183692000069 ], [ 91.860490039000098, 26.202418344000034 ], [ 91.860865007000129, 26.204029989000066 ], [ 91.86227326300012, 26.208034012999981 ], [ 91.862567374000022, 26.208778020000079 ], [ 91.863748454000046, 26.210592596000026 ], [ 91.864358959000114, 26.211563142000038 ], [ 91.865530852000091, 26.213005180999982 ], [ 91.867136289000058, 26.214816115000072 ], [ 91.867774876000041, 26.215723353 ], [ 91.868401382000101, 26.216974898000078 ], [ 91.868632666000053, 26.217652381 ], [ 91.868791834000078, 26.219163471000062 ], [ 91.868839908000055, 26.219622588000036 ], [ 91.868822686000044, 26.219840614000045 ], [ 91.86859339067253, 26.222743592742681 ], [ 91.8719101461364, 26.22466248968216 ], [ 91.874861982794357, 26.225909307068918 ], [ 91.878399575779838, 26.227118102918112 ], [ 91.882474851832981, 26.228247603743959 ], [ 91.887357035598782, 26.229172058243932 ], [ 91.887639165000053, 26.217905051000034 ], [ 91.887127661000093, 26.213831725999981 ], [ 91.886891288000072, 26.211949382000022 ], [ 91.886863344000062, 26.211726352000042 ], [ 91.886735095000034, 26.211448204000032 ], [ 91.886542939000023, 26.211267118000059 ], [ 91.886303278000099, 26.211127446000049 ], [ 91.885446949000112, 26.210698531 ], [ 91.885334822000075, 26.210584595000075 ], [ 91.885271275000065, 26.21046394500004 ], [ 91.885181907000032, 26.210260971000032 ], [ 91.885090674000125, 26.210084642 ], [ 91.884739746000037, 26.209607682000069 ], [ 91.884601613000072, 26.209420387000026 ], [ 91.884550025000067, 26.209255747 ], [ 91.884508304000079, 26.209045012000054 ], [ 91.884303666000022, 26.208203313000045 ], [ 91.884263298000064, 26.207354838000096 ], [ 91.88412762900002, 26.205284379000027 ], [ 91.883806595000109, 26.203000671000076 ], [ 91.883496246, 26.201645712000055 ], [ 91.883466934000069, 26.201548258000074 ] ] ] } },
{ "type": "Feature", "properties": { "District": "322", "Subdistt": "02131", "Town/Village": "303583", "Name": "Khankar", "TRU": "Rural", "No_HH": 130, "TOT_P": 649, "TOT_M": 329, "TOT_F": 320, "P_06": 84, "P_SC": 8, "P_ST": 92, "pc11_s_id": "18", "pc11_d_id": "322", "pc11_sd_id": "02131", "pc11_tv_id": "303583", "tv_name": "Khankar", "mdds_og": 0, "total_area_sqm": 2273277.3905614107, "total_area_ha": 227.32773905614107, "flood_area_1998": 57739.625611326468, "flood_pct_1998": 2.5399287324573723, "exposed_pop_1998": 16, "flood_area_1999": 0.0, "flood_pct_1999": 0.0, "exposed_pop_1999": 0, "flood_area_2004": 0.0, "flood_pct_2004": 0.0, "exposed_pop_2004": 0, "flood_area_2012": 0.0, "flood_pct_2012": 0.0, "exposed_pop_2012": 0, "flood_area_2013": 0.0, "flood_pct_2013": 0.0, "exposed_pop_2013": 0, "flood_years_exposed": 1, "flood_frequency": 0.2, "max_flood_exposure_pct": 2.5399287324573723, "exposure_note": "ESTIMATE: spatial overlap with historical flood inundation polygons only. NOT actual people affected." }, "geometry": { "type": "Polygon", "coordinates": [ [ [ 91.892546520000096, 26.211709900000102 ], [ 91.893862896000115, 26.211641622000048 ], [ 91.894560570000024, 26.211653966 ], [ 91.895492544000049, 26.211690456 ], [ 91.896312582000036, 26.211787169000011 ], [ 91.896691879000073, 26.211845502000042 ], [ 91.897865326000087, 26.212223477000052 ], [ 91.898566777000042, 26.212397580000069 ], [ 91.898889004000054, 26.212512040000036 ], [ 91.899071299000042, 26.212643924000112 ], [ 91.900383478000066, 26.213647461000011 ], [ 91.902530520000084, 26.215299802000036 ], [ 91.904044522000021, 26.216547467000062 ], [ 91.904463689000067, 26.216889019000078 ], [ 91.905025367000093, 26.217197308 ], [ 91.905843450000106, 26.217632506000044 ], [ 91.906293725000054, 26.217862261000047 ], [ 91.906597588000068, 26.217976927000031 ], [ 91.906772875000087, 26.21802224200005 ], [ 91.907200435000021, 26.218047843000036 ], [ 91.90692882700003, 26.217661108000101 ], [ 91.906827078000049, 26.217470816000077 ], [ 91.906764491000018, 26.217312748000055 ], [ 91.906750613000014, 26.217040090000054 ], [ 91.90670119100011, 26.215017066 ], [ 91.906456538000029, 26.212554060000048 ], [ 91.906135421000016, 26.210358958000057 ], [ 91.904778354000086, 26.209450649000043 ], [ 91.904293407000097, 26.209116264000087 ], [ 91.903714247000053, 26.208876367000045 ], [ 91.902742699000044, 26.208466152000032 ], [ 91.901181963000056, 26.207853096000022 ], [ 91.898388041, 26.206495107000016 ], [ 91.897069765000069, 26.205887326 ], [ 91.895484992000036, 26.205313224000104 ], [ 91.892566366000054, 26.204121493000088 ], [ 91.890558145000071, 26.203509563000082 ], [ 91.88722615000006, 26.202482457 ], [ 91.884015304000059, 26.201669772000091 ], [ 91.883466934000069, 26.201548258000074 ], [ 91.883496246, 26.201645712000055 ], [ 91.883806595000109, 26.203000671000076 ], [ 91.88412762900002, 26.205284379000027 ], [ 91.884263298000064, 26.207354838000096 ], [ 91.884303666000022, 26.208203313000045 ], [ 91.884508304000079, 26.209045012000054 ], [ 91.884550025000067, 26.209255747 ], [ 91.884601613000072, 26.209420387000026 ], [ 91.884739746000037, 26.209607682000069 ], [ 91.885090674000125, 26.210084642 ], [ 91.885181907000032, 26.210260971000032 ], [ 91.885271275000065, 26.21046394500004 ], [ 91.885334822000075, 26.210584595000075 ], [ 91.885446949000112, 26.210698531 ], [ 91.886303278000099, 26.211127446000049 ], [ 91.886542939000023, 26.211267118000059 ], [ 91.886735095000034, 26.211448204000032 ], [ 91.886863344000062, 26.211726352000042 ], [ 91.886891288000072, 26.211949382000022 ], [ 91.887127661000093, 26.213831725999981 ], [ 91.887639165000053, 26.217905051000034 ], [ 91.887357035598782, 26.229172058243932 ], [ 91.888952723389565, 26.229479457311111 ], [ 91.889541811000086, 26.220969106999981 ], [ 91.889601613000053, 26.218900661000077 ], [ 91.890013485000026, 26.215817302000044 ], [ 91.890194801000021, 26.214544035000031 ], [ 91.890244211000024, 26.214180032000023 ], [ 91.890260527000038, 26.213614316000111 ], [ 91.89037408800003, 26.213030475000032 ], [ 91.890654837000071, 26.212551749000035 ], [ 91.89091548500005, 26.212293934000019 ], [ 91.891172450000084, 26.212162774 ], [ 91.892059304000014, 26.211819694000038 ], [ 91.892546520000096, 26.211709900000102 ] ] ] } },
{ "type": "Feature", "properties": { "District": "322", "Subdistt": "02131", "Town/Village": "303584", "Name": "Hojobari", "TRU": "Rural", "No_HH": 221, "TOT_P": 1097, "TOT_M": 559, "TOT_F": 538, "P_06": 167, "P_SC": 195, "P_ST": 325, "pc11_s_id": "18", "pc11_d_id": "322", "pc11_sd_id": "02131", "pc11_tv_id": "303584", "tv_name": "Hojobari", "mdds_og": 0, "total_area_sqm": 1441937.7033832574, "total_area_ha": 144.19377033832575, "flood_area_1998": 78.151059801603466, "flood_pct_1998": 0.005419863813688728, "exposed_pop_1998": 0, "flood_area_1999": 0.0, "flood_pct_1999": 0.0, "exposed_pop_1999": 0, "flood_area_2004": 0.0, "flood_pct_2004": 0.0, "exposed_pop_2004": 0, "flood_area_2012": 1407.792404932271, "flood_pct_2012": 0.097631985184181647, "exposed_pop_2012": 1, "flood_area_2013": 0.0, "flood_pct_2013": 0.0, "exposed_pop_2013": 0, "flood_years_exposed": 2, "flood_frequency": 0.4, "max_flood_exposure_pct": 0.097631985184181647, "exposure_note": "ESTIMATE: spatial overlap with historical flood inundation polygons only. NOT actual people affected." }, "geometry": { "type": "Polygon", "coordinates": [ [ [ 91.906135421000045, 26.210358958000029 ], [ 91.906456538000043, 26.212554060000059 ], [ 91.906701191000082, 26.21501706600003 ], [ 91.906750613000042, 26.217040090000069 ], [ 91.906764491000047, 26.21731274800004 ], [ 91.906827078000049, 26.217470816000059 ], [ 91.906928827000058, 26.217661108000073 ], [ 91.90720043500005, 26.218047843000079 ], [ 91.90750610300006, 26.218463670000062 ], [ 91.907872821000069, 26.219164358000057 ], [ 91.907989541000063, 26.219347834000075 ], [ 91.908089304000043, 26.219442607000076 ], [ 91.908236460000069, 26.219530319000057 ], [ 91.910953092000057, 26.220388479000064 ], [ 91.912191967000069, 26.220792430000074 ], [ 91.912959528000044, 26.220954861000052 ], [ 91.914069443000074, 26.221191593000071 ], [ 91.914716910000038, 26.221320800000058 ], [ 91.915004322000073, 26.221365707000075 ], [ 91.915270976000045, 26.221452193000061 ], [ 91.916385474000037, 26.221919875000026 ], [ 91.91640065100006, 26.221465249000062 ], [ 91.916408029000081, 26.221085849000076 ], [ 91.916587415000038, 26.220695273000047 ], [ 91.916834087000041, 26.220286937000026 ], [ 91.916953712000065, 26.220055086000059 ], [ 91.916967873000033, 26.219860475000075 ], [ 91.91697257800007, 26.219611387000043 ], [ 91.91700402400005, 26.218547757000067 ], [ 91.91699630100004, 26.215942476000066 ], [ 91.916874797000048, 26.214570016000039 ], [ 91.916530436000073, 26.213165156000059 ], [ 91.916236471000047, 26.211993383000049 ], [ 91.916001280000046, 26.211552875000052 ], [ 91.915763282000057, 26.211266917000046 ], [ 91.91492326000008, 26.210021678000032 ], [ 91.914103799000031, 26.208829284000046 ], [ 91.912903698000036, 26.207397567000044 ], [ 91.912016678000043, 26.206116027000064 ], [ 91.910901158000058, 26.204631604000042 ], [ 91.910351810000066, 26.204915592000077 ], [ 91.908953943000085, 26.205587234000063 ], [ 91.90862661500006, 26.205760745000077 ], [ 91.908446896000044, 26.205959633000077 ], [ 91.907981316000075, 26.206809429000032 ], [ 91.907322634000082, 26.208011557000077 ], [ 91.907212208000033, 26.208230276000052 ], [ 91.907127218000085, 26.20852609700006 ], [ 91.907028316000037, 26.209772814000075 ], [ 91.906964762000086, 26.209902576000047 ], [ 91.906856660000074, 26.210012867000046 ], [ 91.906634093000037, 26.210142504000032 ], [ 91.906135421000045, 26.210358958000029 ] ] ] } },
{ "type": "Feature", "properties": { "District": "322", "Subdistt": "02131", "Town/Village": "303585", "Name": "Barchapahi", "TRU": "Rural", "No_HH": 7, "TOT_P": 25, "TOT_M": 15, "TOT_F": 10, "P_06": 2, "P_SC": 10, "P_ST": 0, "pc11_s_id": "18", "pc11_d_id": "322", "pc11_sd_id": "02131", "pc11_tv_id": "303585", "tv_name": "Barchapahi", "mdds_og": 0, "total_area_sqm": 7011964.4480057387, "total_area_ha": 701.19644480057389, "flood_area_1998": 2450642.1732762689, "flood_pct_1998": 34.949438084690406, "exposed_pop_1998": 9, "flood_area_1999": 1334291.2005207005, "flood_pct_1999": 19.028778745451056, "exposed_pop_1999": 5, "flood_area_2004": 1748051.593734164, "flood_pct_2004": 24.929555856937132, "exposed_pop_2004": 6, "flood_area_2012": 1209391.6868005022, "flood_pct_2012": 17.247544475848894, "exposed_pop_2012": 4, "flood_area_2013": 882362.19715388154, "flood_pct_2013": 12.583666156562343, "exposed_pop_2013": 3, "flood_years_exposed": 5, "flood_frequency": 1.0, "max_flood_exposure_pct": 34.949438084690406, "exposure_note": "ESTIMATE: spatial overlap with historical flood inundation polygons only. NOT actual people affected." }, "geometry": { "type": "Polygon", "coordinates": [ [ [ 91.931863710000087, 26.232904847999983 ], [ 91.930577544000073, 26.231744881000019 ], [ 91.928308657000102, 26.229594203000062 ], [ 91.926601489000063, 26.227949591000055 ], [ 91.925553953000076, 26.226937171000042 ], [ 91.92515036, 26.226559621000067 ], [ 91.924782498000113, 26.22631657100003 ], [ 91.923043716000038, 26.22522045000002 ], [ 91.92178519, 26.224443691000054 ], [ 91.920752857000124, 26.223864173000067 ], [ 91.918776969000064, 26.222848065000015 ], [ 91.918040620000056, 26.222501555000033 ], [ 91.916385474000066, 26.221919875000044 ], [ 91.915270976000045, 26.221452193000072 ], [ 91.915004322000101, 26.22136570700011 ], [ 91.914716910000038, 26.221320800000036 ], [ 91.914069443000116, 26.221191593000093 ], [ 91.91295952800003, 26.220954861000045 ], [ 91.912191967000112, 26.220792430000106 ], [ 91.910953092000014, 26.220388479000079 ], [ 91.90823646000004, 26.219530319000039 ], [ 91.908089304000029, 26.219442607000065 ], [ 91.907989541000035, 26.21934783400004 ], [ 91.907872821000055, 26.219164358000047 ], [ 91.907506103000088, 26.218463670000069 ], [ 91.907200435000021, 26.218047843000036 ], [ 91.906772875000087, 26.21802224200005 ], [ 91.906597588000068, 26.217976927000031 ], [ 91.906293725000054, 26.217862261000047 ], [ 91.905843450000106, 26.217632506000044 ], [ 91.905025367000093, 26.217197308 ], [ 91.904463689000067, 26.216889019000078 ], [ 91.904044522000021, 26.216547467000062 ], [ 91.902530520000084, 26.215299802000036 ], [ 91.900383478000066, 26.213647461000011 ], [ 91.899071299000042, 26.212643924000112 ], [ 91.898889004000054, 26.212512040000036 ], [ 91.898566777000042, 26.212397580000069 ], [ 91.897865326000087, 26.212223477000052 ], [ 91.896691879000073, 26.211845502000042 ], [ 91.896312582000036, 26.211787169000011 ], [ 91.895492544000049, 26.211690456 ], [ 91.894560570000024, 26.211653966 ], [ 91.893862896000115, 26.211641622000048 ], [ 91.892546520000096, 26.211709900000102 ], [ 91.892059304000014, 26.211819694000038 ], [ 91.891172450000084, 26.212162774 ], [ 91.89091548500005, 26.212293934000019 ], [ 91.890654837000071, 26.212551749000035 ], [ 91.89037408800003, 26.213030475000032 ], [ 91.890260527000038, 26.213614316000111 ], [ 91.890244211000024, 26.214180032000023 ], [ 91.890194801000021, 26.214544035000031 ], [ 91.890013485000026, 26.215817302000044 ], [ 91.889601613000053, 26.218900661000077 ], [ 91.889541811000086, 26.220969106999981 ], [ 91.888952723389565, 26.229479457311111 ], [ 91.894379348628078, 26.230017555865537 ], [ 91.896166711624531, 26.230194437223542 ], [ 91.896862652889141, 26.23014998463411 ], [ 91.897173714895075, 26.230086004165809 ], [ 91.898034644882998, 26.229670722425968 ], [ 91.898803043625591, 26.229267860323535 ], [ 91.898935253858923, 26.229254890300968 ], [ 91.899662208244322, 26.229246720859489 ], [ 91.900051924057095, 26.229258824835 ], [ 91.900752727056826, 26.229280651380993 ], [ 91.901160393337562, 26.229253723880319 ], [ 91.90143670913686, 26.229208935843751 ], [ 91.901803220642194, 26.228977903607387 ], [ 91.90191893011459, 26.228905467713215 ], [ 91.903698591316996, 26.227069871377484 ], [ 91.90417657738719, 26.226859501964483 ], [ 91.904993435198975, 26.226733692206139 ], [ 91.907799078065096, 26.226201071422306 ], [ 91.909274470740243, 26.226073834439934 ], [ 91.91038327906513, 26.226091103221894 ], [ 91.912106727243696, 26.226146820719265 ], [ 91.91271816820894, 26.226293539715151 ], [ 91.913336882890917, 26.226441747988272 ], [ 91.915712487041731, 26.227235810684224 ], [ 91.917460780790435, 26.228083443296324 ], [ 91.918540873762396, 26.228900031311486 ], [ 91.919460203026034, 26.230059397723071 ], [ 91.920185913649007, 26.231327332990073 ], [ 91.920588467283977, 26.23257749585477 ], [ 91.920704434861818, 26.233332304042634 ], [ 91.920703860195019, 26.233913784093854 ], [ 91.920717864437933, 26.234797270877408 ], [ 91.920980507844163, 26.236223599239761 ], [ 91.921005054839441, 26.23635726097886 ], [ 91.921020867618978, 26.237136276218198 ], [ 91.920936057053467, 26.237503288645847 ], [ 91.920862321638893, 26.237822336631567 ], [ 91.920618449781699, 26.239396475766785 ], [ 91.920617649385065, 26.239952458239468 ], [ 91.920696598169542, 26.240342171354225 ], [ 91.921024083594631, 26.241005238800774 ], [ 91.921666731034875, 26.241895149441596 ], [ 91.92397110708103, 26.244535298165506 ], [ 91.924903545762149, 26.245532976365826 ], [ 91.925872124598925, 26.246195413387685 ], [ 91.927654591686107, 26.246919667109037 ], [ 91.931054693619259, 26.247975955925629 ], [ 91.935211607429764, 26.24895592287757 ], [ 91.938377593000013, 26.243741029000045 ], [ 91.938940284000026, 26.241697869000014 ], [ 91.939045965000062, 26.24131413800006 ], [ 91.939630134000083, 26.23918803 ], [ 91.939633125000057, 26.239023251000049 ], [ 91.939635955000114, 26.238867287000023 ], [ 91.939602041000072, 26.238647664000059 ], [ 91.939494967000087, 26.238398895000081 ], [ 91.939377944000086, 26.238176102000033 ], [ 91.939068127000041, 26.23778748400003 ], [ 91.938080221000092, 26.236647734000051 ], [ 91.937695527000059, 26.236262117000031 ], [ 91.937520695000075, 26.236148760000066 ], [ 91.937168592000077, 26.235999490000061 ], [ 91.93565859600001, 26.235297784000089 ], [ 91.933164498000068, 26.233937858000012 ], [ 91.932619673000019, 26.233592836000064 ], [ 91.931928012000071, 26.232962960000084 ], [ 91.931863710000087, 26.232904847999983 ] ] ] } },
{ "type": "Feature", "properties": { "District": "322", "Subdistt": "02131", "Town/Village": "303586", "Name": "Tatimara", "TRU": "Rural", "No_HH": 404, "TOT_P": 1794, "TOT_M": 889, "TOT_F": 905, "P_06": 161, "P_SC": 91, "P_ST": 61, "pc11_s_id": "18", "pc11_d_id": "322", "pc11_sd_id": "02131", "pc11_tv_id": "303586", "tv_name": "Tatimara", "mdds_og": 0, "total_area_sqm": 1981572.4814273601, "total_area_ha": 198.15724814273602, "flood_area_1998": 399330.26003241393, "flood_pct_1998": 20.15219043336581, "exposed_pop_1998": 362, "flood_area_1999": 331663.26708730048, "flood_pct_1999": 16.737377521936409, "exposed_pop_1999": 300, "flood_area_2004": 616985.08823170606, "flood_pct_2004": 31.136135267042125, "exposed_pop_2004": 559, "flood_area_2012": 290707.8886964331, "flood_pct_2012": 14.670565493876426, "exposed_pop_2012": 263, "flood_area_2013": 150566.77649857235, "flood_pct_2013": 7.5983481759958922, "exposed_pop_2013": 136, "flood_years_exposed": 5, "flood_frequency": 1.0, "max_flood_exposure_pct": 31.136135267042125, "exposure_note": "ESTIMATE: spatial overlap with historical flood inundation polygons only. NOT actual people affected." }, "geometry": { "type": "Polygon", "coordinates": [ [ [ 91.946010084000122, 26.236850500000042 ], [ 91.946151557000093, 26.236809217 ], [ 91.94627332900005, 26.236814887000026 ], [ 91.946349763000072, 26.236830164000047 ], [ 91.946929933000021, 26.236999584000031 ], [ 91.947084759000035, 26.236992923000013 ], [ 91.947926352000039, 26.234695142000053 ], [ 91.948077449000024, 26.234298072000062 ], [ 91.948082113000055, 26.233992567 ], [ 91.948032719000054, 26.231906443000064 ], [ 91.948142079000036, 26.230545418000073 ], [ 91.948172195000041, 26.230215301000026 ], [ 91.94817655600005, 26.229833671000069 ], [ 91.947729829000124, 26.227144939 ], [ 91.947425362000075, 26.225385030000048 ], [ 91.947364917000044, 26.225211922000025 ], [ 91.947319590000021, 26.225112676000073 ], [ 91.947069225000092, 26.224827319 ], [ 91.946573704000031, 26.224392811000019 ], [ 91.946492246000048, 26.224354682000062 ], [ 91.946379089000089, 26.224348399000075 ], [ 91.946306676000063, 26.224359205000081 ], [ 91.945857367, 26.224566541000094 ], [ 91.944503169000043, 26.224994170000038 ], [ 91.944397697000028, 26.225175127000089 ], [ 91.944397060000057, 26.225244293000038 ], [ 91.944731559000019, 26.226471102000026 ], [ 91.944730471000113, 26.226581610000022 ], [ 91.944729376000026, 26.226692107000105 ], [ 91.944728332000025, 26.226796674000052 ], [ 91.94465504, 26.22698903800007 ], [ 91.944415511000074, 26.227320263000031 ], [ 91.944244429000037, 26.227421383000049 ], [ 91.944133506000099, 26.227489296000073 ], [ 91.942035837000091, 26.228162184000059 ], [ 91.939981220000092, 26.228959233000104 ], [ 91.939144703000068, 26.229300589000015 ], [ 91.93902670000007, 26.229324596000048 ], [ 91.938909095000014, 26.229317999000035 ], [ 91.938785267000071, 26.229305118000035 ], [ 91.938700783000016, 26.229256898000042 ], [ 91.938570331000051, 26.22918829300005 ], [ 91.938413797000067, 26.229105349000026 ], [ 91.937574633000096, 26.228831349000092 ], [ 91.935691245000044, 26.228370651000077 ], [ 91.934928916000032, 26.228088448000086 ], [ 91.933138238000112, 26.227233860000077 ], [ 91.931691294000117, 26.226315606000039 ], [ 91.931029938000023, 26.227784478000071 ], [ 91.931003539000059, 26.227933744999987 ], [ 91.930992786000047, 26.228090899000023 ], [ 91.931217607000093, 26.229083677000098 ], [ 91.931849666000076, 26.232357793000105 ], [ 91.931876327000055, 26.232654245000031 ], [ 91.931863710000087, 26.232904847999983 ], [ 91.931928012000071, 26.232962960000084 ], [ 91.932619673000019, 26.233592836000064 ], [ 91.933164498000068, 26.233937858000012 ], [ 91.93565859600001, 26.235297784000089 ], [ 91.937168592000077, 26.235999490000061 ], [ 91.937520695000075, 26.236148760000066 ], [ 91.937695527000059, 26.236262117000031 ], [ 91.938080221000092, 26.236647734000051 ], [ 91.939068127000041, 26.23778748400003 ], [ 91.939377944000086, 26.238176102000033 ], [ 91.939494967000087, 26.238398895000081 ], [ 91.939602041000072, 26.238647664000059 ], [ 91.939635955000114, 26.238867287000023 ], [ 91.939633125000057, 26.239023251000049 ], [ 91.939630134000083, 26.23918803 ], [ 91.939045965000062, 26.24131413800006 ], [ 91.938940284000026, 26.241697869000014 ], [ 91.938377593000013, 26.243741029000045 ], [ 91.935211607429764, 26.24895592287757 ], [ 91.937199269230959, 26.24934839421309 ], [ 91.940852989000092, 26.243344023000059 ], [ 91.941120440000105, 26.24290450500002 ], [ 91.942881897000106, 26.240007970000079 ], [ 91.943897912000068, 26.238795798000059 ], [ 91.944754841000091, 26.237872224000025 ], [ 91.94584096400007, 26.23697356200001 ], [ 91.946010084000122, 26.236850500000042 ] ] ] } },
{ "type": "Feature", "properties": { "District": "322", "Subdistt": "02131", "Town/Village": "303587", "Name": "2 No. Chandrapur", "TRU": "Rural", "No_HH": 256, "TOT_P": 1167, "TOT_M": 585, "TOT_F": 582, "P_06": 140, "P_SC": 45, "P_ST": 51, "pc11_s_id": "18", "pc11_d_id": "322", "pc11_sd_id": "02131", "pc11_tv_id": "303587", "tv_name": "2 No. Chandrapur", "mdds_og": 0, "total_area_sqm": 1979010.6608735158, "total_area_ha": 197.90106608735158, "flood_area_1998": 26735.66284474004, "flood_pct_1998": 1.3509610318591807, "exposed_pop_1998": 16, "flood_area_1999": 11208.760340469007, "flood_pct_1999": 0.56638200905504832, "exposed_pop_1999": 7, "flood_area_2004": 0.0, "flood_pct_2004": 0.0, "exposed_pop_2004": 0, "flood_area_2012": 0.0, "flood_pct_2012": 0.0, "exposed_pop_2012": 0, "flood_area_2013": 0.0, "flood_pct_2013": 0.0, "exposed_pop_2013": 0, "flood_years_exposed": 2, "flood_frequency": 0.4, "max_flood_exposure_pct": 1.3509610318591807, "exposure_note": "ESTIMATE: spatial overlap with historical flood inundation polygons only. NOT actual people affected." }, "geometry": { "type": "Polygon", "coordinates": [ [ [ 91.948433285000064, 26.237475385000053 ], [ 91.947084759000035, 26.236992923000013 ], [ 91.946929933000021, 26.236999584000031 ], [ 91.946349763000072, 26.236830164000047 ], [ 91.94627332900005, 26.236814887000026 ], [ 91.946151557000093, 26.236809217 ], [ 91.946010084000122, 26.236850500000042 ], [ 91.94584096400007, 26.23697356200001 ], [ 91.944754841000091, 26.237872224000025 ], [ 91.943897912000068, 26.238795798000059 ], [ 91.942881897000106, 26.240007970000079 ], [ 91.941120440000105, 26.24290450500002 ], [ 91.940852989000092, 26.243344023000059 ], [ 91.937199269230959, 26.24934839421309 ], [ 91.943228514884098, 26.250504583319945 ], [ 91.948840293444874, 26.251522375757119 ], [ 91.950265288112661, 26.251929566296539 ], [ 91.952482490174788, 26.252554170638476 ], [ 91.953186197000036, 26.251409497000022 ], [ 91.953463097000025, 26.250959082000058 ], [ 91.953902072000034, 26.250395437000051 ], [ 91.954116857000031, 26.250054234000064 ], [ 91.954348641000109, 26.249462495000042 ], [ 91.954832463000088, 26.247990658000031 ], [ 91.954985553000057, 26.247409158000057 ], [ 91.95502279800003, 26.246860243000025 ], [ 91.955076461000033, 26.245351408000062 ], [ 91.955021648000113, 26.244020558000081 ], [ 91.954815362, 26.242966920000033 ], [ 91.954651026000093, 26.242553338 ], [ 91.954393723000024, 26.242160302000084 ], [ 91.954044638000099, 26.241799300000057 ], [ 91.953540354000026, 26.241215735 ], [ 91.952124995000077, 26.239931981 ], [ 91.95066311300009, 26.238776785 ], [ 91.949672728000024, 26.238151483000038 ], [ 91.948433285000064, 26.237475385000053 ] ] ] } },
{ "type": "Feature", "properties": { "District": "322", "Subdistt": "02131", "Town/Village": "303588", "Name": "Chandrapur", "TRU": "Rural", "No_HH": 131, "TOT_P": 545, "TOT_M": 257, "TOT_F": 288, "P_06": 113, "P_SC": 43, "P_ST": 0, "pc11_s_id": "18", "pc11_d_id": "322", "pc11_sd_id": "02131", "pc11_tv_id": "303588", "tv_name": "Chandrapur", "mdds_og": 0, "total_area_sqm": 954458.16695974127, "total_area_ha": 95.445816695974131, "flood_area_1998": 245314.2896396321, "flood_pct_1998": 25.701942539926886, "exposed_pop_1998": 140, "flood_area_1999": 2530.6551139963403, "flood_pct_1999": 0.26514049558162384, "exposed_pop_1999": 1, "flood_area_2004": 283008.45236698614, "flood_pct_2004": 29.651215963551326, "exposed_pop_2004": 162, "flood_area_2012": 1275.5339117210219, "flood_pct_2012": 0.13363958273666524, "exposed_pop_2012": 1, "flood_area_2013": 768.02791149816267, "flood_pct_2013": 0.080467425193141845, "exposed_pop_2013": 0, "flood_years_exposed": 5, "flood_frequency": 1.0, "max_flood_exposure_pct": 29.651215963551326, "exposure_note": "ESTIMATE: spatial overlap with historical flood inundation polygons only. NOT actual people affected." }, "geometry": { "type": "Polygon", "coordinates": [ [ [ 91.931691294000075, 26.226315606000071 ], [ 91.933138238000083, 26.227233860000069 ], [ 91.934928916000047, 26.228088448000051 ], [ 91.935691245000044, 26.228370651000034 ], [ 91.937574633000054, 26.228831349000075 ], [ 91.938413797000067, 26.229105349000065 ], [ 91.938570331000051, 26.22918829300005 ], [ 91.938700783000058, 26.229256898000074 ], [ 91.938785267000071, 26.22930511800007 ], [ 91.938909095000042, 26.229317999000045 ], [ 91.939026700000056, 26.229324596000026 ], [ 91.939144703000068, 26.229300589000047 ], [ 91.93998122000005, 26.228959233000069 ], [ 91.942035837000049, 26.228162184000041 ], [ 91.944133506000071, 26.227489296000044 ], [ 91.944244429000037, 26.227421383000035 ], [ 91.944415511000045, 26.227320263000024 ], [ 91.944655040000043, 26.226989038000056 ], [ 91.944728332000068, 26.22679667400007 ], [ 91.944729376000055, 26.226692107000076 ], [ 91.944730471000071, 26.226581610000039 ], [ 91.944731559000047, 26.226471102000062 ], [ 91.944397060000085, 26.22524429300006 ], [ 91.944397697000056, 26.225175127000057 ], [ 91.944503169000086, 26.224994170000059 ], [ 91.944398658000068, 26.224954695000065 ], [ 91.942628977000084, 26.224336116000075 ], [ 91.940339468000047, 26.223606572000051 ], [ 91.938737542000069, 26.223147414000039 ], [ 91.937362479000058, 26.222766701000069 ], [ 91.934655107000083, 26.222046936000027 ], [ 91.932489201000067, 26.221415122000053 ], [ 91.931644726000059, 26.22107724500006 ], [ 91.929818372000057, 26.220285926000031 ], [ 91.928686177000031, 26.21972312500003 ], [ 91.928027218000068, 26.219402783000078 ], [ 91.927448305000041, 26.218999690000032 ], [ 91.926550563000035, 26.218296671000076 ], [ 91.926277416000062, 26.21800670600004 ], [ 91.92594383800008, 26.217706838000026 ], [ 91.925677513000039, 26.217465145000062 ], [ 91.925369446000047, 26.21939668300007 ], [ 91.925393571000086, 26.219600737000064 ], [ 91.925573931000031, 26.21992844600004 ], [ 91.926359283000068, 26.221067366000057 ], [ 91.926514894000036, 26.221245734000036 ], [ 91.926680880000049, 26.221362949000024 ], [ 91.926977190000059, 26.221532296000078 ], [ 91.928313368000033, 26.222052691000044 ], [ 91.928506892000087, 26.222170585000072 ], [ 91.929042076000087, 26.222628846000077 ], [ 91.929327375000071, 26.222947602000033 ], [ 91.929988652000077, 26.223796435000054 ], [ 91.930812243000048, 26.225004569000077 ], [ 91.931211344000076, 26.22584517100006 ], [ 91.931368706000058, 26.226013788000046 ], [ 91.931691294000075, 26.226315606000071 ] ] ] } },
{ "type": "Feature", "properties": { "District": "322", "Subdistt": "02131", "Town/Village": "303589", "Name": "Kajalichowki", "TRU": "Rural", "No_HH": 37, "TOT_P": 185, "TOT_M": 98, "TOT_F": 87, "P_06": 18, "P_SC": 0, "P_ST": 0, "pc11_s_id": "18", "pc11_d_id": "322", "pc11_sd_id": "02131", "pc11_tv_id": "303589", "tv_name": "Kajalichowki", "mdds_og": 0, "total_area_sqm": 1712872.8621842808, "total_area_ha": 171.28728621842808, "flood_area_1998": 505144.08630665683, "flood_pct_1998": 29.491043816438872, "exposed_pop_1998": 55, "flood_area_1999": 223451.41551314981, "flood_pct_1999": 13.045417464796616, "exposed_pop_1999": 24, "flood_area_2004": 480120.03262478585, "flood_pct_2004": 28.030103297481734, "exposed_pop_2004": 52, "flood_area_2012": 195240.54288354231, "flood_pct_2012": 11.398425837313383, "exposed_pop_2012": 21, "flood_area_2013": 142594.46578620432, "flood_pct_2013": 8.3248715613583695, "exposed_pop_2013": 15, "flood_years_exposed": 5, "flood_frequency": 1.0, "max_flood_exposure_pct": 29.491043816438872, "exposure_note": "ESTIMATE: spatial overlap with historical flood inundation polygons only. NOT actual people affected." }, "geometry": { "type": "Polygon", "coordinates": [ [ [ 91.978193094000105, 26.247656998000046 ], [ 91.978065188000087, 26.246094059000047 ], [ 91.978150087000103, 26.245085935000034 ], [ 91.978257529000103, 26.244016993000052 ], [ 91.978181751000051, 26.244012867000066 ], [ 91.97620777700007, 26.244026479000038 ], [ 91.97424383500001, 26.244250383000089 ], [ 91.971107327000112, 26.244436888000067 ], [ 91.970197567000071, 26.244456904000035 ], [ 91.969866398000107, 26.244447656000069 ], [ 91.968886491000035, 26.24425583 ], [ 91.968625762000045, 26.244205631000028 ], [ 91.967896885000044, 26.244101562000033 ], [ 91.967839299000076, 26.244100184 ], [ 91.967764914000043, 26.244129626000046 ], [ 91.967755649000082, 26.244175752000043 ], [ 91.96773402500007, 26.24437764200005 ], [ 91.967620572000015, 26.244987782000084 ], [ 91.967421388000048, 26.245768832000049 ], [ 91.967280428000024, 26.246323296000096 ], [ 91.967261325000038, 26.246598887000072 ], [ 91.967221136, 26.246807790000037 ], [ 91.96679146200006, 26.247670953000046 ], [ 91.96664347800008, 26.248021852000036 ], [ 91.966274301000084, 26.249850633 ], [ 91.966064460000041, 26.250375538000092 ], [ 91.965612748000055, 26.251314932000103 ], [ 91.965142964000094, 26.252182060000084 ], [ 91.96414094684728, 26.255406026966632 ], [ 91.967482454351853, 26.255465912821663 ], [ 91.969355817716902, 26.255541347954914 ], [ 91.969676883781219, 26.255635139150435 ], [ 91.970041120001696, 26.255741893173834 ], [ 91.970202961997131, 26.255789355794246 ], [ 91.971792877939066, 26.256550728133643 ], [ 91.973389899424348, 26.25764895503524 ], [ 91.975036736156483, 26.2592863695704 ], [ 91.976006653184598, 26.260155199203172 ], [ 91.977010501000052, 26.258772077000092 ], [ 91.977465091000084, 26.257785891000029 ], [ 91.977573238000062, 26.257020857000057 ], [ 91.977645228000071, 26.256552971000069 ], [ 91.977792422000078, 26.254372753000066 ], [ 91.977806013000048, 26.253712660000073 ], [ 91.977842422000037, 26.253472827000035 ], [ 91.977920935000057, 26.253266027000066 ], [ 91.978506431000099, 26.252018665000065 ], [ 91.978627917000026, 26.251761599000112 ], [ 91.978694965000059, 26.251606343000056 ], [ 91.978698836000035, 26.251438846000053 ], [ 91.978509534000082, 26.250545773000056 ], [ 91.978207479000048, 26.247829173000081 ], [ 91.978193094000105, 26.247656998000046 ] ] ] } },
{ "type": "Feature", "properties": { "District": "322", "Subdistt": "02131", "Town/Village": "303590", "Name": "Mikirpam", "TRU": "Rural", "No_HH": 0, "TOT_P": 0, "TOT_M": 0, "TOT_F": 0, "P_06": 0, "P_SC": 0, "P_ST": 0, "pc11_s_id": "18", "pc11_d_id": "322", "pc11_sd_id": "02131", "pc11_tv_id": "303590", "tv_name": "Mikirpam", "mdds_og": 0, "total_area_sqm": 1754290.1890749603, "total_area_ha": 175.42901890749604, "flood_area_1998": 119253.73552886986, "flood_pct_1998": 6.7978340340461294, "exposed_pop_1998": 0, "flood_area_1999": 6276.0117170691283, "flood_pct_1999": 0.35775219836226058, "exposed_pop_1999": 0, "flood_area_2004": 119802.67002956998, "flood_pct_2004": 6.8291250088300446, "exposed_pop_2004": 0, "flood_area_2012": 10323.912669057117, "flood_pct_2012": 0.58849514939720038, "exposed_pop_2012": 0, "flood_area_2013": 27.563581792410201, "flood_pct_2013": 0.0015712099380174108, "exposed_pop_2013": 0, "flood_years_exposed": 5, "flood_frequency": 1.0, "max_flood_exposure_pct": 6.8291250088300446, "exposure_note": "ESTIMATE: spatial overlap with historical flood inundation polygons only. NOT actual people affected." }, "geometry": { "type": "Polygon", "coordinates": [ [ [ 91.991876327430688, 26.258485225612738 ], [ 91.989245165000085, 26.25830879400004 ], [ 91.988847024, 26.258239191000055 ], [ 91.988456516000028, 26.258152943000024 ], [ 91.98822958000008, 26.258050464000071 ], [ 91.987856565000044, 26.257800422000077 ], [ 91.986966435000014, 26.257158491000077 ], [ 91.98675691600009, 26.256965994000048 ], [ 91.986420715000065, 26.256553017999984 ], [ 91.985342745000054, 26.255283658000028 ], [ 91.984980836000034, 26.254840687000058 ], [ 91.98383473800007, 26.25363748500007 ], [ 91.98254985300008, 26.252354776000075 ], [ 91.980628454000083, 26.250236975000085 ], [ 91.979626025000101, 26.249048304000056 ], [ 91.978720550000048, 26.2481137 ], [ 91.978193094000105, 26.247656998000046 ], [ 91.978207479000048, 26.247829173000081 ], [ 91.978509534000082, 26.250545773000056 ], [ 91.978698836000035, 26.251438846000053 ], [ 91.978694965000059, 26.251606343000056 ], [ 91.978627917000026, 26.251761599000112 ], [ 91.978506431000099, 26.252018665000065 ], [ 91.977920935000057, 26.253266027000066 ], [ 91.977842422000037, 26.253472827000035 ], [ 91.977806013000048, 26.253712660000073 ], [ 91.977792422000078, 26.254372753000066 ], [ 91.977645228000071, 26.256552971000069 ], [ 91.977573238000062, 26.257020857000057 ], [ 91.977465091000084, 26.257785891000029 ], [ 91.977010501000052, 26.258772077000092 ], [ 91.976006653184598, 26.260155199203172 ], [ 91.976280228749644, 26.260400902979342 ], [ 91.97715797516048, 26.260815452671071 ], [ 91.977880058817703, 26.26116947798911 ], [ 91.983779856055577, 26.26465117541148 ], [ 91.987843512867869, 26.267277951216528 ], [ 91.990137779634921, 26.268303274576521 ], [ 91.991914390336845, 26.268874933131681 ], [ 91.992091742040301, 26.268059704891566 ], [ 91.992071962351218, 26.267616138574024 ], [ 91.992314574258316, 26.263460324634291 ], [ 91.991876327430688, 26.258485225612738 ] ] ] } },
{ "type": "Feature", "properties": { "District": "322", "Subdistt": "02131", "Town/Village": "303591", "Name": "Hatibagara", "TRU": "Rural", "No_HH": 133, "TOT_P": 725, "TOT_M": 376, "TOT_F": 349, "P_06": 98, "P_SC": 129, "P_ST": 2, "pc11_s_id": "18", "pc11_d_id": "322", "pc11_sd_id": "02131", "pc11_tv_id": "303591", "tv_name": "Hatibagara", "mdds_og": 0, "total_area_sqm": 1309985.4766998999, "total_area_ha": 130.99854766998999, "flood_area_1998": 61243.783649505451, "flood_pct_1998": 4.6751498195071655, "exposed_pop_1998": 34, "flood_area_1999": 49100.054750858799, "flood_pct_1999": 3.7481373361902519, "exposed_pop_1999": 27, "flood_area_2004": 155101.84016554052, "flood_pct_2004": 11.839966390793222, "exposed_pop_2004": 86, "flood_area_2012": 101037.000112226, "flood_pct_2012": 7.7128336084119979, "exposed_pop_2012": 56, "flood_area_2013": 47304.924173333187, "flood_pct_2013": 3.611102948446665, "exposed_pop_2013": 26, "flood_years_exposed": 5, "flood_frequency": 1.0, "max_flood_exposure_pct": 11.839966390793222, "exposure_note": "ESTIMATE: spatial overlap with historical flood inundation polygons only. NOT actual people affected." }, "geometry": { "type": "Polygon", "coordinates": [ [ [ 91.990085320381269, 26.247598564422248 ], [ 91.988958674003655, 26.245230307732559 ], [ 91.985910348000033, 26.245518783000055 ], [ 91.984682758000076, 26.245466692 ], [ 91.984021852000097, 26.245386716000052 ], [ 91.983680013000054, 26.245354748000072 ], [ 91.983052001000061, 26.245153253000097 ], [ 91.981665431000081, 26.244791013000057 ], [ 91.980924488000056, 26.244577330000052 ], [ 91.979735438, 26.244250522000101 ], [ 91.978640732000017, 26.244039839000077 ], [ 91.978257529000103, 26.244016993000052 ], [ 91.978150087000103, 26.245085935000034 ], [ 91.978065188000087, 26.246094059000047 ], [ 91.978193094000105, 26.247656998000046 ], [ 91.978720550000048, 26.2481137 ], [ 91.979626025000101, 26.249048304000056 ], [ 91.980628454000083, 26.250236975000085 ], [ 91.98254985300008, 26.252354776000075 ], [ 91.98383473800007, 26.25363748500007 ], [ 91.984980836000034, 26.254840687000058 ], [ 91.985342745000054, 26.255283658000028 ], [ 91.986420715000065, 26.256553017999984 ], [ 91.98675691600009, 26.256965994000048 ], [ 91.986966435000014, 26.257158491000077 ], [ 91.987856565000044, 26.257800422000077 ], [ 91.98822958000008, 26.258050464000071 ], [ 91.988456516000028, 26.258152943000024 ], [ 91.988847024, 26.258239191000055 ], [ 91.989245165000085, 26.25830879400004 ], [ 91.991876327430688, 26.258485225612738 ], [ 91.991675596951339, 26.256099852126535 ], [ 91.991790495235293, 26.251849703800811 ], [ 91.991781930092031, 26.251546583707963 ], [ 91.991722064022071, 26.251134552117961 ], [ 91.991546074791586, 26.250861831808159 ], [ 91.990566981081386, 26.248597451311362 ], [ 91.990085320381269, 26.247598564422248 ] ] ] } },
{ "type": "Feature", "properties": { "District": "322", "Subdistt": "02131", "Town/Village": "303592", "Name": "Gobardhan Grant", "TRU": "Rural", "No_HH": 530, "TOT_P": 2875, "TOT_M": 1452, "TOT_F": 1423, "P_06": 433, "P_SC": 844, "P_ST": 1282, "pc11_s_id": "18", "pc11_d_id": "322", "pc11_sd_id": "02131", "pc11_tv_id": "303592", "tv_name": "Gobardhan Grant", "mdds_og": 0, "total_area_sqm": 6903668.4206705177, "total_area_ha": 690.36684206705172, "flood_area_1998": 1704512.7694468675, "flood_pct_1998": 24.689957071856544, "exposed_pop_1998": 710, "flood_area_1999": 981267.00298419001, "flood_pct_1999": 14.213704123537333, "exposed_pop_1999": 409, "flood_area_2004": 1725608.062451937, "flood_pct_2004": 24.995523500016787, "exposed_pop_2004": 719, "flood_area_2012": 1688271.4914113334, "flood_pct_2012": 24.454701305706109, "exposed_pop_2012": 703, "flood_area_2013": 1350352.3011109338, "flood_pct_2013": 19.559924069756828, "exposed_pop_2013": 562, "flood_years_exposed": 5, "flood_frequency": 1.0, "max_flood_exposure_pct": 24.995523500016787, "exposure_note": "ESTIMATE: spatial overlap with historical flood inundation polygons only. NOT actual people affected." }, "geometry": { "type": "Polygon", "coordinates": [ [ [ 91.967764914000043, 26.244129626000074 ], [ 91.967839299000048, 26.244100184000047 ], [ 91.967896885000073, 26.244101562000026 ], [ 91.968625762000045, 26.244205631000057 ], [ 91.968886491000035, 26.244255830000043 ], [ 91.969866398000079, 26.244447656000034 ], [ 91.970197567000071, 26.24445690400006 ], [ 91.971107327000084, 26.244436888000052 ], [ 91.974243835000038, 26.244250383000065 ], [ 91.97620777700007, 26.24402647900007 ], [ 91.978181751000079, 26.244012867000038 ], [ 91.978257529000075, 26.244016993000059 ], [ 91.978640732000031, 26.244039839000038 ], [ 91.979735438000034, 26.244250522000073 ], [ 91.980924488000085, 26.244577330000027 ], [ 91.981665431000067, 26.244791013000054 ], [ 91.981906931000083, 26.244451394000066 ], [ 91.982324684000048, 26.243811896000068 ], [ 91.98274654100004, 26.24326572700005 ], [ 91.982996825000043, 26.242939994000039 ], [ 91.983715438000047, 26.241575408000074 ], [ 91.983847174000061, 26.24131109700005 ], [ 91.983901239000033, 26.241136116000064 ], [ 91.983905753000045, 26.240975869000067 ], [ 91.983894013000054, 26.238464352000051 ], [ 91.983868441000084, 26.238319741000055 ], [ 91.983849200000066, 26.238213417000054 ], [ 91.983793287000083, 26.238128215000074 ], [ 91.983353616000045, 26.237729191000028 ], [ 91.982547706000048, 26.23688566900006 ], [ 91.981191893000073, 26.235229285000059 ], [ 91.980324739000082, 26.23419296700007 ], [ 91.978563251000082, 26.232106901000066 ], [ 91.978201358000035, 26.231759667000063 ], [ 91.978143033000038, 26.23157453500005 ], [ 91.978115543000058, 26.231423806000066 ], [ 91.977487425000049, 26.22785710900007 ], [ 91.977491081000039, 26.227694996000025 ], [ 91.977512310000066, 26.227580058000058 ], [ 91.977553065000052, 26.227466829000036 ], [ 91.97783060900008, 26.226855206000039 ], [ 91.97805866300007, 26.226336596000067 ], [ 91.978112401000033, 26.226061317000074 ], [ 91.978177459000051, 26.225611203000028 ], [ 91.978216898000085, 26.225438982000071 ], [ 91.978349919000038, 26.224848077000047 ], [ 91.977319701000056, 26.225139058000025 ], [ 91.975941849000037, 26.225515452000025 ], [ 91.97496964000004, 26.225614725000071 ], [ 91.974439209000082, 26.225682154000026 ], [ 91.974043038000048, 26.225784349000037 ], [ 91.973526076000041, 26.225976898000056 ], [ 91.97273814600004, 26.225816139000074 ], [ 91.972449841000071, 26.225771027000064 ], [ 91.971799720000035, 26.225672647000067 ], [ 91.971507963000079, 26.225599084000066 ], [ 91.971187720000046, 26.225461794000068 ], [ 91.970250625000062, 26.224970131000077 ], [ 91.969292012000039, 26.224405282000077 ], [ 91.968744097000069, 26.224321876000033 ], [ 91.967885305000038, 26.224231558000042 ], [ 91.967274755000062, 26.224161476000063 ], [ 91.966846357000065, 26.224082188000068 ], [ 91.965768704000084, 26.223882199000059 ], [ 91.962260487000037, 26.223110851000058 ], [ 91.959880989000055, 26.222457244000054 ], [ 91.959606895000036, 26.222360309000067 ], [ 91.958127805000061, 26.221536855000068 ], [ 91.957871558000079, 26.221330585000032 ], [ 91.957561999000063, 26.221080826000048 ], [ 91.95740298000004, 26.220871467000052 ], [ 91.957252302000086, 26.220645606000062 ], [ 91.956534451000039, 26.219082721000063 ], [ 91.956090393000068, 26.218047242000068 ], [ 91.955611590000046, 26.217316155000049 ], [ 91.955240070000059, 26.21683334100004 ], [ 91.955169911000041, 26.21672901200003 ], [ 91.954945875000078, 26.216652227000054 ], [ 91.954858223000031, 26.216590742000051 ], [ 91.954323029000079, 26.216210238000031 ], [ 91.953541046000055, 26.215682504000029 ], [ 91.95284403800008, 26.215292491000071 ], [ 91.952329618000078, 26.215084675000071 ], [ 91.95165595900005, 26.214887753000028 ], [ 91.951061343000049, 26.214809649000074 ], [ 91.950893657000051, 26.214800245000049 ], [ 91.950781158000041, 26.214819851000073 ], [ 91.95072697300003, 26.214867654000045 ], [ 91.950660202000051, 26.215094208000039 ], [ 91.950506812000071, 26.215507347000027 ], [ 91.950446322000062, 26.215573753000058 ], [ 91.950385863000065, 26.215583327000047 ], [ 91.950265971000078, 26.215614498000036 ], [ 91.949396436000086, 26.215668348000065 ], [ 91.947447655000076, 26.215883897000026 ], [ 91.947758187000034, 26.217501179000067 ], [ 91.947774034000076, 26.217758920000051 ], [ 91.947764315000086, 26.218143480000037 ], [ 91.947628892000068, 26.219784792000041 ], [ 91.947233038000036, 26.222932960000037 ], [ 91.947107403000075, 26.224094191000063 ], [ 91.947094969000034, 26.224486883000054 ], [ 91.947069225000064, 26.224827319000042 ], [ 91.947319590000063, 26.225112676000037 ], [ 91.947364917000073, 26.225211922000028 ], [ 91.947425362000047, 26.225385030000041 ], [ 91.947729829000082, 26.227144939000027 ], [ 91.948176556000078, 26.229833671000051 ], [ 91.948172195000041, 26.230215301000044 ], [ 91.948142079000036, 26.230545418000077 ], [ 91.949135394000052, 26.231218015000024 ], [ 91.950077339000075, 26.232167526000069 ], [ 91.951510700000085, 26.233575057000053 ], [ 91.951778155000056, 26.233850171000029 ], [ 91.952045507000037, 26.234058878000042 ], [ 91.954337195000051, 26.235661106000066 ], [ 91.955620423000084, 26.236573393000072 ], [ 91.957136945000059, 26.237837330000048 ], [ 91.957823559000076, 26.238379801000065 ], [ 91.958687524000084, 26.239333337000062 ], [ 91.959402104000048, 26.240185406000023 ], [ 91.962400918000071, 26.242515456000035 ], [ 91.963125381000054, 26.24324000200005 ], [ 91.964289282000038, 26.244453533000069 ], [ 91.964445364000085, 26.244573666000065 ], [ 91.964791815000069, 26.244760826000061 ], [ 91.965004923000038, 26.244840602000068 ], [ 91.965743338000038, 26.245120114000031 ], [ 91.966979130000084, 26.245593993000057 ], [ 91.967421388000048, 26.245768832000067 ], [ 91.967620572000044, 26.244987782000067 ], [ 91.967734025000084, 26.244377642000075 ], [ 91.967755649000082, 26.244175752000046 ], [ 91.967764914000043, 26.244129626000074 ] ] ] } },
{ "type": "Feature", "properties": { "District": "322", "Subdistt": "02131", "Town/Village": "303593", "Name": "Ghoramarajan Pam", "TRU": "Rural", "No_HH": 350, "TOT_P": 1834, "TOT_M": 933, "TOT_F": 901, "P_06": 273, "P_SC": 1442, "P_ST": 19, "pc11_s_id": "18", "pc11_d_id": "322", "pc11_sd_id": "02131", "pc11_tv_id": "303593", "tv_name": "Ghoramarajan Pam", "mdds_og": 0, "total_area_sqm": 1385851.106872926, "total_area_ha": 138.5851106872926, "flood_area_1998": 1234882.4351410421, "flood_pct_1998": 89.106429183973887, "exposed_pop_1998": 1634, "flood_area_1999": 944758.90645783348, "flood_pct_1999": 68.17174671740996, "exposed_pop_1999": 1250, "flood_area_2004": 1263845.6681655354, "flood_pct_2004": 91.196353049593682, "exposed_pop_2004": 1673, "flood_area_2012": 1281635.641450576, "flood_pct_2012": 92.480038807523499, "exposed_pop_2012": 1696, "flood_area_2013": 1171660.5102246183, "flood_pct_2013": 84.544472664771803, "exposed_pop_2013": 1551, "flood_years_exposed": 5, "flood_frequency": 1.0, "max_flood_exposure_pct": 92.480038807523499, "exposure_note": "ESTIMATE: spatial overlap with historical flood inundation polygons only. NOT actual people affected." }, "geometry": { "type": "Polygon", "coordinates": [ [ [ 91.988958674003655, 26.245230307732559 ], [ 91.988549795436739, 26.244366632114424 ], [ 91.988433780194882, 26.243988166820476 ], [ 91.988315925839359, 26.243683785878069 ], [ 91.988319673314308, 26.24353467288687 ], [ 91.988331374393439, 26.243069246748441 ], [ 91.988742852900344, 26.240199147672527 ], [ 91.988921122811632, 26.239831619033982 ], [ 91.989046881308582, 26.239736708182626 ], [ 91.991021202566529, 26.238870990204077 ], [ 91.990094716000044, 26.237215490000043 ], [ 91.989001594000101, 26.23490096800003 ], [ 91.988915234000061, 26.234639836 ], [ 91.988920447000041, 26.234447714 ], [ 91.9889254120001, 26.234265103 ], [ 91.989020453000052, 26.233804773000013 ], [ 91.987627154000066, 26.232649254000062 ], [ 91.986100820000075, 26.231297091 ], [ 91.984538500000042, 26.229814432000076 ], [ 91.983326024000078, 26.228802711000032 ], [ 91.981933089000023, 26.227721556000105 ], [ 91.979598274000111, 26.225853733000104 ], [ 91.979139432000068, 26.225483716000042 ], [ 91.978349919000024, 26.224848077000029 ], [ 91.978216898000113, 26.225438982000071 ], [ 91.978177459000051, 26.225611203000021 ], [ 91.978112401, 26.226061317000049 ], [ 91.978058663000084, 26.226336596000088 ], [ 91.977830609000051, 26.22685520600001 ], [ 91.97755306500008, 26.227466829000079 ], [ 91.977512310000094, 26.227580058000033 ], [ 91.977491081000011, 26.227694996000039 ], [ 91.977487425000078, 26.227857109000041 ], [ 91.978115543000087, 26.231423806000098 ], [ 91.978143033000052, 26.231574535000046 ], [ 91.978201358000078, 26.231759667000087 ], [ 91.978563251000082, 26.232106901000041 ], [ 91.980324739000082, 26.23419296700007 ], [ 91.981191893000073, 26.235229285000017 ], [ 91.982547706000076, 26.236885669000021 ], [ 91.983353616000045, 26.237729191 ], [ 91.983793287000111, 26.238128215000067 ], [ 91.983849200000023, 26.238213417000011 ], [ 91.983868441000112, 26.238319741000016 ], [ 91.983894013000082, 26.238464352000079 ], [ 91.983905753000087, 26.240975869000049 ], [ 91.983901239000062, 26.241136116000074 ], [ 91.983847174000033, 26.241311097000075 ], [ 91.983715438000061, 26.241575408000095 ], [ 91.982996825000015, 26.242939994000025 ], [ 91.982746541000012, 26.243265727000065 ], [ 91.982324684, 26.243811896000047 ], [ 91.981906931000083, 26.244451394000023 ], [ 91.981665431000081, 26.244791013000057 ], [ 91.983052001000061, 26.245153253000097 ], [ 91.983680013000054, 26.245354748000072 ], [ 91.984021852000097, 26.245386716000052 ], [ 91.984682758000076, 26.245466692 ], [ 91.985910348000033, 26.245518783000055 ], [ 91.988958674003655, 26.245230307732559 ] ] ] } },
{ "type": "Feature", "properties": { "District": "322", "Subdistt": "02131", "Town/Village": "303594", "Name": "Govali", "TRU": "Rural", "No_HH": 170, "TOT_P": 983, "TOT_M": 526, "TOT_F": 457, "P_06": 107, "P_SC": 152, "P_ST": 0, "pc11_s_id": "18", "pc11_d_id": "322", "pc11_sd_id": "02131", "pc11_tv_id": "303594", "tv_name": "Govali", "mdds_og": 0, "total_area_sqm": 1340005.5243847556, "total_area_ha": 134.00055243847555, "flood_area_1998": 1172950.6512735377, "flood_pct_1998": 87.533269820815192, "exposed_pop_1998": 860, "flood_area_1999": 1163357.6274952635, "flood_pct_1999": 86.817375475328916, "exposed_pop_1999": 853, "flood_area_2004": 1173881.4758526303, "flood_pct_2004": 87.602734055264534, "exposed_pop_2004": 861, "flood_area_2012": 1264166.6310638532, "flood_pct_2012": 94.34040442812929, "exposed_pop_2012": 927, "flood_area_2013": 1033697.462854867, "flood_pct_2013": 77.141283677130687, "exposed_pop_2013": 758, "flood_years_exposed": 5, "flood_frequency": 1.0, "max_flood_exposure_pct": 94.34040442812929, "exposure_note": "ESTIMATE: spatial overlap with historical flood inundation polygons only. NOT actual people affected." }, "geometry": { "type": "Polygon", "coordinates": [ [ [ 92.018696864568739, 26.236722701391635 ], [ 92.018686772376768, 26.236403534695363 ], [ 92.018553645734258, 26.234757552319277 ], [ 92.018478532558305, 26.23436092881386 ], [ 92.018361411150266, 26.233948968270315 ], [ 92.018105750979643, 26.233546411038144 ], [ 92.017430029172516, 26.232795446552615 ], [ 92.016411367000032, 26.232818142 ], [ 92.016123558000018, 26.232798877 ], [ 92.015845232000089, 26.232770302000041 ], [ 92.015616864, 26.232682559000065 ], [ 92.015300148, 26.232551111000113 ], [ 92.01419650200009, 26.231556294000047 ], [ 92.012779320000078, 26.230418545000056 ], [ 92.012669354000124, 26.230318462000035 ], [ 92.012583351000018, 26.230308883000042 ], [ 92.012497305000096, 26.230304974999985 ], [ 92.011677669000051, 26.230607541000062 ], [ 92.010631008000047, 26.230943726000078 ], [ 92.01048142800002, 26.231017224000031 ], [ 92.010340961000026, 26.231156238000075 ], [ 92.010072205000085, 26.231422446000074 ], [ 92.009883052000063, 26.231668874000036 ], [ 92.009046904000073, 26.23249726200001 ], [ 92.008824000000104, 26.232722716000101 ], [ 92.008665827000073, 26.232876015000084 ], [ 92.008379311000084, 26.233041742000029 ], [ 92.007115946000084, 26.233677501000052 ], [ 92.005834713000041, 26.234312316000086 ], [ 92.00550418900005, 26.234427991000064 ], [ 92.003686377000093, 26.234857596000083 ], [ 92.003136507000079, 26.234999284 ], [ 92.002761780000071, 26.235065968000093 ], [ 92.002442975000065, 26.235096391000035 ], [ 92.000623458000064, 26.235183642000059 ], [ 91.998797911000096, 26.23532712600003 ], [ 91.998004083000055, 26.235305689000032 ], [ 91.996985313000039, 26.235226140000023 ], [ 91.994699487, 26.235016253000065 ], [ 91.992777959000094, 26.23481821000011 ], [ 91.992166376000029, 26.234665710000016 ], [ 91.98977233, 26.233975842000046 ], [ 91.989020453000052, 26.233804773000013 ], [ 91.9889254120001, 26.234265103 ], [ 91.988920447000041, 26.234447714 ], [ 91.988915234000061, 26.234639836 ], [ 91.989001594000101, 26.23490096800003 ], [ 91.990094716000044, 26.237215490000043 ], [ 91.991021202566529, 26.238870990204077 ], [ 91.991612660595834, 26.238612113158499 ], [ 91.993410465620599, 26.238424430942775 ], [ 91.996990286272776, 26.237879303287315 ], [ 92.000301903010495, 26.237179862760485 ], [ 92.002016731187283, 26.23666558185116 ], [ 92.002394924885948, 26.236684980227754 ], [ 92.002896038821191, 26.236791820586092 ], [ 92.008379156772691, 26.238013813986338 ], [ 92.009122700951892, 26.238382342670974 ], [ 92.009423814657424, 26.238439809349767 ], [ 92.009797149319098, 26.23844682406169 ], [ 92.011348374627829, 26.238137183883925 ], [ 92.01249519639623, 26.238059161401228 ], [ 92.012943817803006, 26.238223051152954 ], [ 92.015186821414744, 26.238906070059187 ], [ 92.015515038888026, 26.239005038651708 ], [ 92.015840803010732, 26.239015651551156 ], [ 92.016167212846682, 26.238844069897915 ], [ 92.016935115163534, 26.238309690939587 ], [ 92.018436813907911, 26.237090801099683 ], [ 92.018662551835376, 26.236881132258461 ], [ 92.018696864568739, 26.236722701391635 ] ] ] } },
{ "type": "Feature", "properties": { "District": "322", "Subdistt": "02131", "Town/Village": "303595", "Name": "1 No. Dhamkhunda", "TRU": "Rural", "No_HH": 80, "TOT_P": 399, "TOT_M": 215, "TOT_F": 184, "P_06": 54, "P_SC": 112, "P_ST": 5, "pc11_s_id": "18", "pc11_d_id": "322", "pc11_sd_id": "02131", "pc11_tv_id": "303595", "tv_name": "1 No. Dhamkhunda", "mdds_og": 0, "total_area_sqm": 1523469.4422224783, "total_area_ha": 152.34694422224783, "flood_area_1998": 1452363.1485213193, "flood_pct_1998": 95.332607814080788, "exposed_pop_1998": 380, "flood_area_1999": 1429105.8620035672, "flood_pct_1999": 93.80600768196237, "exposed_pop_1999": 374, "flood_area_2004": 1436758.472233023, "flood_pct_2004": 94.30832233412184, "exposed_pop_2004": 376, "flood_area_2012": 1523469.4422224781, "flood_pct_2012": 99.999999999999986, "exposed_pop_2012": 399, "flood_area_2013": 1523469.4422224781, "flood_pct_2013": 99.999999999999986, "exposed_pop_2013": 399, "flood_years_exposed": 5, "flood_frequency": 1.0, "max_flood_exposure_pct": 99.999999999999986, "exposure_note": "ESTIMATE: spatial overlap with historical flood inundation polygons only. NOT actual people affected." }, "geometry": { "type": "Polygon", "coordinates": [ [ [ 92.017430029172516, 26.232795446552615 ], [ 92.017358418855991, 26.232714735996332 ], [ 92.016915071973045, 26.232209157826425 ], [ 92.016765591159185, 26.23202854518123 ], [ 92.016767095724987, 26.231775743056218 ], [ 92.016894550343324, 26.231413095038381 ], [ 92.017234884382404, 26.230792587108276 ], [ 92.017901309897624, 26.229915346116428 ], [ 92.018114067909977, 26.229833291972948 ], [ 92.018500327628061, 26.229831621032496 ], [ 92.021896591254745, 26.230008470914257 ], [ 92.021727519000066, 26.229303317000063 ], [ 92.021209131000063, 26.227399154000075 ], [ 92.021180445000098, 26.227018326000096 ], [ 92.021172539000062, 26.226618222000031 ], [ 92.021281396000091, 26.225528272000087 ], [ 92.021221805000053, 26.225188790000065 ], [ 92.020889683000107, 26.223356562000077 ], [ 92.020750249000031, 26.223035223000046 ], [ 92.019838440000086, 26.221739642000053 ], [ 92.019424439000019, 26.221137433000052 ], [ 92.019054726000064, 26.220771634000073 ], [ 92.018270544000117, 26.220072521000048 ], [ 92.018105680000062, 26.219974567000026 ], [ 92.017696901000079, 26.219596774000031 ], [ 92.017164262000065, 26.219078907 ], [ 92.016967922000077, 26.218956221000056 ], [ 92.016558998000079, 26.218790425000016 ], [ 92.015787615000107, 26.218496798000057 ], [ 92.015493768000042, 26.218391338000036 ], [ 92.015276271000076, 26.218329524000072 ], [ 92.014806703000033, 26.218287965 ], [ 92.013965077000037, 26.218215017000013 ], [ 92.013770864000037, 26.218204657000044 ], [ 92.013597246000074, 26.218223364 ], [ 92.013382412000055, 26.218328588000084 ], [ 92.012219902000055, 26.218888601000057 ], [ 92.011674218000024, 26.219171951000053 ], [ 92.011343368000013, 26.219402084 ], [ 92.011105209000021, 26.219674633000079 ], [ 92.010450421000115, 26.220215029000027 ], [ 92.009989672000088, 26.220574905000049 ], [ 92.009489335000083, 26.221095214000023 ], [ 92.008597333000083, 26.22239174 ], [ 92.008177467000081, 26.223452419000104 ], [ 92.008013695000017, 26.22388019100006 ], [ 92.007949031000095, 26.224004361000031 ], [ 92.007867980000043, 26.224109470000023 ], [ 92.007805018000084, 26.224169494000016 ], [ 92.007445099000051, 26.224378132000048 ], [ 92.008436070000073, 26.225858652000067 ], [ 92.00861702100012, 26.22613152 ], [ 92.008842801000057, 26.226669133000069 ], [ 92.009184965000031, 26.227477895000018 ], [ 92.009562984000041, 26.228362952000062 ], [ 92.009764811000053, 26.229098926000027 ], [ 92.009997914000067, 26.230665833000089 ], [ 92.010026262000011, 26.230954270000062 ], [ 92.010072205000085, 26.231422446000074 ], [ 92.010340961000026, 26.231156238000075 ], [ 92.01048142800002, 26.231017224000031 ], [ 92.010631008000047, 26.230943726000078 ], [ 92.011677669000051, 26.230607541000062 ], [ 92.012497305000096, 26.230304974999985 ], [ 92.012583351000018, 26.230308883000042 ], [ 92.012669354000124, 26.230318462000035 ], [ 92.012779320000078, 26.230418545000056 ], [ 92.01419650200009, 26.231556294000047 ], [ 92.015300148, 26.232551111000113 ], [ 92.015616864, 26.232682559000065 ], [ 92.015845232000089, 26.232770302000041 ], [ 92.016123558000018, 26.232798877 ], [ 92.016411367000032, 26.232818142 ], [ 92.017430029172516, 26.232795446552615 ] ] ] } },
{ "type": "Feature", "properties": { "District": "322", "Subdistt": "02131", "Town/Village": "303596", "Name": "Kamarpur Pahar", "TRU": "Rural", "No_HH": 233, "TOT_P": 1114, "TOT_M": 542, "TOT_F": 572, "P_06": 154, "P_SC": 240, "P_ST": 22, "pc11_s_id": "18", "pc11_d_id": "322", "pc11_sd_id": "02131", "pc11_tv_id": "303596", "tv_name": "Kamarpur Pahar", "mdds_og": 0, "total_area_sqm": 2173365.608522987, "total_area_ha": 217.3365608522987, "flood_area_1998": 2020112.4439679249, "flood_pct_1998": 92.948578741005633, "exposed_pop_1998": 1035, "flood_area_1999": 1607860.8350468846, "flood_pct_1999": 73.980228119077594, "exposed_pop_1999": 824, "flood_area_2004": 2067354.9785710149, "flood_pct_2004": 95.122282715055178, "exposed_pop_2004": 1060, "flood_area_2012": 1876972.5616403786, "flood_pct_2012": 86.362485643451564, "exposed_pop_2012": 962, "flood_area_2013": 1904641.8341176806, "flood_pct_2013": 87.635592771345529, "exposed_pop_2013": 976, "flood_years_exposed": 5, "flood_frequency": 1.0, "max_flood_exposure_pct": 95.122282715055178, "exposure_note": "ESTIMATE: spatial overlap with historical flood inundation polygons only. NOT actual people affected." }, "geometry": { "type": "Polygon", "coordinates": [ [ [ 92.033379284426431, 26.236574097416732 ], [ 92.03354824725389, 26.236408249840881 ], [ 92.035294934813464, 26.233990923442452 ], [ 92.037875441398583, 26.229851417808714 ], [ 92.039025747140528, 26.227934907669948 ], [ 92.039393782996726, 26.227631563645826 ], [ 92.039187102000056, 26.227370876000045 ], [ 92.03783980700004, 26.225969174000063 ], [ 92.036257672000062, 26.22432853500003 ], [ 92.035614834000071, 26.223771724000056 ], [ 92.033809168000062, 26.222510154000034 ], [ 92.033611700000066, 26.222296595000039 ], [ 92.033443671000015, 26.222042629000075 ], [ 92.032525749000087, 26.220702402000029 ], [ 92.031426147000062, 26.218512840000052 ], [ 92.029996516000082, 26.219018060000021 ], [ 92.029501390000064, 26.219182614000047 ], [ 92.028811101000059, 26.219267553000059 ], [ 92.025923227000121, 26.21932720100002 ], [ 92.022507234, 26.219452643000096 ], [ 92.020156867000054, 26.219544435000053 ], [ 92.019889454000037, 26.219569772000018 ], [ 92.019664686000084, 26.219642368000073 ], [ 92.018859863000017, 26.219888962000049 ], [ 92.018270544000117, 26.220072521000048 ], [ 92.019054726000064, 26.220771634000073 ], [ 92.019424439000019, 26.221137433000052 ], [ 92.019838440000086, 26.221739642000053 ], [ 92.020750249000031, 26.223035223000046 ], [ 92.020889683000107, 26.223356562000077 ], [ 92.021221805000053, 26.225188790000065 ], [ 92.021281396000091, 26.225528272000087 ], [ 92.021172539000062, 26.226618222000031 ], [ 92.021180445000098, 26.227018326000096 ], [ 92.021209131000063, 26.227399154000075 ], [ 92.021727519000066, 26.229303317000063 ], [ 92.021896591254745, 26.230008470914257 ], [ 92.026899331838763, 26.230256683798991 ], [ 92.028605879957496, 26.230294696343215 ], [ 92.028862527583584, 26.230320434940158 ], [ 92.028970373384041, 26.230392440958461 ], [ 92.029166862660631, 26.230627628062653 ], [ 92.031002617277039, 26.233286914359688 ], [ 92.032797557960947, 26.2363367330539 ], [ 92.032924919949181, 26.236531198855761 ], [ 92.033142111619171, 26.23658735162504 ], [ 92.033379284426431, 26.236574097416732 ] ] ] } },
{ "type": "Feature", "properties": { "District": "322", "Subdistt": "02131", "Town/Village": "303597", "Name": "Kamarpur Village", "TRU": "Rural", "No_HH": 320, "TOT_P": 1567, "TOT_M": 801, "TOT_F": 766, "P_06": 317, "P_SC": 13, "P_ST": 0, "pc11_s_id": "18", "pc11_d_id": "322", "pc11_sd_id": "02131", "pc11_tv_id": "303597", "tv_name": "Kamarpur Village", "mdds_og": 0, "total_area_sqm": 3861315.0248219976, "total_area_ha": 386.13150248219978, "flood_area_1998": 3298649.6704267687, "flood_pct_1998": 85.428141688046622, "exposed_pop_1998": 1339, "flood_area_1999": 1758807.5785742265, "flood_pct_1999": 45.549445390182989, "exposed_pop_1999": 714, "flood_area_2004": 3215172.3098360715, "flood_pct_2004": 83.266252278504197, "exposed_pop_2004": 1305, "flood_area_2012": 2398017.7796604196, "flood_pct_2012": 62.10365547087072, "exposed_pop_2012": 973, "flood_area_2013": 2495437.9732483937, "flood_pct_2013": 64.626635154261493, "exposed_pop_2013": 1013, "flood_years_exposed": 5, "flood_frequency": 1.0, "max_flood_exposure_pct": 85.428141688046622, "exposure_note": "ESTIMATE: spatial overlap with historical flood inundation polygons only. NOT actual people affected." }, "geometry": { "type": "Polygon", "coordinates": [ [ [ 92.041228094201259, 26.226744750270115 ], [ 92.041502248030412, 26.22673942988083 ], [ 92.041909140894163, 26.226748772937558 ], [ 92.04222587492427, 26.226869035677502 ], [ 92.042456031220965, 26.226974831023675 ], [ 92.042839372638952, 26.227141337802529 ], [ 92.043222441562463, 26.227353456396951 ], [ 92.043418617874991, 26.227471316148332 ], [ 92.043638482330167, 26.22756662539949 ], [ 92.043802238982238, 26.227592915280873 ], [ 92.044054873833403, 26.227565342966308 ], [ 92.044583596056114, 26.22737534859354 ], [ 92.046766053710456, 26.226019813963308 ], [ 92.048876892055006, 26.224613814775832 ], [ 92.050789988367313, 26.222938602634471 ], [ 92.052172846199909, 26.221526452983479 ], [ 92.052613603934759, 26.221076357587858 ], [ 92.053025820785095, 26.220674410096034 ], [ 92.053039169422135, 26.220556526062833 ], [ 92.053040289078155, 26.22043156526459 ], [ 92.052994535169745, 26.220158248704273 ], [ 92.052308260717723, 26.216623532650019 ], [ 92.051880294939707, 26.21471661917667 ], [ 92.051687766277453, 26.21388052486644 ], [ 92.051557823235001, 26.213310328608852 ], [ 92.045689112862306, 26.212049488992761 ], [ 92.044719632904744, 26.211570173724574 ], [ 92.043943707736005, 26.210981364198638 ], [ 92.042221209241504, 26.209083229907204 ], [ 92.041590833050606, 26.208343908944265 ], [ 92.038844612888582, 26.206242032344029 ], [ 92.038155301426087, 26.205865729020239 ], [ 92.037976470337838, 26.205767116559198 ], [ 92.037065820431337, 26.205576647344486 ], [ 92.036271700178844, 26.205581438032954 ], [ 92.035681472422056, 26.205767982606343 ], [ 92.033832850305856, 26.206641449143575 ], [ 92.032557521712292, 26.207292354158884 ], [ 92.031380176054341, 26.207533888678114 ], [ 92.028051682639145, 26.207590543268999 ], [ 92.028823343000084, 26.211255366000064 ], [ 92.028842945000022, 26.211573796000032 ], [ 92.028870799000018, 26.211952886000045 ], [ 92.028869937000124, 26.212197463000031 ], [ 92.028869255000075, 26.212386352000028 ], [ 92.028867947000052, 26.21273739900003 ], [ 92.028995041000087, 26.213444327000079 ], [ 92.0307503370001, 26.217236981 ], [ 92.031426147000062, 26.218512840000052 ], [ 92.032525749000087, 26.220702402000029 ], [ 92.033443671000015, 26.222042629000075 ], [ 92.033611700000066, 26.222296595000039 ], [ 92.033809168000062, 26.222510154000034 ], [ 92.035614834000071, 26.223771724000056 ], [ 92.036257672000062, 26.22432853500003 ], [ 92.03783980700004, 26.225969174000063 ], [ 92.039187102000056, 26.227370876000045 ], [ 92.039393782996726, 26.227631563645826 ], [ 92.039542338408253, 26.227508863743143 ], [ 92.040293632045518, 26.227071440694516 ], [ 92.041228094201259, 26.226744750270115 ] ] ] } },
{ "type": "Feature", "properties": { "District": "322", "Subdistt": "02131", "Town/Village": "303598", "Name": "2 No.Dhamkhunda", "TRU": "Rural", "No_HH": 402, "TOT_P": 1857, "TOT_M": 942, "TOT_F": 915, "P_06": 229, "P_SC": 685, "P_ST": 17, "pc11_s_id": "18", "pc11_d_id": "322", "pc11_sd_id": "02131", "pc11_tv_id": "303598", "tv_name": "2 No. Dhamkhunda", "mdds_og": 0, "total_area_sqm": 2798914.516631851, "total_area_ha": 279.89145166318508, "flood_area_1998": 2406178.1367940148, "flood_pct_1998": 85.968260998894451, "exposed_pop_1998": 1596, "flood_area_1999": 1691339.1634993951, "flood_pct_1999": 60.428396560489226, "exposed_pop_1999": 1122, "flood_area_2004": 2468659.9723827592, "flood_pct_2004": 88.200620551766178, "exposed_pop_2004": 1638, "flood_area_2012": 2055312.7047720747, "flood_pct_2012": 73.432492938204859, "exposed_pop_2012": 1364, "flood_area_2013": 2153170.1280267262, "flood_pct_2013": 76.928756317209775, "exposed_pop_2013": 1429, "flood_years_exposed": 5, "flood_frequency": 1.0, "max_flood_exposure_pct": 88.200620551766178, "exposure_note": "ESTIMATE: spatial overlap with historical flood inundation polygons only. NOT actual people affected." }, "geometry": { "type": "Polygon", "coordinates": [ [ [ 92.029996516000082, 26.219018060000028 ], [ 92.031426147000062, 26.218512840000059 ], [ 92.0307503370001, 26.21723698100001 ], [ 92.028995041000087, 26.213444327000087 ], [ 92.028867947000052, 26.212737399000037 ], [ 92.028869255000075, 26.212386352000035 ], [ 92.028869937000124, 26.212197463000038 ], [ 92.028870799000018, 26.211952886000052 ], [ 92.028842945000022, 26.211573796000039 ], [ 92.028823343000084, 26.211255366000071 ], [ 92.028051682639145, 26.207590543269006 ], [ 92.027488315833139, 26.207586972960513 ], [ 92.024379831663964, 26.207304219813928 ], [ 92.019834218274625, 26.206301190647448 ], [ 92.013967297552853, 26.20488017907708 ], [ 92.0114047513283, 26.204397676611542 ], [ 92.010835762860225, 26.204384284806988 ], [ 92.009235351830029, 26.204690017430472 ], [ 92.008841821992604, 26.204780533295054 ], [ 92.009353102, 26.206590763000033 ], [ 92.009704180000099, 26.207869045000017 ], [ 92.010005514000071, 26.208967305000026 ], [ 92.010217611000115, 26.209981624000108 ], [ 92.010242734000073, 26.210472906000078 ], [ 92.010221003000055, 26.21184837700002 ], [ 92.009813583, 26.214681217000109 ], [ 92.009797884000122, 26.215020475000113 ], [ 92.009829157000041, 26.215427919999986 ], [ 92.010367787000021, 26.217011580000101 ], [ 92.010802563000112, 26.21829218500001 ], [ 92.011043806, 26.218826487000076 ], [ 92.011343368000013, 26.219402084 ], [ 92.011674218000024, 26.21917195100006 ], [ 92.012219902000055, 26.218888601000064 ], [ 92.013382412000055, 26.218328588000091 ], [ 92.013597246000074, 26.218223364 ], [ 92.013770864000037, 26.218204657000051 ], [ 92.013965077000037, 26.21821501700002 ], [ 92.014806703000033, 26.218287965000016 ], [ 92.015276271000076, 26.21832952400008 ], [ 92.015493768000042, 26.218391338000043 ], [ 92.015787615000107, 26.218496798000064 ], [ 92.016558998000079, 26.218790425000023 ], [ 92.016967922000077, 26.218956221000063 ], [ 92.017164262000065, 26.219078907 ], [ 92.017696901000079, 26.219596774000038 ], [ 92.018105680000062, 26.219974567000033 ], [ 92.018270544000117, 26.220072521000056 ], [ 92.018859863000017, 26.219888962000056 ], [ 92.019664686000084, 26.219642368000081 ], [ 92.019889454000037, 26.219569772000025 ], [ 92.020156867000054, 26.21954443500006 ], [ 92.022507234, 26.219452643000103 ], [ 92.025923227000121, 26.219327201000027 ], [ 92.028811101000059, 26.219267553000066 ], [ 92.029501390000064, 26.219182614000054 ], [ 92.029996516000082, 26.219018060000028 ] ] ] } },
{ "type": "Feature", "properties": { "District": "322", "Subdistt": "02131", "Town/Village": "303599", "Name": "Dhipuji Pathar", "TRU": "Rural", "No_HH": 664, "TOT_P": 2941, "TOT_M": 1557, "TOT_F": 1384, "P_06": 622, "P_SC": 1063, "P_ST": 19, "pc11_s_id": "18", "pc11_d_id": "322", "pc11_sd_id": "02131", "pc11_tv_id": "303599", "tv_name": "Dhipuji Pathar", "mdds_og": 0, "total_area_sqm": 2156173.8270581989, "total_area_ha": 215.61738270581989, "flood_area_1998": 1953711.445431415, "flood_pct_1998": 90.610108559613863, "exposed_pop_1998": 2665, "flood_area_1999": 1124757.8653374666, "flood_pct_1999": 52.164526404257636, "exposed_pop_1999": 1534, "flood_area_2004": 1967985.567584903, "flood_pct_2004": 91.272120220007835, "exposed_pop_2004": 2684, "flood_area_2012": 1827322.7116003113, "flood_pct_2012": 84.748394988795525, "exposed_pop_2012": 2492, "flood_area_2013": 1978407.9683348215, "flood_pct_2013": 91.755495011925163, "exposed_pop_2013": 2699, "flood_years_exposed": 5, "flood_frequency": 1.0, "max_flood_exposure_pct": 91.755495011925163, "exposure_note": "ESTIMATE: spatial overlap with historical flood inundation polygons only. NOT actual people affected." }, "geometry": { "type": "Polygon", "coordinates": [ [ [ 92.011343368000013, 26.219402084 ], [ 92.011043806, 26.218826487000069 ], [ 92.010802563000112, 26.218292185 ], [ 92.010367787000021, 26.217011580000094 ], [ 92.009829157000041, 26.215427919999978 ], [ 92.009797884000122, 26.215020475000106 ], [ 92.009813583, 26.214681217000102 ], [ 92.010221003000055, 26.211848377000013 ], [ 92.010242734000073, 26.210472906000071 ], [ 92.010217611000115, 26.2099816240001 ], [ 92.010005514000071, 26.208967305000019 ], [ 92.009704180000099, 26.20786904500001 ], [ 92.009353102, 26.206590763000026 ], [ 92.008841821992604, 26.204780533295047 ], [ 92.005347645577459, 26.205576721988155 ], [ 92.003242999065193, 26.205812714884935 ], [ 92.002261496071199, 26.205832011638019 ], [ 92.002061741000048, 26.206291222000022 ], [ 92.00184376200005, 26.206654434000054 ], [ 92.001746466000071, 26.206760567000043 ], [ 92.001598004000044, 26.206908252000094 ], [ 92.001517069000016, 26.206996543000027 ], [ 92.001483761000017, 26.207107363000048 ], [ 92.001468886000026, 26.207212324000029 ], [ 92.001435573000023, 26.207322153000057 ], [ 92.001339371000057, 26.207491649000048 ], [ 92.000748763000047, 26.208112310000065 ], [ 91.999404192000071, 26.209778607 ], [ 91.998221219000072, 26.211186519000051 ], [ 91.9980455070001, 26.211345159000032 ], [ 91.997488452000113, 26.211642141 ], [ 91.995176054000098, 26.212902362 ], [ 91.993023054000034, 26.214136295000046 ], [ 91.991504520000063, 26.214975528000029 ], [ 91.992717941000109, 26.215403278000071 ], [ 91.993881570000013, 26.215903338000057 ], [ 91.995025737000091, 26.216394325000092 ], [ 91.9967250280001, 26.217122347000021 ], [ 91.997703110000018, 26.217550266000078 ], [ 92.000108619000102, 26.218926257000064 ], [ 92.002631246000107, 26.220498327000019 ], [ 92.003722235000041, 26.221176582000094 ], [ 92.005446944000099, 26.222406551000077 ], [ 92.006274051000062, 26.223047943000033 ], [ 92.006744898000107, 26.223613091000075 ], [ 92.007162641000036, 26.224117336000052 ], [ 92.007445099000051, 26.224378132000048 ], [ 92.007805018000084, 26.224169494000016 ], [ 92.007867980000043, 26.224109470000023 ], [ 92.007949031000095, 26.224004361000031 ], [ 92.008013695000017, 26.22388019100006 ], [ 92.008177467000081, 26.223452419000104 ], [ 92.008597333000083, 26.22239174 ], [ 92.009489335000083, 26.221095214000023 ], [ 92.009989672000088, 26.220574905000049 ], [ 92.010450421000115, 26.220215029000027 ], [ 92.011105209000021, 26.219674633000079 ], [ 92.011343368000013, 26.219402084 ] ] ] } },
{ "type": "Feature", "properties": { "District": "322", "Subdistt": "02131", "Town/Village": "303600", "Name": "Dhipujijan Pam", "TRU": "Rural", "No_HH": 416, "TOT_P": 2607, "TOT_M": 1350, "TOT_F": 1257, "P_06": 441, "P_SC": 2539, "P_ST": 0, "pc11_s_id": "18", "pc11_d_id": "322", "pc11_sd_id": "02131", "pc11_tv_id": "303600", "tv_name": "Dhipujijan Pam", "mdds_og": 0, "total_area_sqm": 4415860.8093881914, "total_area_ha": 441.58608093881912, "flood_area_1998": 4295939.3363790959, "flood_pct_1998": 97.284301335899443, "exposed_pop_1998": 2536, "flood_area_1999": 3764566.2412636578, "flood_pct_1999": 85.251016817833786, "exposed_pop_1999": 2222, "flood_area_2004": 4290931.9866444413, "flood_pct_2004": 97.170906689854235, "exposed_pop_2004": 2533, "flood_area_2012": 4373279.2803149233, "flood_pct_2012": 99.035713965831093, "exposed_pop_2012": 2582, "flood_area_2013": 4415860.8093881914, "flood_pct_2013": 100.0, "exposed_pop_2013": 2607, "flood_years_exposed": 5, "flood_frequency": 1.0, "max_flood_exposure_pct": 100.0, "exposure_note": "ESTIMATE: spatial overlap with historical flood inundation polygons only. NOT actual people affected." }, "geometry": { "type": "Polygon", "coordinates": [ [ [ 91.99271794100008, 26.215403278000053 ], [ 91.991504520000035, 26.214975528000025 ], [ 91.991082748000053, 26.215203560000077 ], [ 91.990324274000045, 26.215637678000064 ], [ 91.989768138000045, 26.215955918000077 ], [ 91.987897823000083, 26.217281468000067 ], [ 91.98755238800004, 26.217512633000069 ], [ 91.987370702000078, 26.217744025000059 ], [ 91.986115104000078, 26.219591774000037 ], [ 91.985412480000036, 26.220578920000037 ], [ 91.985389240000075, 26.22060792700006 ], [ 91.985121312000047, 26.220986411000069 ], [ 91.984977965000041, 26.221157232000053 ], [ 91.983665323000082, 26.222117304000051 ], [ 91.982445520000056, 26.223015108000027 ], [ 91.981663737000076, 26.223471044000064 ], [ 91.980788613000072, 26.223892270000078 ], [ 91.980093910000051, 26.224226540000075 ], [ 91.978349919000038, 26.224848077000047 ], [ 91.979139432000068, 26.225483716000042 ], [ 91.979598274000068, 26.225853733000065 ], [ 91.981933089000051, 26.227721556000063 ], [ 91.983326024000064, 26.228802711000071 ], [ 91.984538500000042, 26.229814432000069 ], [ 91.986100820000047, 26.231297091000044 ], [ 91.987627154000052, 26.232649254000023 ], [ 91.98902045300008, 26.233804773000031 ], [ 91.989772330000051, 26.233975842000063 ], [ 91.992166376000057, 26.234665710000058 ], [ 91.99277795900008, 26.234818210000071 ], [ 91.994699487000048, 26.235016253000026 ], [ 91.996985313000039, 26.235226140000066 ], [ 91.998004083000069, 26.235305689000029 ], [ 91.998797911000054, 26.235327126000072 ], [ 92.000623458000064, 26.235183642000038 ], [ 92.002442975000065, 26.23509639100007 ], [ 92.002761780000071, 26.235065968000072 ], [ 92.003136507000079, 26.234999284000025 ], [ 92.003686377000065, 26.23485759600004 ], [ 92.005504189000078, 26.234427991000075 ], [ 92.00583471300007, 26.234312316000057 ], [ 92.007115946000056, 26.233677501000045 ], [ 92.008379311000056, 26.233041742000069 ], [ 92.008665827000073, 26.232876015000045 ], [ 92.008824, 26.232722716000069 ], [ 92.009046904000058, 26.232497262000038 ], [ 92.009883052000077, 26.231668874000036 ], [ 92.010072205000085, 26.231422446000067 ], [ 92.010026262000054, 26.230954270000041 ], [ 92.009997914000053, 26.230665833000046 ], [ 92.009764811000082, 26.229098926000063 ], [ 92.00956298400007, 26.228362952000055 ], [ 92.009184965000031, 26.22747789500005 ], [ 92.008842801000071, 26.22666913300003 ], [ 92.008617021000077, 26.226131520000024 ], [ 92.008436070000073, 26.225858652000056 ], [ 92.007445099000051, 26.224378132000027 ], [ 92.007162641000036, 26.224117336000063 ], [ 92.006744898000079, 26.223613091000061 ], [ 92.006274051000048, 26.22304794300004 ], [ 92.005446944000084, 26.222406551000063 ], [ 92.003722235000055, 26.221176582000055 ], [ 92.002631246000078, 26.22049832700003 ], [ 92.000108619000059, 26.218926257000078 ], [ 91.997703110000032, 26.217550266000046 ], [ 91.996725028000071, 26.217122347000043 ], [ 91.995025737000049, 26.216394325000067 ], [ 91.993881570000042, 26.215903338000032 ], [ 91.99271794100008, 26.215403278000053 ] ] ] } },
{ "type": "Feature", "properties": { "District": "322", "Subdistt": "02131", "Town/Village": "303601", "Name": "2 No. Michamari", "TRU": "Rural", "No_HH": 17, "TOT_P": 96, "TOT_M": 47, "TOT_F": 49, "P_06": 17, "P_SC": 0, "P_ST": 90, "pc11_s_id": "18", "pc11_d_id": "322", "pc11_sd_id": "02131", "pc11_tv_id": "303601", "tv_name": "2 No. Michamari", "mdds_og": 0, "total_area_sqm": 1778255.6405949565, "total_area_ha": 177.82556405949563, "flood_area_1998": 778817.09486828453, "flood_pct_1998": 43.796689131137143, "exposed_pop_1998": 42, "flood_area_1999": 207866.79948900564, "flood_pct_1999": 11.689365395149766, "exposed_pop_1999": 11, "flood_area_2004": 745022.92987952847, "flood_pct_2004": 41.896278176869096, "exposed_pop_2004": 40, "flood_area_2012": 363329.32157217438, "flood_pct_2012": 20.431782319588997, "exposed_pop_2012": 20, "flood_area_2013": 388142.92147261475, "flood_pct_2013": 21.827172236200674, "exposed_pop_2013": 21, "flood_years_exposed": 5, "flood_frequency": 1.0, "max_flood_exposure_pct": 43.796689131137143, "exposure_note": "ESTIMATE: spatial overlap with historical flood inundation polygons only. NOT actual people affected." }, "geometry": { "type": "Polygon", "coordinates": [ [ [ 91.965999411000041, 26.212097349000032 ], [ 91.965683564000074, 26.212080917000037 ], [ 91.964921084000082, 26.212134392000053 ], [ 91.963178171000038, 26.212214783000036 ], [ 91.962446776000036, 26.212252845000023 ], [ 91.961687697000059, 26.212290379000024 ], [ 91.960461189000057, 26.212457169000061 ], [ 91.958999848000076, 26.212807192000071 ], [ 91.957296390000067, 26.213135961000035 ], [ 91.957180426000036, 26.213189452000051 ], [ 91.956955862000086, 26.213320724000027 ], [ 91.95582072600007, 26.21429617900003 ], [ 91.95569127400006, 26.214423660000023 ], [ 91.955595586000072, 26.214645612000027 ], [ 91.955296983000039, 26.215757015000065 ], [ 91.955169911000041, 26.21672901200003 ], [ 91.955240070000059, 26.21683334100004 ], [ 91.955611590000046, 26.217316155000049 ], [ 91.956090393000068, 26.218047242000068 ], [ 91.956534451000039, 26.219082721000063 ], [ 91.957252302000086, 26.220645606000062 ], [ 91.95740298000004, 26.220871467000052 ], [ 91.957561999000063, 26.221080826000048 ], [ 91.957871558000079, 26.221330585000032 ], [ 91.958127805000061, 26.221536855000068 ], [ 91.959606895000036, 26.222360309000067 ], [ 91.959880989000055, 26.222457244000054 ], [ 91.962260487000037, 26.223110851000058 ], [ 91.965768704000084, 26.223882199000059 ], [ 91.966846357000065, 26.224082188000068 ], [ 91.967274755000062, 26.224161476000063 ], [ 91.967885305000038, 26.224231558000042 ], [ 91.968744097000069, 26.224321876000033 ], [ 91.969292012000039, 26.224405282000077 ], [ 91.969419189000064, 26.224310959000036 ], [ 91.969483515000036, 26.224233351000066 ], [ 91.969525545000067, 26.224135051000076 ], [ 91.969523779000042, 26.223994294000079 ], [ 91.969479762000049, 26.223494828000071 ], [ 91.969475853000063, 26.223350219000054 ], [ 91.969548259000078, 26.223065461000033 ], [ 91.969739412000081, 26.222478124000077 ], [ 91.970701660000032, 26.220656148000046 ], [ 91.971024756000077, 26.220153582000023 ], [ 91.971176857000046, 26.219805025000028 ], [ 91.972019633000059, 26.217489998000076 ], [ 91.972841718000041, 26.215763159000062 ], [ 91.973094167000056, 26.215324594000037 ], [ 91.973584078000044, 26.214826449000043 ], [ 91.972756722000042, 26.214253684000028 ], [ 91.972119733000056, 26.213829314000066 ], [ 91.971848665000039, 26.213670338000043 ], [ 91.971597620000068, 26.213589513000045 ], [ 91.970799322000062, 26.21340398500007 ], [ 91.969658657000082, 26.213075091000064 ], [ 91.969472296000049, 26.213021069000035 ], [ 91.967108548000056, 26.212385830000073 ], [ 91.966306963000079, 26.212155966000068 ], [ 91.965999411000041, 26.212097349000032 ] ] ] } },
{ "type": "Feature", "properties": { "District": "322", "Subdistt": "02131", "Town/Village": "303602", "Name": "Thakurkuchi Gaon", "TRU": "Rural", "No_HH": 109, "TOT_P": 532, "TOT_M": 247, "TOT_F": 285, "P_06": 55, "P_SC": 0, "P_ST": 257, "pc11_s_id": "18", "pc11_d_id": "322", "pc11_sd_id": "02131", "pc11_tv_id": "303602", "tv_name": "Thakurkuchi Gaon", "mdds_og": 0, "total_area_sqm": 1309866.2833895907, "total_area_ha": 130.98662833895906, "flood_area_1998": 0.0, "flood_pct_1998": 0.0, "exposed_pop_1998": 0, "flood_area_1999": 0.0, "flood_pct_1999": 0.0, "exposed_pop_1999": 0, "flood_area_2004": 0.0, "flood_pct_2004": 0.0, "exposed_pop_2004": 0, "flood_area_2012": 0.0, "flood_pct_2012": 0.0, "exposed_pop_2012": 0, "flood_area_2013": 0.0, "flood_pct_2013": 0.0, "exposed_pop_2013": 0, "flood_years_exposed": 0, "flood_frequency": 0.0, "max_flood_exposure_pct": 0.0, "exposure_note": "ESTIMATE: spatial overlap with historical flood inundation polygons only. NOT actual people affected." }, "geometry": { "type": "Polygon", "coordinates": [ [ [ 91.926277416000062, 26.21800670600004 ], [ 91.926550563000035, 26.218296671000076 ], [ 91.927448305000041, 26.218999690000032 ], [ 91.928027218000068, 26.219402783000078 ], [ 91.928686177000031, 26.21972312500003 ], [ 91.929818372000057, 26.220285926000031 ], [ 91.931644726000059, 26.22107724500006 ], [ 91.932489201000067, 26.221415122000053 ], [ 91.934655107000083, 26.222046936000027 ], [ 91.937362479000058, 26.222766701000069 ], [ 91.938737542000069, 26.223147414000039 ], [ 91.940339468000047, 26.223606572000051 ], [ 91.942628977000084, 26.224336116000075 ], [ 91.944398658000068, 26.224954695000065 ], [ 91.944503169000086, 26.224994170000059 ], [ 91.945857367000031, 26.224566541000058 ], [ 91.946306676000063, 26.224359205000042 ], [ 91.946379089000061, 26.224348399000064 ], [ 91.946492246000048, 26.224354682000069 ], [ 91.946573704000059, 26.22439281100003 ], [ 91.947069225000064, 26.224827319000042 ], [ 91.947094969000034, 26.224486883000054 ], [ 91.947107403000075, 26.224094191000063 ], [ 91.947233038000036, 26.222932960000037 ], [ 91.947628892000068, 26.219784792000041 ], [ 91.947764315000086, 26.218143480000037 ], [ 91.947774034000076, 26.217758920000051 ], [ 91.947758187000034, 26.217501179000067 ], [ 91.947447655000076, 26.215883897000026 ], [ 91.947019712000042, 26.215936163000038 ], [ 91.946604154000056, 26.216008 ], [ 91.945336327000064, 26.215908587000058 ], [ 91.945162112000048, 26.215879476000055 ], [ 91.945022544000039, 26.21580149600004 ], [ 91.944862455000077, 26.215638486000046 ], [ 91.944162409000057, 26.215066396000054 ], [ 91.943748529000061, 26.214734466000039 ], [ 91.94324563400005, 26.214491977000023 ], [ 91.942798715000038, 26.214337554000053 ], [ 91.942550582000081, 26.214290783000024 ], [ 91.942129359000035, 26.214214631000061 ], [ 91.941139698000086, 26.214065147000042 ], [ 91.94019584800003, 26.214084802000059 ], [ 91.939569118000065, 26.214121480000074 ], [ 91.938756483000077, 26.21428843700005 ], [ 91.938610114000085, 26.214307404000067 ], [ 91.938511498000082, 26.214366277000067 ], [ 91.938452684000083, 26.214409614000033 ], [ 91.938324969000064, 26.21458859300003 ], [ 91.937006757000063, 26.218298116000028 ], [ 91.936960250000084, 26.218346078000025 ], [ 91.936874885000066, 26.218406593000054 ], [ 91.936798296000063, 26.218423801000029 ], [ 91.936674825000068, 26.218416195000032 ], [ 91.934429339000076, 26.218042291000074 ], [ 91.933569150000039, 26.21787841400004 ], [ 91.933507400000053, 26.217874511000048 ], [ 91.933399438000038, 26.217882648000057 ], [ 91.933314029000087, 26.217936103000056 ], [ 91.932912569000052, 26.218818307000049 ], [ 91.932818138000073, 26.218923016000076 ], [ 91.932717422000053, 26.219026325000073 ], [ 91.932585448000054, 26.21911269800006 ], [ 91.93244603800008, 26.219206571000029 ], [ 91.932182442000055, 26.219343426000023 ], [ 91.932043250000049, 26.219415367000067 ], [ 91.93188073500005, 26.219420030000038 ], [ 91.931689069000072, 26.219407884000077 ], [ 91.930194633000042, 26.219137290000049 ], [ 91.928123721000077, 26.218542974000059 ], [ 91.926660962000085, 26.21803922600003 ], [ 91.926431281000077, 26.218002573000035 ], [ 91.926277416000062, 26.21800670600004 ] ] ] } },
{ "type": "Feature", "properties": { "District": "322", "Subdistt": "02131", "Town/Village": "303603", "Name": "2 No. Thakurbari", "TRU": "Rural", "No_HH": 23, "TOT_P": 145, "TOT_M": 77, "TOT_F": 68, "P_06": 19, "P_SC": 0, "P_ST": 4, "pc11_s_id": "18", "pc11_d_id": "322", "pc11_sd_id": "02131", "pc11_tv_id": "303603", "tv_name": "2 No. Thakurbari", "mdds_og": 0, "total_area_sqm": 1399123.7117298348, "total_area_ha": 139.91237117298348, "flood_area_1998": 0.0, "flood_pct_1998": 0.0, "exposed_pop_1998": 0, "flood_area_1999": 0.0, "flood_pct_1999": 0.0, "exposed_pop_1999": 0, "flood_area_2004": 0.0, "flood_pct_2004": 0.0, "exposed_pop_2004": 0, "flood_area_2012": 0.0, "flood_pct_2012": 0.0, "exposed_pop_2012": 0, "flood_area_2013": 0.0, "flood_pct_2013": 0.0, "exposed_pop_2013": 0, "flood_years_exposed": 0, "flood_frequency": 0.0, "max_flood_exposure_pct": 0.0, "exposure_note": "ESTIMATE: spatial overlap with historical flood inundation polygons only. NOT actual people affected." }, "geometry": { "type": "Polygon", "coordinates": [ [ [ 91.925677513000039, 26.217465145000062 ], [ 91.92594383800008, 26.217706838000026 ], [ 91.926277416000062, 26.21800670600004 ], [ 91.926431281000077, 26.218002573000035 ], [ 91.926660962000085, 26.21803922600003 ], [ 91.928123721000077, 26.218542974000059 ], [ 91.930194633000042, 26.219137290000049 ], [ 91.931689069000072, 26.219407884000077 ], [ 91.93188073500005, 26.219420030000038 ], [ 91.932043250000049, 26.219415367000067 ], [ 91.932182442000055, 26.219343426000023 ], [ 91.93244603800008, 26.219206571000029 ], [ 91.932585448000054, 26.21911269800006 ], [ 91.932717422000053, 26.219026325000073 ], [ 91.932818138000073, 26.218923016000076 ], [ 91.932912569000052, 26.218818307000049 ], [ 91.933314029000087, 26.217936103000056 ], [ 91.933399438000038, 26.217882648000057 ], [ 91.933507400000053, 26.217874511000048 ], [ 91.933569150000039, 26.21787841400004 ], [ 91.934429339000076, 26.218042291000074 ], [ 91.936674825000068, 26.218416195000032 ], [ 91.936798296000063, 26.218423801000029 ], [ 91.936874885000066, 26.218406593000054 ], [ 91.936960250000084, 26.218346078000025 ], [ 91.937006757000063, 26.218298116000028 ], [ 91.938324969000064, 26.21458859300003 ], [ 91.938452684000083, 26.214409614000033 ], [ 91.938511498000082, 26.214366277000067 ], [ 91.938610114000085, 26.214307404000067 ], [ 91.938756483000077, 26.21428843700005 ], [ 91.939569118000065, 26.214121480000074 ], [ 91.939211679000039, 26.21356701600007 ], [ 91.938528838000082, 26.212723478000044 ], [ 91.936026945000037, 26.210039895000023 ], [ 91.935656306000055, 26.209617554000033 ], [ 91.935423165000032, 26.209452811000062 ], [ 91.933953808000069, 26.208707459000038 ], [ 91.931254772000045, 26.207413279000036 ], [ 91.929048307000073, 26.206360240000038 ], [ 91.928042629000061, 26.205880690000072 ], [ 91.926677847000065, 26.205207770000072 ], [ 91.92628583000004, 26.205087065000043 ], [ 91.925961437000069, 26.205036574000076 ], [ 91.925791075000063, 26.205465229000026 ], [ 91.925820295000051, 26.205884557000047 ], [ 91.925885530000073, 26.20705034100007 ], [ 91.926296647000072, 26.210641445000078 ], [ 91.926537143000076, 26.212843913000029 ], [ 91.926518885000064, 26.213184677000072 ], [ 91.926513141000044, 26.213602241000046 ], [ 91.925677513000039, 26.217465145000062 ] ] ] } },
{ "type": "Feature", "properties": { "District": "322", "Subdistt": "02131", "Town/Village": "303604", "Name": "Michamari", "TRU": "Rural", "No_HH": 37, "TOT_P": 168, "TOT_M": 89, "TOT_F": 79, "P_06": 22, "P_SC": 0, "P_ST": 168, "pc11_s_id": "18", "pc11_d_id": "322", "pc11_sd_id": "02131", "pc11_tv_id": "303604", "tv_name": "Michamari", "mdds_og": 0, "total_area_sqm": 663987.65687119856, "total_area_ha": 66.398765687119862, "flood_area_1998": 397279.40313211514, "flood_pct_1998": 59.832347637929075, "exposed_pop_1998": 101, "flood_area_1999": 113104.59723635, "flood_pct_1999": 17.034141533490917, "exposed_pop_1999": 29, "flood_area_2004": 332424.90013689519, "flood_pct_2004": 50.064921643773793, "exposed_pop_2004": 84, "flood_area_2012": 135192.98240233117, "flood_pct_2012": 20.360767403324807, "exposed_pop_2012": 34, "flood_area_2013": 177800.62874390429, "flood_pct_2013": 26.777700896086742, "exposed_pop_2013": 45, "flood_years_exposed": 5, "flood_frequency": 1.0, "max_flood_exposure_pct": 59.832347637929075, "exposure_note": "ESTIMATE: spatial overlap with historical flood inundation polygons only. NOT actual people affected." }, "geometry": { "type": "Polygon", "coordinates": [ [ [ 91.975163369000086, 26.212241534000043 ], [ 91.975240098000086, 26.211957492000067 ], [ 91.975720558000035, 26.210464742000056 ], [ 91.975406621000047, 26.210342458000071 ], [ 91.974591206000071, 26.210050675000048 ], [ 91.972889060000057, 26.209534265000059 ], [ 91.971466160000034, 26.20912775000005 ], [ 91.971308314000055, 26.209088921000046 ], [ 91.970723030000045, 26.20894579000003 ], [ 91.968802370000049, 26.208576341000025 ], [ 91.968741013000056, 26.208566191000045 ], [ 91.966116185000033, 26.208136152000066 ], [ 91.964619940000034, 26.207926254000029 ], [ 91.964489289000085, 26.207919245000028 ], [ 91.964209287000074, 26.207937965000042 ], [ 91.96333926300008, 26.208234701000038 ], [ 91.962215661000073, 26.208679551000046 ], [ 91.961988765000058, 26.208795412000029 ], [ 91.961807160000035, 26.208948493000037 ], [ 91.960486083000035, 26.210184898000023 ], [ 91.960338771000067, 26.210373792000041 ], [ 91.960297050000065, 26.210517684000024 ], [ 91.960230381000031, 26.211355195000067 ], [ 91.96028434200008, 26.211915851000072 ], [ 91.960461189000057, 26.212457169000061 ], [ 91.961687697000059, 26.212290379000024 ], [ 91.962446776000036, 26.212252845000023 ], [ 91.963178171000038, 26.212214783000036 ], [ 91.964921084000082, 26.212134392000053 ], [ 91.965683564000074, 26.212080917000037 ], [ 91.965999411000041, 26.212097349000032 ], [ 91.966306963000079, 26.212155966000068 ], [ 91.967108548000056, 26.212385830000073 ], [ 91.969472296000049, 26.213021069000035 ], [ 91.969658657000082, 26.213075091000064 ], [ 91.970799322000062, 26.21340398500007 ], [ 91.971597620000068, 26.213589513000045 ], [ 91.971848665000039, 26.213670338000043 ], [ 91.972119733000056, 26.213829314000066 ], [ 91.972756722000042, 26.214253684000028 ], [ 91.973584078000044, 26.214826449000043 ], [ 91.973667651000085, 26.214694077000047 ], [ 91.974627367000039, 26.213156826000045 ], [ 91.974890470000048, 26.212707852000051 ], [ 91.975163369000086, 26.212241534000043 ] ] ] } },
{ "type": "Feature", "properties": { "District": "322", "Subdistt": "02131", "Town/Village": "303605", "Name": "Niz-Panbari", "TRU": "Rural", "No_HH": 145, "TOT_P": 803, "TOT_M": 377, "TOT_F": 426, "P_06": 93, "P_SC": 17, "P_ST": 237, "pc11_s_id": "18", "pc11_d_id": "322", "pc11_sd_id": "02131", "pc11_tv_id": "303605", "tv_name": "Niz-Panbari", "mdds_og": 0, "total_area_sqm": 1012552.5551789202, "total_area_ha": 101.25525551789201, "flood_area_1998": 849824.31571366498, "flood_pct_1998": 83.928909306193916, "exposed_pop_1998": 674, "flood_area_1999": 71688.419716473072, "flood_pct_1999": 7.0799702543642855, "exposed_pop_1999": 57, "flood_area_2004": 780709.62282435002, "flood_pct_2004": 77.103121100355821, "exposed_pop_2004": 619, "flood_area_2012": 227500.4145598007, "flood_pct_2012": 22.46801051423952, "exposed_pop_2012": 180, "flood_area_2013": 429189.72754271037, "flood_pct_2013": 42.386908743405591, "exposed_pop_2013": 340, "flood_years_exposed": 5, "flood_frequency": 1.0, "max_flood_exposure_pct": 83.928909306193916, "exposure_note": "ESTIMATE: spatial overlap with historical flood inundation polygons only. NOT actual people affected." }, "geometry": { "type": "Polygon", "coordinates": [ [ [ 91.983405101000074, 26.204996782000023 ], [ 91.982823823000047, 26.204192095000053 ], [ 91.982780123000055, 26.204139246000068 ], [ 91.982714134000048, 26.204110952000065 ], [ 91.982606603000079, 26.204093309000029 ], [ 91.981657520000056, 26.20416653500007 ], [ 91.97912369800008, 26.204440939000051 ], [ 91.978422592000072, 26.204513797000061 ], [ 91.978171597000085, 26.204500951000057 ], [ 91.97790225500006, 26.204487204000031 ], [ 91.977280197000084, 26.204307060000076 ], [ 91.975472695000065, 26.203815323000072 ], [ 91.974231293000059, 26.20345211800003 ], [ 91.974034098000061, 26.203412154000034 ], [ 91.973754903000042, 26.203257878000045 ], [ 91.972286079000071, 26.202202238000041 ], [ 91.970746520000034, 26.201184952000062 ], [ 91.970443480000085, 26.20102186500003 ], [ 91.970317278000039, 26.20100020700005 ], [ 91.970093615000053, 26.201016968000033 ], [ 91.969270552000069, 26.201224714000034 ], [ 91.967199071000039, 26.201616717000036 ], [ 91.96700162500008, 26.201647664000063 ], [ 91.966740759000061, 26.201662236000061 ], [ 91.966578462000086, 26.201653379000049 ], [ 91.966238408000038, 26.201619902000061 ], [ 91.965427246000047, 26.201365877000057 ], [ 91.964365838000049, 26.201110676000042 ], [ 91.964230804000067, 26.201089297000067 ], [ 91.964103083000055, 26.201089180000054 ], [ 91.96340994500008, 26.201330932000076 ], [ 91.962949619000085, 26.201495144000035 ], [ 91.962892760000045, 26.201540673000068 ], [ 91.962872429000072, 26.201603140000032 ], [ 91.962873280000053, 26.20166579000005 ], [ 91.963501475000044, 26.202310694000062 ], [ 91.96428196100004, 26.203075901000034 ], [ 91.965338515000042, 26.204130729000042 ], [ 91.965988337000056, 26.204747768000061 ], [ 91.966429634000065, 26.205226209000045 ], [ 91.967278010000086, 26.206395049000037 ], [ 91.968398615000069, 26.208085152000024 ], [ 91.968741013000056, 26.208566191000045 ], [ 91.968802370000049, 26.208576341000025 ], [ 91.970723030000045, 26.20894579000003 ], [ 91.971308314000055, 26.209088921000046 ], [ 91.971466160000034, 26.20912775000005 ], [ 91.972889060000057, 26.209534265000059 ], [ 91.974591206000071, 26.210050675000048 ], [ 91.975406621000047, 26.210342458000071 ], [ 91.975720558000035, 26.210464742000056 ], [ 91.976333743000055, 26.208432186000039 ], [ 91.976411370000051, 26.208195578000073 ], [ 91.976538717000039, 26.208067346000064 ], [ 91.976639383000077, 26.207986282000036 ], [ 91.976731136000069, 26.20793347700004 ], [ 91.976850717000048, 26.207882074000054 ], [ 91.97717375700006, 26.207763726000053 ], [ 91.979553344000067, 26.206882789000076 ], [ 91.980223502000058, 26.206638532000056 ], [ 91.980729703000065, 26.206501722000041 ], [ 91.981907096000043, 26.206333336000057 ], [ 91.984172416000035, 26.205896972000062 ], [ 91.983621045000064, 26.205249091000042 ], [ 91.983405101000074, 26.204996782000023 ] ] ] } },
{ "type": "Feature", "properties": { "District": "322", "Subdistt": "02131", "Town/Village": "303606", "Name": "Kurkuria Grant", "TRU": "Rural", "No_HH": 87, "TOT_P": 461, "TOT_M": 240, "TOT_F": 221, "P_06": 64, "P_SC": 0, "P_ST": 0, "pc11_s_id": "18", "pc11_d_id": "322", "pc11_sd_id": "02131", "pc11_tv_id": "303606", "tv_name": "Kurkuria Grant", "mdds_og": 0, "total_area_sqm": 2385347.72055742, "total_area_ha": 238.534772055742, "flood_area_1998": 892038.97473597946, "flood_pct_1998": 37.396601218690385, "exposed_pop_1998": 172, "flood_area_1999": 297223.97955271992, "flood_pct_1999": 12.460404702894348, "exposed_pop_1999": 57, "flood_area_2004": 691487.67551509233, "flood_pct_2004": 28.988967501706714, "exposed_pop_2004": 134, "flood_area_2012": 242870.2657193949, "flood_pct_2012": 10.181755206014147, "exposed_pop_2012": 47, "flood_area_2013": 348863.62220462738, "flood_pct_2013": 14.625273254630699, "exposed_pop_2013": 67, "flood_years_exposed": 5, "flood_frequency": 1.0, "max_flood_exposure_pct": 37.396601218690385, "exposure_note": "ESTIMATE: spatial overlap with historical flood inundation polygons only. NOT actual people affected." }, "geometry": { "type": "Polygon", "coordinates": [ [ [ 91.994265006000035, 26.204357056000038 ], [ 91.995638570000082, 26.204311228000066 ], [ 91.996046857000024, 26.204398374000082 ], [ 91.996307308999988, 26.204482848000055 ], [ 91.996863130000065, 26.204064668000093 ], [ 91.997171740000013, 26.203832140000038 ], [ 91.997658300889995, 26.203391189551795 ], [ 91.996282400212607, 26.201466511770111 ], [ 91.994669109092172, 26.198426127863605 ], [ 91.994121902204114, 26.197137610712229 ], [ 91.994053053705471, 26.196866795166507 ], [ 91.994038538647686, 26.196718141728947 ], [ 91.994045030853584, 26.1966203017856 ], [ 91.994121975948502, 26.196385618301665 ], [ 91.995106795642201, 26.194488886952616 ], [ 91.995644969739573, 26.193551913889834 ], [ 91.995782772856757, 26.193121490264648 ], [ 91.995894235730447, 26.19243779506828 ], [ 91.99583825922835, 26.191046412561914 ], [ 91.995825936717694, 26.190736972932971 ], [ 91.995765954635189, 26.190612915953349 ], [ 91.995569146998605, 26.190413788965294 ], [ 91.995343193233836, 26.190234159279058 ], [ 91.99399195400008, 26.19054686800002 ], [ 91.992921839000104, 26.19066266 ], [ 91.991687905000049, 26.190745006000071 ], [ 91.989354543000076, 26.190934566000035 ], [ 91.988523432000051, 26.190922669000027 ], [ 91.987241879000067, 26.190818095000079 ], [ 91.983789198000039, 26.190301075000022 ], [ 91.982719075000034, 26.190037439000058 ], [ 91.98231477300007, 26.189904399000064 ], [ 91.98228989100005, 26.189894122000013 ], [ 91.981160400000036, 26.189223850000065 ], [ 91.980321645000089, 26.188656734000038 ], [ 91.978776804000091, 26.187250760000058 ], [ 91.976389285000067, 26.185374534000072 ], [ 91.97390952700006, 26.183831076 ], [ 91.973412990000014, 26.183563118000031 ], [ 91.973269481000045, 26.183486589 ], [ 91.973067702000037, 26.183458528000081 ], [ 91.970964700000124, 26.18347866800006 ], [ 91.971500954000078, 26.184789347000059 ], [ 91.97247856900006, 26.187203400000048 ], [ 91.972914630000076, 26.188190334000083 ], [ 91.973711160000079, 26.189488706000041 ], [ 91.974063549000022, 26.190125705000078 ], [ 91.975330247000016, 26.190996475000095 ], [ 91.976133002000012, 26.191457370000037 ], [ 91.977163225000069, 26.191929806000047 ], [ 91.978409237000051, 26.192393790000068 ], [ 91.979193473000095, 26.192728654000064 ], [ 91.9797002050001, 26.192983549000104 ], [ 91.98053382600007, 26.193494903000047 ], [ 91.981502094000064, 26.194173278000044 ], [ 91.982296001000037, 26.194813748000101 ], [ 91.983015469000051, 26.195506851000072 ], [ 91.983554004000027, 26.196089137000023 ], [ 91.983979977, 26.196595973000036 ], [ 91.984694202000043, 26.197641861000065 ], [ 91.985172565000099, 26.198222005000016 ], [ 91.985186191000068, 26.198308969000017 ], [ 91.985187116000048, 26.198369469000049 ], [ 91.985157084000065, 26.198447103000078 ], [ 91.985038326000094, 26.19860014700004 ], [ 91.984322901000041, 26.199689755000044 ], [ 91.984310146000055, 26.199778236000082 ], [ 91.984311863000116, 26.199882364000082 ], [ 91.984512519000106, 26.20033318200008 ], [ 91.985124529000117, 26.201570287000031 ], [ 91.985190870000011, 26.201692797000042 ], [ 91.985293131000034, 26.201817280000039 ], [ 91.985558825000084, 26.202004245000055 ], [ 91.986704868000047, 26.202941395000057 ], [ 91.987732251000054, 26.203791463000048 ], [ 91.988068577, 26.204048221000065 ], [ 91.988254454000099, 26.204178626000019 ], [ 91.988636280000065, 26.204325154000063 ], [ 91.988800201000046, 26.204387997000023 ], [ 91.98923355700002, 26.20457725600005 ], [ 91.989666104, 26.204747773000037 ], [ 91.990190303000048, 26.204903910000077 ], [ 91.990487504000029, 26.204944938 ], [ 91.990617218000096, 26.204952473 ], [ 91.992120594000056, 26.204961523000048 ], [ 91.992459675000049, 26.204964378000017 ], [ 91.992644654000074, 26.20494044700008 ], [ 91.992814585000104, 26.204907718000037 ], [ 91.993126500000074, 26.204780208000056 ], [ 91.99407246, 26.204423115000086 ], [ 91.994265006000035, 26.204357056000038 ] ] ] } },
{ "type": "Feature", "properties": { "District": "322", "Subdistt": "02131", "Town/Village": "303607", "Name": "2 No. Juboi", "TRU": "Rural", "No_HH": 3, "TOT_P": 19, "TOT_M": 9, "TOT_F": 10, "P_06": 9, "P_SC": 0, "P_ST": 11, "pc11_s_id": "18", "pc11_d_id": "322", "pc11_sd_id": "02131", "pc11_tv_id": "303607", "tv_name": "2 No. Juboi", "mdds_og": 0, "total_area_sqm": 699318.30390867312, "total_area_ha": 69.931830390867304, "flood_area_1998": 0.0, "flood_pct_1998": 0.0, "exposed_pop_1998": 0, "flood_area_1999": 0.0, "flood_pct_1999": 0.0, "exposed_pop_1999": 0, "flood_area_2004": 0.0, "flood_pct_2004": 0.0, "exposed_pop_2004": 0, "flood_area_2012": 0.0, "flood_pct_2012": 0.0, "exposed_pop_2012": 0, "flood_area_2013": 0.0, "flood_pct_2013": 0.0, "exposed_pop_2013": 0, "flood_years_exposed": 0, "flood_frequency": 0.0, "max_flood_exposure_pct": 0.0, "exposure_note": "ESTIMATE: spatial overlap with historical flood inundation polygons only. NOT actual people affected." }, "geometry": { "type": "Polygon", "coordinates": [ [ [ 91.958618802000046, 26.184669159000066 ], [ 91.960484395000037, 26.185256903000038 ], [ 91.961799141000085, 26.185564685000031 ], [ 91.96388638500008, 26.185997201000077 ], [ 91.966488144000039, 26.186509474000047 ], [ 91.967431108000085, 26.186703292000061 ], [ 91.967709502000048, 26.186776740000028 ], [ 91.968258466000066, 26.187012605000064 ], [ 91.970125574000065, 26.187842133000061 ], [ 91.97065561900007, 26.188101269000072 ], [ 91.971038369000041, 26.188303418000032 ], [ 91.972845977000077, 26.189428540000051 ], [ 91.97406354900005, 26.190125705000071 ], [ 91.97371116000005, 26.189488706000077 ], [ 91.972914630000048, 26.188190334000069 ], [ 91.972478569000032, 26.187203400000044 ], [ 91.971500954000078, 26.184789347000049 ], [ 91.970964700000081, 26.183478668000078 ], [ 91.970767872000067, 26.183030059000032 ], [ 91.970589859000086, 26.182882819000042 ], [ 91.969696543000055, 26.182255608000048 ], [ 91.968701560000056, 26.181546645000026 ], [ 91.968488678000085, 26.18144002400004 ], [ 91.967943478000052, 26.181288566000035 ], [ 91.966259176000051, 26.180872606000037 ], [ 91.965541493000046, 26.180693881000025 ], [ 91.964830989000063, 26.180411906000074 ], [ 91.96334029500008, 26.179878218000056 ], [ 91.963369933000081, 26.179980487000023 ], [ 91.963369816000068, 26.180047173000048 ], [ 91.963344867000046, 26.180102455000053 ], [ 91.96305101300004, 26.180383906000031 ], [ 91.961989917000039, 26.181314188000044 ], [ 91.961336624000069, 26.181899951000048 ], [ 91.960906530000045, 26.182384309000042 ], [ 91.96014554900006, 26.183260244000053 ], [ 91.959739589000037, 26.183754909000072 ], [ 91.959581186000037, 26.183892881000077 ], [ 91.958618802000046, 26.184669159000066 ] ] ] } },
{ "type": "Feature", "properties": { "District": "322", "Subdistt": "02131", "Town/Village": "303608", "Name": "2 No. Gharua", "TRU": "Rural", "No_HH": 8, "TOT_P": 32, "TOT_M": 15, "TOT_F": 17, "P_06": 3, "P_SC": 0, "P_ST": 0, "pc11_s_id": "18", "pc11_d_id": "322", "pc11_sd_id": "02131", "pc11_tv_id": "303608", "tv_name": "2 No. Gharua", "mdds_og": 0, "total_area_sqm": 2761848.1545519829, "total_area_ha": 276.1848154551983, "flood_area_1998": 0.0, "flood_pct_1998": 0.0, "exposed_pop_1998": 0, "flood_area_1999": 0.0, "flood_pct_1999": 0.0, "exposed_pop_1999": 0, "flood_area_2004": 0.0, "flood_pct_2004": 0.0, "exposed_pop_2004": 0, "flood_area_2012": 0.0, "flood_pct_2012": 0.0, "exposed_pop_2012": 0, "flood_area_2013": 0.0, "flood_pct_2013": 0.0, "exposed_pop_2013": 0, "flood_years_exposed": 0, "flood_frequency": 0.0, "max_flood_exposure_pct": 0.0, "exposure_note": "ESTIMATE: spatial overlap with historical flood inundation polygons only. NOT actual people affected." }, "geometry": { "type": "Polygon", "coordinates": [ [ [ 91.938103626000043, 26.191909790000068 ], [ 91.938266171000066, 26.191937206000034 ], [ 91.938526512000067, 26.191970910000066 ], [ 91.940024860000051, 26.192033972000047 ], [ 91.942573473000039, 26.192000077000046 ], [ 91.94409349700004, 26.191987764000032 ], [ 91.944444934000046, 26.191993758000024 ], [ 91.944613053000069, 26.191971349000028 ], [ 91.94630572300008, 26.191506380000078 ], [ 91.949756041000057, 26.190601333000075 ], [ 91.952130640000064, 26.190189552000049 ], [ 91.95242094300005, 26.190174192000029 ], [ 91.952562020000073, 26.19014186000004 ], [ 91.952777157000071, 26.190066181000077 ], [ 91.952951676000055, 26.189970126000048 ], [ 91.954012936000083, 26.189342771000042 ], [ 91.954972177000059, 26.188822667000068 ], [ 91.955195572000036, 26.188705578000054 ], [ 91.95529461600006, 26.188605954000025 ], [ 91.956532257000049, 26.187087789000032 ], [ 91.95746028800005, 26.185890598000071 ], [ 91.958071038000071, 26.185219049000068 ], [ 91.958618802000046, 26.184669159000066 ], [ 91.959581186000037, 26.183892881000077 ], [ 91.959739589000037, 26.183754909000072 ], [ 91.96014554900006, 26.183260244000053 ], [ 91.960906530000045, 26.182384309000042 ], [ 91.961336624000069, 26.181899951000048 ], [ 91.961989917000039, 26.181314188000044 ], [ 91.96305101300004, 26.180383906000031 ], [ 91.963344867000046, 26.180102455000053 ], [ 91.963369816000068, 26.180047173000048 ], [ 91.963369933000081, 26.179980487000023 ], [ 91.96334029500008, 26.179878218000056 ], [ 91.962499386000047, 26.17957215000007 ], [ 91.961224028000061, 26.178936563000036 ], [ 91.959185798000078, 26.177844702000073 ], [ 91.956604902000038, 26.176449695000031 ], [ 91.954722791000052, 26.175527502000023 ], [ 91.952817380000056, 26.174557857000025 ], [ 91.952505568000049, 26.174418077000041 ], [ 91.952183674000082, 26.174372316000074 ], [ 91.949747022000054, 26.174196227000039 ], [ 91.949397275000081, 26.174208284000031 ], [ 91.94910833800003, 26.174284913000065 ], [ 91.947930701000075, 26.174911817000066 ], [ 91.946838530000036, 26.175444127000048 ], [ 91.946611193000081, 26.175639112000056 ], [ 91.946165, 26.176337609000029 ], [ 91.945577150000076, 26.177429827000026 ], [ 91.944698489000075, 26.178870389000053 ], [ 91.944087509000042, 26.179763645000037 ], [ 91.94387118700007, 26.180093811000063 ], [ 91.943728280000073, 26.180513379000047 ], [ 91.942676733000042, 26.183590652000078 ], [ 91.941703802000063, 26.186563370000044 ], [ 91.941266564000045, 26.18784755300004 ], [ 91.941161444000045, 26.188154914000052 ], [ 91.940527046000057, 26.189292959000056 ], [ 91.940110074000074, 26.190026120000027 ], [ 91.939989205000074, 26.190224801000056 ], [ 91.939702356000055, 26.190475679000031 ], [ 91.938759147000042, 26.191283757000065 ], [ 91.938103626000043, 26.191909790000068 ] ] ] } },
{ "type": "Feature", "properties": { "District": "322", "Subdistt": "02131", "Town/Village": "303609", "Name": "2 No. Niz-Panbari", "TRU": "Rural", "No_HH": 71, "TOT_P": 357, "TOT_M": 185, "TOT_F": 172, "P_06": 39, "P_SC": 30, "P_ST": 1, "pc11_s_id": "18", "pc11_d_id": "322", "pc11_sd_id": "02131", "pc11_tv_id": "303609", "tv_name": "2 No. Niz-Panbari", "mdds_og": 0, "total_area_sqm": 5055517.5243468098, "total_area_ha": 505.55175243468096, "flood_area_1998": 678586.02675888222, "flood_pct_1998": 13.422681723303054, "exposed_pop_1998": 48, "flood_area_1999": 75730.725249526309, "flood_pct_1999": 1.497981658352791, "exposed_pop_1999": 5, "flood_area_2004": 520937.29800262093, "flood_pct_2004": 10.304331762155801, "exposed_pop_2004": 37, "flood_area_2012": 132234.19021363277, "flood_pct_2012": 2.615641021454433, "exposed_pop_2012": 9, "flood_area_2013": 180049.97991997749, "flood_pct_2013": 3.5614549658442844, "exposed_pop_2013": 13, "flood_years_exposed": 5, "flood_frequency": 1.0, "max_flood_exposure_pct": 13.422681723303054, "exposure_note": "ESTIMATE: spatial overlap with historical flood inundation polygons only. NOT actual people affected." }, "geometry": { "type": "Polygon", "coordinates": [ [ [ 91.96340994500008, 26.201330932000076 ], [ 91.964103083000055, 26.201089180000054 ], [ 91.964230804000067, 26.201089297000067 ], [ 91.964365838000049, 26.201110676000042 ], [ 91.965427246000047, 26.201365877000057 ], [ 91.966238408000038, 26.201619902000061 ], [ 91.966578462000086, 26.201653379000049 ], [ 91.966740759000061, 26.201662236000061 ], [ 91.96700162500008, 26.201647664000063 ], [ 91.967199071000039, 26.201616717000036 ], [ 91.969270552000069, 26.201224714000034 ], [ 91.970093615000053, 26.201016968000033 ], [ 91.970317278000039, 26.20100020700005 ], [ 91.970443480000085, 26.20102186500003 ], [ 91.970746520000034, 26.201184952000062 ], [ 91.972286079000071, 26.202202238000041 ], [ 91.973754903000042, 26.203257878000045 ], [ 91.974034098000061, 26.203412154000034 ], [ 91.974231293000059, 26.20345211800003 ], [ 91.975472695000065, 26.203815323000072 ], [ 91.977280197000084, 26.204307060000076 ], [ 91.97790225500006, 26.204487204000031 ], [ 91.978171597000085, 26.204500951000057 ], [ 91.978422592000072, 26.204513797000061 ], [ 91.97912369800008, 26.204440939000051 ], [ 91.981657520000056, 26.20416653500007 ], [ 91.982606603000079, 26.204093309000029 ], [ 91.982714134000048, 26.204110952000065 ], [ 91.982780123000055, 26.204139246000068 ], [ 91.982823823000047, 26.204192095000053 ], [ 91.983405101000074, 26.204996782000023 ], [ 91.983621045000064, 26.205249091000042 ], [ 91.984172416000035, 26.205896972000062 ], [ 91.984875524000074, 26.205742345000033 ], [ 91.986790652000082, 26.205445458000042 ], [ 91.987846944000069, 26.205360303000077 ], [ 91.988385306000055, 26.205336374000069 ], [ 91.988600904000066, 26.205294164000065 ], [ 91.988758641000061, 26.205207054000027 ], [ 91.988894059000074, 26.205130569000062 ], [ 91.989666104000037, 26.204747773000065 ], [ 91.989233557000034, 26.20457725600005 ], [ 91.98880020100006, 26.204387997000026 ], [ 91.988636280000037, 26.20432515400006 ], [ 91.988254454000071, 26.204178626000044 ], [ 91.988068577000035, 26.20404822100005 ], [ 91.987732251000068, 26.203791463000073 ], [ 91.986704868000061, 26.202941395000039 ], [ 91.985558825000055, 26.202004245000069 ], [ 91.985293131000049, 26.201817280000057 ], [ 91.985190870000054, 26.201692797000078 ], [ 91.985124529000075, 26.201570287000038 ], [ 91.984512519000077, 26.200333182000065 ], [ 91.984311863000073, 26.199882364000075 ], [ 91.984310146000041, 26.199778236000043 ], [ 91.984322901000041, 26.199689755000065 ], [ 91.985038326000051, 26.198600147000036 ], [ 91.985157084000036, 26.198447103000035 ], [ 91.985187116000077, 26.198369469000056 ], [ 91.985186191000082, 26.198308969000038 ], [ 91.985172565000084, 26.198222005000048 ], [ 91.984694202000071, 26.197641861000079 ], [ 91.983979977000047, 26.196595973000058 ], [ 91.983554004000041, 26.196089137000058 ], [ 91.983015469000065, 26.195506851000061 ], [ 91.982296001000066, 26.194813748000058 ], [ 91.981502094000064, 26.194173278000051 ], [ 91.980533826000055, 26.193494903000044 ], [ 91.979700205000086, 26.192983549000076 ], [ 91.979193473000066, 26.192728654000064 ], [ 91.978409237000051, 26.19239379000004 ], [ 91.977163225000083, 26.191929806000076 ], [ 91.97613300200004, 26.191457370000023 ], [ 91.975330247000045, 26.190996475000077 ], [ 91.97406354900005, 26.190125705000071 ], [ 91.972845977000077, 26.189428540000051 ], [ 91.971038369000041, 26.188303418000032 ], [ 91.97065561900007, 26.188101269000072 ], [ 91.970125574000065, 26.187842133000061 ], [ 91.968258466000066, 26.187012605000064 ], [ 91.967709502000048, 26.186776740000028 ], [ 91.967431108000085, 26.186703292000061 ], [ 91.966488144000039, 26.186509474000047 ], [ 91.96388638500008, 26.185997201000077 ], [ 91.961799141000085, 26.185564685000031 ], [ 91.960484395000037, 26.185256903000038 ], [ 91.958618802000046, 26.184669159000066 ], [ 91.958071038000071, 26.185219049000068 ], [ 91.95746028800005, 26.185890598000071 ], [ 91.956532257000049, 26.187087789000032 ], [ 91.95529461600006, 26.188605954000025 ], [ 91.955195572000036, 26.188705578000054 ], [ 91.954972177000059, 26.188822667000068 ], [ 91.954012936000083, 26.189342771000042 ], [ 91.952951676000055, 26.189970126000048 ], [ 91.952777157000071, 26.190066181000077 ], [ 91.952562020000073, 26.19014186000004 ], [ 91.95242094300005, 26.190174192000029 ], [ 91.952130640000064, 26.190189552000049 ], [ 91.949756041000057, 26.190601333000075 ], [ 91.950560833000054, 26.193110545000025 ], [ 91.950592352000058, 26.193211057000042 ], [ 91.952700804000074, 26.194099505000054 ], [ 91.953079285000058, 26.194248526000024 ], [ 91.95335603400008, 26.194390448000036 ], [ 91.953568915000062, 26.194620143000066 ], [ 91.95445628300007, 26.195809533000045 ], [ 91.955384871000035, 26.197060489000023 ], [ 91.955468974000041, 26.197227634000058 ], [ 91.955648651000047, 26.197986533000062 ], [ 91.95606689300007, 26.200185174000069 ], [ 91.956271004000087, 26.201376050000079 ], [ 91.956252894000045, 26.201537193000036 ], [ 91.956226568000034, 26.20168890900004 ], [ 91.955991101000052, 26.20233408100006 ], [ 91.958338244000061, 26.203091550000067 ], [ 91.959892633000038, 26.203593692000027 ], [ 91.960677882000084, 26.203818494000075 ], [ 91.960983762000069, 26.203942875000052 ], [ 91.961473664000039, 26.204186743000037 ], [ 91.962582177000058, 26.205034886000078 ], [ 91.96336275200008, 26.205618020000031 ], [ 91.965033112000071, 26.207097670000053 ], [ 91.966116185000033, 26.208136152000066 ], [ 91.968741013000056, 26.208566191000045 ], [ 91.968398615000069, 26.208085152000024 ], [ 91.967278010000086, 26.206395049000037 ], [ 91.966429634000065, 26.205226209000045 ], [ 91.965988337000056, 26.204747768000061 ], [ 91.965338515000042, 26.204130729000042 ], [ 91.96428196100004, 26.203075901000034 ], [ 91.963501475000044, 26.202310694000062 ], [ 91.962873280000053, 26.20166579000005 ], [ 91.962872429000072, 26.201603140000032 ], [ 91.962892760000045, 26.201540673000068 ], [ 91.962949619000085, 26.201495144000035 ], [ 91.96340994500008, 26.201330932000076 ] ] ] } },
{ "type": "Feature", "properties": { "District": "322", "Subdistt": "02131", "Town/Village": "303610", "Name": "Ahorigog", "TRU": "Rural", "No_HH": 0, "TOT_P": 0, "TOT_M": 0, "TOT_F": 0, "P_06": 0, "P_SC": 0, "P_ST": 0, "pc11_s_id": "18", "pc11_d_id": "322", "pc11_sd_id": "02131", "pc11_tv_id": "303610", "tv_name": "Ahorigog", "mdds_og": 0, "total_area_sqm": 1168714.4401004598, "total_area_ha": 116.87144401004599, "flood_area_1998": 0.0, "flood_pct_1998": 0.0, "exposed_pop_1998": 0, "flood_area_1999": 0.0, "flood_pct_1999": 0.0, "exposed_pop_1999": 0, "flood_area_2004": 0.0, "flood_pct_2004": 0.0, "exposed_pop_2004": 0, "flood_area_2012": 0.0, "flood_pct_2012": 0.0, "exposed_pop_2012": 0, "flood_area_2013": 0.0, "flood_pct_2013": 0.0, "exposed_pop_2013": 0, "flood_years_exposed": 0, "flood_frequency": 0.0, "max_flood_exposure_pct": 0.0, "exposure_note": "ESTIMATE: spatial overlap with historical flood inundation polygons only. NOT actual people affected." }, "geometry": { "type": "Polygon", "coordinates": [ [ [ 91.950044877000039, 26.20436916400007 ], [ 91.95064152100008, 26.20441306500004 ], [ 91.951203734000046, 26.204408011000055 ], [ 91.951720341000055, 26.204387260000033 ], [ 91.952348452000081, 26.204359946000068 ], [ 91.952537172000063, 26.204345971000066 ], [ 91.953849784000056, 26.20393776800006 ], [ 91.954207323000048, 26.203825932000029 ], [ 91.954408189000048, 26.203722999000036 ], [ 91.955619657000057, 26.202969494000058 ], [ 91.955736128000069, 26.202855774000056 ], [ 91.955806829000039, 26.202764306000063 ], [ 91.955991101000052, 26.20233408100006 ], [ 91.956226568000034, 26.20168890900004 ], [ 91.956252894000045, 26.201537193000036 ], [ 91.956271004000087, 26.201376050000079 ], [ 91.95606689300007, 26.200185174000069 ], [ 91.955648651000047, 26.197986533000062 ], [ 91.955468974000041, 26.197227634000058 ], [ 91.955384871000035, 26.197060489000023 ], [ 91.95445628300007, 26.195809533000045 ], [ 91.953568915000062, 26.194620143000066 ], [ 91.95335603400008, 26.194390448000036 ], [ 91.953079285000058, 26.194248526000024 ], [ 91.952700804000074, 26.194099505000054 ], [ 91.950592352000058, 26.193211057000042 ], [ 91.950560833000054, 26.193110545000025 ], [ 91.950183701000071, 26.193210255000054 ], [ 91.949280771000076, 26.193492200000037 ], [ 91.948515703000055, 26.193717621000076 ], [ 91.948336815000062, 26.193778448000046 ], [ 91.94826312400005, 26.193844691000038 ], [ 91.948183253000082, 26.193930483000031 ], [ 91.948089935000041, 26.194093167000062 ], [ 91.947879710000052, 26.195651591000058 ], [ 91.947826248000069, 26.195816721000028 ], [ 91.947700053000062, 26.196003331000043 ], [ 91.946167368000033, 26.19764869200003 ], [ 91.946106684000085, 26.197696809000036 ], [ 91.946039927000072, 26.197699703000069 ], [ 91.945951628000046, 26.197688320000054 ], [ 91.945876701000032, 26.197665793000056 ], [ 91.944600027000035, 26.196805812000036 ], [ 91.944496357000048, 26.19676750900004 ], [ 91.944435746000067, 26.19675877800006 ], [ 91.94437915900005, 26.196773224000026 ], [ 91.94430905300004, 26.196828702000062 ], [ 91.943741740000064, 26.198038863000079 ], [ 91.943529316000081, 26.198633985000072 ], [ 91.94349191200007, 26.198713442000042 ], [ 91.943481184000063, 26.198820478000073 ], [ 91.943480823000073, 26.198912199000063 ], [ 91.943495878000078, 26.199014847000058 ], [ 91.943495539000082, 26.19910158600004 ], [ 91.943484916000045, 26.199182704000066 ], [ 91.943426884000075, 26.199260895000066 ], [ 91.942774224000061, 26.199706230000061 ], [ 91.942716155000085, 26.199769460000027 ], [ 91.942700268000067, 26.199860239000031 ], [ 91.942699631000039, 26.200002834000031 ], [ 91.943340405000072, 26.201884731000064 ], [ 91.943382452000037, 26.201968115000057 ], [ 91.943491530000074, 26.202089526000066 ], [ 91.944800084000065, 26.202854674000037 ], [ 91.94612016800005, 26.203655549000075 ], [ 91.946297620000053, 26.203723058000037 ], [ 91.946599929000058, 26.203787072000068 ], [ 91.947404448000043, 26.203932896000026 ], [ 91.949790630000052, 26.204326335000076 ], [ 91.950044877000039, 26.20436916400007 ] ] ] } },
{ "type": "Feature", "properties": { "District": "322", "Subdistt": "02131", "Town/Village": "303611", "Name": "2 No. Hojobari", "TRU": "Rural", "No_HH": 101, "TOT_P": 509, "TOT_M": 269, "TOT_F": 240, "P_06": 55, "P_SC": 16, "P_ST": 16, "pc11_s_id": "18", "pc11_d_id": "322", "pc11_sd_id": "02131", "pc11_tv_id": "303611", "tv_name": "2 No. Hojobari", "mdds_og": 0, "total_area_sqm": 2815511.4668318303, "total_area_ha": 281.55114668318305, "flood_area_1998": 526314.79030833824, "flood_pct_1998": 18.693398926219853, "exposed_pop_1998": 95, "flood_area_1999": 467629.23396954843, "flood_pct_1999": 16.60903318911895, "exposed_pop_1999": 85, "flood_area_2004": 514462.55949943583, "flood_pct_2004": 18.272437017574557, "exposed_pop_2004": 93, "flood_area_2012": 343257.73519922921, "flood_pct_2012": 12.19166532415092, "exposed_pop_2012": 62, "flood_area_2013": 440589.30811885151, "flood_pct_2013": 15.64864193625988, "exposed_pop_2013": 80, "flood_years_exposed": 5, "flood_frequency": 1.0, "max_flood_exposure_pct": 18.693398926219853, "exposure_note": "ESTIMATE: spatial overlap with historical flood inundation polygons only. NOT actual people affected." }, "geometry": { "type": "Polygon", "coordinates": [ [ [ 91.931691294000117, 26.226315606000039 ], [ 91.931368706000072, 26.226013788000024 ], [ 91.931211344000104, 26.225845171000017 ], [ 91.930812243000034, 26.225004569000099 ], [ 91.929988652000105, 26.223796435000057 ], [ 91.929327375000099, 26.222947602 ], [ 91.929042076000115, 26.222628846000084 ], [ 91.928506892000073, 26.222170585000093 ], [ 91.928313368000047, 26.22205269100002 ], [ 91.926977190000073, 26.221532296000039 ], [ 91.926680880000063, 26.22136294900006 ], [ 91.926514894, 26.221245734000043 ], [ 91.926359283000096, 26.221067366000028 ], [ 91.925573931000045, 26.219928446000029 ], [ 91.925393571000043, 26.219600737000093 ], [ 91.925369446, 26.219396683000085 ], [ 91.925677513000011, 26.217465145000052 ], [ 91.926513141000044, 26.213602241000089 ], [ 91.926518885000078, 26.21318467700009 ], [ 91.926537143000076, 26.21284391300005 ], [ 91.926296647000072, 26.210641445000071 ], [ 91.925885530000073, 26.207050341000038 ], [ 91.925820295000094, 26.205884557000036 ], [ 91.925791075000078, 26.205465229000069 ], [ 91.925961437000041, 26.20503657400004 ], [ 91.926290894000033, 26.204229517000055 ], [ 91.925881919000034, 26.204222636000019 ], [ 91.925046167000076, 26.204152931000024 ], [ 91.923507303000036, 26.204005554000087 ], [ 91.922817454000068, 26.203945613000013 ], [ 91.922342088000079, 26.203916100000058 ], [ 91.922051443000015, 26.203898095000078 ], [ 91.921724922000081, 26.20391183800006 ], [ 91.920752920000041, 26.204046555000016 ], [ 91.919896278000039, 26.20416266400003 ], [ 91.919322379000064, 26.204212411000061 ], [ 91.916751505000065, 26.204090594000018 ], [ 91.913534401000078, 26.203797226000081 ], [ 91.910937768000082, 26.203535629000019 ], [ 91.910243638000026, 26.203482599000072 ], [ 91.910272854000041, 26.203627753 ], [ 91.910901158000073, 26.204631604000017 ], [ 91.912016678000086, 26.206116027000093 ], [ 91.912903698000022, 26.207397567000079 ], [ 91.914103799000031, 26.208829284000057 ], [ 91.914923260000052, 26.210021678000039 ], [ 91.915763282000015, 26.211266917000042 ], [ 91.916001280000074, 26.211552875000077 ], [ 91.91623647100009, 26.211993383000021 ], [ 91.916530436000073, 26.213165156000073 ], [ 91.916874797000062, 26.214570016000049 ], [ 91.916996301000069, 26.215942476000098 ], [ 91.917004024000093, 26.218547757000099 ], [ 91.91697257800007, 26.219611387000086 ], [ 91.916967873000033, 26.21986047500009 ], [ 91.916953712000108, 26.220055086000027 ], [ 91.916834087000069, 26.220286937000026 ], [ 91.916587415, 26.220695273000061 ], [ 91.916408029000081, 26.221085849000048 ], [ 91.916400651000089, 26.221465249000087 ], [ 91.916385474000066, 26.221919875000044 ], [ 91.918040620000056, 26.222501555000033 ], [ 91.918776969000064, 26.222848065000015 ], [ 91.920752857000124, 26.223864173000067 ], [ 91.92178519, 26.224443691000054 ], [ 91.923043716000038, 26.22522045000002 ], [ 91.924782498000113, 26.22631657100003 ], [ 91.92515036, 26.226559621000067 ], [ 91.925553953000076, 26.226937171000042 ], [ 91.926601489000063, 26.227949591000055 ], [ 91.928308657000102, 26.229594203000062 ], [ 91.930577544000073, 26.231744881000019 ], [ 91.931863710000087, 26.232904847999983 ], [ 91.931876327000055, 26.232654245000031 ], [ 91.931849666000076, 26.232357793000105 ], [ 91.931217607000093, 26.229083677000098 ], [ 91.930992786000047, 26.228090899000023 ], [ 91.931003539000059, 26.227933744999987 ], [ 91.931029938000023, 26.227784478000071 ], [ 91.931691294000117, 26.226315606000039 ] ] ] } },
{ "type": "Feature", "properties": { "District": "322", "Subdistt": "02131", "Town/Village": "303612", "Name": "2 No. Khankar", "TRU": "Rural", "No_HH": 28, "TOT_P": 131, "TOT_M": 72, "TOT_F": 59, "P_06": 23, "P_SC": 0, "P_ST": 7, "pc11_s_id": "18", "pc11_d_id": "322", "pc11_sd_id": "02131", "pc11_tv_id": "303612", "tv_name": "2 No. Khankar", "mdds_og": 0, "total_area_sqm": 1432791.4923859206, "total_area_ha": 143.27914923859205, "flood_area_1998": 0.0, "flood_pct_1998": 0.0, "exposed_pop_1998": 0, "flood_area_1999": 0.0, "flood_pct_1999": 0.0, "exposed_pop_1999": 0, "flood_area_2004": 0.0, "flood_pct_2004": 0.0, "exposed_pop_2004": 0, "flood_area_2012": 0.0, "flood_pct_2012": 0.0, "exposed_pop_2012": 0, "flood_area_2013": 0.0, "flood_pct_2013": 0.0, "exposed_pop_2013": 0, "flood_years_exposed": 0, "flood_frequency": 0.0, "max_flood_exposure_pct": 0.0, "exposure_note": "ESTIMATE: spatial overlap with historical flood inundation polygons only. NOT actual people affected." }, "geometry": { "type": "Polygon", "coordinates": [ [ [ 91.89256636600004, 26.204121493000059 ], [ 91.895484992000036, 26.205313224000065 ], [ 91.897069765000083, 26.205887326000038 ], [ 91.898388041000032, 26.206495107000023 ], [ 91.901181963000056, 26.207853096000065 ], [ 91.902742699000044, 26.208466152000028 ], [ 91.903714247000039, 26.208876367000073 ], [ 91.904293407000068, 26.209116264000045 ], [ 91.904778354000086, 26.209450649000075 ], [ 91.906135421000045, 26.210358958000029 ], [ 91.906634093000037, 26.210142504000032 ], [ 91.906856660000074, 26.210012867000046 ], [ 91.906964762000086, 26.209902576000047 ], [ 91.907028316000037, 26.209772814000075 ], [ 91.907127218000085, 26.20852609700006 ], [ 91.907212208000033, 26.208230276000052 ], [ 91.907322634000082, 26.208011557000077 ], [ 91.907981316000075, 26.206809429000032 ], [ 91.908446896000044, 26.205959633000077 ], [ 91.90862661500006, 26.205760745000077 ], [ 91.908953943000085, 26.205587234000063 ], [ 91.910351810000066, 26.204915592000077 ], [ 91.910901158000058, 26.204631604000042 ], [ 91.910272854000084, 26.203627753000035 ], [ 91.910243638000054, 26.20348259900004 ], [ 91.910037573000068, 26.203466770000034 ], [ 91.909782532000065, 26.20340133600007 ], [ 91.909572802000071, 26.203313628000046 ], [ 91.908569208000074, 26.202680887000042 ], [ 91.90774760100004, 26.202221417000032 ], [ 91.907217466000077, 26.201741756000047 ], [ 91.90575590800006, 26.200361932000078 ], [ 91.904263340000057, 26.19911453900005 ], [ 91.903033992000076, 26.198095629000079 ], [ 91.902764556000079, 26.197913237000023 ], [ 91.902528621000044, 26.197808304000034 ], [ 91.90231784100007, 26.197780375000036 ], [ 91.901656938000031, 26.197712185000057 ], [ 91.900264033000042, 26.197497288000079 ], [ 91.899602930000071, 26.197429867000039 ], [ 91.899408272000073, 26.197420025000042 ], [ 91.899213752000037, 26.197444044000065 ], [ 91.898901433000049, 26.197545744000024 ], [ 91.898052712000037, 26.19781669200006 ], [ 91.896929099000033, 26.198132086000044 ], [ 91.896607381000081, 26.198259494000069 ], [ 91.896174414000086, 26.198558523000031 ], [ 91.895196528000042, 26.199336211000059 ], [ 91.894808886000078, 26.199603765000063 ], [ 91.894698471000083, 26.199741578000044 ], [ 91.894464603000074, 26.200440960000037 ], [ 91.894317127000079, 26.200964528000043 ], [ 91.894150063000041, 26.201217814000074 ], [ 91.893843487000083, 26.201707793000026 ], [ 91.892955044000075, 26.202973367000027 ], [ 91.892528955000046, 26.203600453000035 ], [ 91.89249910400008, 26.203692360000048 ], [ 91.892496459000085, 26.203784569000049 ], [ 91.89256636600004, 26.204121493000059 ] ] ] } },
{ "type": "Feature", "properties": { "District": "322", "Subdistt": "02131", "Town/Village": "303613", "Name": "2 No. Panikhati", "TRU": "Rural", "No_HH": 137, "TOT_P": 646, "TOT_M": 329, "TOT_F": 317, "P_06": 74, "P_SC": 7, "P_ST": 116, "pc11_s_id": "18", "pc11_d_id": "322", "pc11_sd_id": "02131", "pc11_tv_id": "303613", "tv_name": "2 No. Panikhati", "mdds_og": 0, "total_area_sqm": 3606444.2415790395, "total_area_ha": 360.64442415790393, "flood_area_1998": 0.0, "flood_pct_1998": 0.0, "exposed_pop_1998": 0, "flood_area_1999": 0.0, "flood_pct_1999": 0.0, "exposed_pop_1999": 0, "flood_area_2004": 0.0, "flood_pct_2004": 0.0, "exposed_pop_2004": 0, "flood_area_2012": 0.0, "flood_pct_2012": 0.0, "exposed_pop_2012": 0, "flood_area_2013": 0.0, "flood_pct_2013": 0.0, "exposed_pop_2013": 0, "flood_years_exposed": 0, "flood_frequency": 0.0, "max_flood_exposure_pct": 0.0, "exposure_note": "ESTIMATE: spatial overlap with historical flood inundation polygons only. NOT actual people affected." }, "geometry": { "type": "Polygon", "coordinates": [ [ [ 91.882294169000019, 26.18846330400002 ], [ 91.880415988000053, 26.187941737000031 ], [ 91.878909467000099, 26.18761372900007 ], [ 91.877473658000056, 26.18734739600006 ], [ 91.877019453000045, 26.187191710000057 ], [ 91.875401194000091, 26.186512569000087 ], [ 91.875186588000091, 26.186342238000027 ], [ 91.874694122000022, 26.185859777000076 ], [ 91.872800198000078, 26.184014851000015 ], [ 91.872431569000042, 26.183537954 ], [ 91.871557278000097, 26.182381692000067 ], [ 91.869776152000071, 26.180131449000044 ], [ 91.869586734000023, 26.179958166000095 ], [ 91.869462751000071, 26.179838061000016 ], [ 91.867655151000079, 26.178866297000081 ], [ 91.866020890000044, 26.177978916000022 ], [ 91.864992540000046, 26.177402199 ], [ 91.863058810000012, 26.176342195000046 ], [ 91.862759449000109, 26.176238699000098 ], [ 91.862484158000072, 26.176202978000074 ], [ 91.862741261000025, 26.178759565000043 ], [ 91.862891366000014, 26.180674645000046 ], [ 91.86283545500001, 26.180921640000054 ], [ 91.862702080000076, 26.181123464000056 ], [ 91.8625242990001, 26.181312037000026 ], [ 91.862322404000096, 26.181500931000024 ], [ 91.861342407026569, 26.182072321580474 ], [ 91.861364000648123, 26.182198619670594 ], [ 91.861533334895555, 26.182699072604176 ], [ 91.861831864848753, 26.183732588788011 ], [ 91.861887583245405, 26.184317377445065 ], [ 91.861942392427494, 26.185325530948589 ], [ 91.861937526195987, 26.185388166930412 ], [ 91.86191658728076, 26.185435399324231 ], [ 91.861876701448693, 26.185461167598856 ], [ 91.861829016695836, 26.185473765302092 ], [ 91.861781638611802, 26.185479397756062 ], [ 91.861712380022368, 26.185482422176065 ], [ 91.860670015408985, 26.185379816725263 ], [ 91.858725982418221, 26.185194396304379 ], [ 91.8646916040001, 26.192154056000039 ], [ 91.865187831000043, 26.192611688000067 ], [ 91.866032427000022, 26.193266188000042 ], [ 91.867007684000072, 26.19401853700003 ], [ 91.867780350000046, 26.194636525000092 ], [ 91.868318912000021, 26.195088140000067 ], [ 91.87050442600011, 26.197276739000053 ], [ 91.870789134000034, 26.197565326000039 ], [ 91.872495593000011, 26.198602390000048 ], [ 91.873250728000059, 26.199117452000031 ], [ 91.873636842000025, 26.199316918000104 ], [ 91.8754249670001, 26.199801629999975 ], [ 91.880500038000079, 26.200954070000027 ], [ 91.883234857000048, 26.201497777000071 ], [ 91.883466934000069, 26.201548258000074 ], [ 91.883410188000084, 26.201360370000071 ], [ 91.883442589000097, 26.20123477200007 ], [ 91.883521928000093, 26.201147858000073 ], [ 91.883609514000057, 26.20109700700004 ], [ 91.884607214000084, 26.200504516000045 ], [ 91.885306243000016, 26.19993313300002 ], [ 91.885515662000032, 26.199670190000024 ], [ 91.885638188000129, 26.199439215 ], [ 91.885713478000056, 26.199179372000092 ], [ 91.885496977000088, 26.197257247000039 ], [ 91.885020033000046, 26.193492715000044 ], [ 91.884419062000063, 26.191911643000054 ], [ 91.883620111000042, 26.189744489000066 ], [ 91.883182580000081, 26.188850182000056 ], [ 91.883110488000057, 26.18873368600001 ], [ 91.882994624000077, 26.188647264000053 ], [ 91.882294169000019, 26.18846330400002 ] ] ] } },
{ "type": "Feature", "properties": { "District": "322", "Subdistt": "02131", "Town/Village": "303614", "Name": "2 No. Kharghuli", "TRU": "Rural", "No_HH": 648, "TOT_P": 2948, "TOT_M": 1574, "TOT_F": 1374, "P_06": 513, "P_SC": 808, "P_ST": 139, "pc11_s_id": "18", "pc11_d_id": "322", "pc11_sd_id": "02131", "pc11_tv_id": "303614", "tv_name": "2 No. Kharghuli", "mdds_og": 0, "total_area_sqm": 1033531.8225422972, "total_area_ha": 103.35318225422972, "flood_area_1998": 217957.34611250478, "flood_pct_1998": 21.088595567030534, "exposed_pop_1998": 622, "flood_area_1999": 41802.262842519085, "flood_pct_1999": 4.0446033620612907, "exposed_pop_1999": 119, "flood_area_2004": 393532.90073167864, "flood_pct_2004": 38.076515124968331, "exposed_pop_2004": 1122, "flood_area_2012": 49326.502953308896, "flood_pct_2012": 4.772615789611085, "exposed_pop_2012": 141, "flood_area_2013": 24430.304155318634, "flood_pct_2013": 2.3637689350700981, "exposed_pop_2013": 70, "flood_years_exposed": 5, "flood_frequency": 1.0, "max_flood_exposure_pct": 38.076515124968331, "exposure_note": "ESTIMATE: spatial overlap with historical flood inundation polygons only. NOT actual people affected." }, "geometry": { "type": "Polygon", "coordinates": [ [ [ 91.858220816000099, 26.201336827999988 ], [ 91.858784891000056, 26.201397380000024 ], [ 91.859007466, 26.201510292000041 ], [ 91.858704788000097, 26.200760849000027 ], [ 91.858530141000116, 26.200193930000104 ], [ 91.858538194000076, 26.200007031 ], [ 91.858592706000053, 26.199890663000058 ], [ 91.858736980000089, 26.199719264000088 ], [ 91.859110788000109, 26.199154984000028 ], [ 91.859342754000025, 26.198680918000061 ], [ 91.859625861000012, 26.19789906900003 ], [ 91.859746443000034, 26.197421761000061 ], [ 91.85986347100004, 26.197026552000047 ], [ 91.859965547000044, 26.196129119000044 ], [ 91.859997314000097, 26.19376461300007 ], [ 91.860024434000124, 26.193145843000032 ], [ 91.859948047000017, 26.192875634000057 ], [ 91.859620709000112, 26.192649232000065 ], [ 91.85871108200007, 26.191937813 ], [ 91.856991200983188, 26.190884498620814 ], [ 91.856875766703354, 26.191155907719033 ], [ 91.856702423278236, 26.1914487566548 ], [ 91.856562791839465, 26.191576544921613 ], [ 91.856432523242404, 26.19163604316892 ], [ 91.856276700409452, 26.191653254394254 ], [ 91.854472818665741, 26.191496043907403 ], [ 91.853695585882633, 26.191448262027706 ], [ 91.852635884138763, 26.191563700804199 ], [ 91.851485793334746, 26.191794146682579 ], [ 91.851189633095132, 26.191915163054347 ], [ 91.851043784643053, 26.192018931328676 ], [ 91.850816895583336, 26.192246456209034 ], [ 91.850702323753268, 26.19240736201025 ], [ 91.850654874622791, 26.192585239816957 ], [ 91.850605966792017, 26.192794841209022 ], [ 91.850578861225515, 26.19289959334159 ], [ 91.850463791171052, 26.192955298248499 ], [ 91.850328854193293, 26.192958114025799 ], [ 91.850160319443219, 26.192929666670839 ], [ 91.8498959916068, 26.192814450926249 ], [ 91.849713955334877, 26.19273330329932 ], [ 91.849451782274016, 26.192708577339019 ], [ 91.84929293322233, 26.192722145410752 ], [ 91.848991242152152, 26.192815098438071 ], [ 91.846643150960716, 26.194263874778034 ], [ 91.847724356000086, 26.195389969000082 ], [ 91.848909834000025, 26.196504763000039 ], [ 91.849872592000011, 26.197336253000092 ], [ 91.851358478000037, 26.198617309000038 ], [ 91.85189221900005, 26.199080209000059 ], [ 91.852195295000087, 26.199402525 ], [ 91.853252258000055, 26.200882493000055 ], [ 91.853716788000028, 26.201650620000017 ], [ 91.853801703000045, 26.201744353000045 ], [ 91.853903572000036, 26.201862182000024 ], [ 91.85403331000002, 26.201947968000106 ], [ 91.854136249000092, 26.202016396 ], [ 91.854329100000058, 26.202086754000042 ], [ 91.854794728000044, 26.202138389000051 ], [ 91.854764179000085, 26.202013108000077 ], [ 91.854774725000084, 26.201770036000038 ], [ 91.854796917000044, 26.201648863000049 ], [ 91.854932209000054, 26.201530180000088 ], [ 91.855016849000037, 26.201456879000062 ], [ 91.855678361000059, 26.201197840000034 ], [ 91.856085666000098, 26.201161836999987 ], [ 91.858220816000099, 26.201336827999988 ] ] ] } },
{ "type": "Feature", "properties": { "District": "322", "Subdistt": "02131", "Town/Village": "303615", "Name": "Bonda", "TRU": "Rural", "No_HH": 976, "TOT_P": 4210, "TOT_M": 2175, "TOT_F": 2035, "P_06": 428, "P_SC": 132, "P_ST": 596, "pc11_s_id": "18", "pc11_d_id": "322", "pc11_sd_id": "02131", "pc11_tv_id": "303615", "tv_name": "Bonda", "mdds_og": 0, "total_area_sqm": 1110030.1447490454, "total_area_ha": 111.00301447490453, "flood_area_1998": 0.0, "flood_pct_1998": 0.0, "exposed_pop_1998": 0, "flood_area_1999": 0.0, "flood_pct_1999": 0.0, "exposed_pop_1999": 0, "flood_area_2004": 0.0, "flood_pct_2004": 0.0, "exposed_pop_2004": 0, "flood_area_2012": 0.0, "flood_pct_2012": 0.0, "exposed_pop_2012": 0, "flood_area_2013": 0.0, "flood_pct_2013": 0.0, "exposed_pop_2013": 0, "flood_years_exposed": 0, "flood_frequency": 0.0, "max_flood_exposure_pct": 0.0, "exposure_note": "ESTIMATE: spatial overlap with historical flood inundation polygons only. NOT actual people affected." }, "geometry": { "type": "Polygon", "coordinates": [ [ [ 91.862235973000054, 26.172964110000052 ], [ 91.862470304000084, 26.168907355000037 ], [ 91.862486552000092, 26.168542528000049 ], [ 91.86244914400001, 26.168234402000046 ], [ 91.86174404700003, 26.16586175900002 ], [ 91.861232921000095, 26.165877614000088 ], [ 91.860491185000015, 26.16590804100003 ], [ 91.859175790000066, 26.166119232 ], [ 91.856642257000061, 26.166289094000028 ], [ 91.853753591000057, 26.166409539000046 ], [ 91.852550293000064, 26.166389345000063 ], [ 91.851357302000025, 26.166320825000078 ], [ 91.849393836000019, 26.166118745000055 ], [ 91.848396836145156, 26.166031847192084 ], [ 91.848365173713816, 26.166075603706229 ], [ 91.848300594297072, 26.166106971159842 ], [ 91.848185898360583, 26.166133789842583 ], [ 91.848055473281505, 26.166140411550831 ], [ 91.847852076312364, 26.16611823067192 ], [ 91.84719258636882, 26.165991431659297 ], [ 91.846839436091173, 26.165924043659761 ], [ 91.846500871917769, 26.16576074386332 ], [ 91.846062027940349, 26.165589805225409 ], [ 91.845913155068089, 26.165548567712271 ], [ 91.845707560155887, 26.165547034368242 ], [ 91.845453170727254, 26.165593316178715 ], [ 91.845274516805546, 26.165655219213058 ], [ 91.845151966190386, 26.165746585836303 ], [ 91.845035385274883, 26.165882089386994 ], [ 91.844964310054962, 26.166029910052391 ], [ 91.84495861914499, 26.166134063236512 ], [ 91.844957227893786, 26.166313371864636 ], [ 91.844988786903059, 26.16658203173543 ], [ 91.845049879648315, 26.166694617862429 ], [ 91.845153308878125, 26.166859576008683 ], [ 91.845257303781565, 26.166956442885603 ], [ 91.845391417879711, 26.167040519604345 ], [ 91.845485645246413, 26.16708526986935 ], [ 91.846134406277883, 26.167190456374456 ], [ 91.846961498374569, 26.167337945190106 ], [ 91.847395299853218, 26.167435289606988 ], [ 91.847631210911729, 26.167501788177017 ], [ 91.847814647428109, 26.167607880299482 ], [ 91.848008225599202, 26.167741176014481 ], [ 91.848139435786351, 26.167882848914381 ], [ 91.848253455432612, 26.168032363902505 ], [ 91.848476870411304, 26.168827123572935 ], [ 91.848493025832482, 26.16910368398786 ], [ 91.848485988637577, 26.169239774795816 ], [ 91.848460897552457, 26.169318579688738 ], [ 91.848415197603387, 26.169369109896579 ], [ 91.848346232192938, 26.16942237674138 ], [ 91.848116540845751, 26.169554917925186 ], [ 91.847886434911089, 26.169694516988429 ], [ 91.847800536165906, 26.169789675153421 ], [ 91.847761240289032, 26.16989835102812 ], [ 91.847743850997972, 26.170091329351397 ], [ 91.847695515135982, 26.170374024041987 ], [ 91.847605270866595, 26.170552176142081 ], [ 91.847433632556189, 26.170737471557093 ], [ 91.847002515553726, 26.170994195625674 ], [ 91.846280168395111, 26.171360457119519 ], [ 91.846064468700291, 26.171437553300514 ], [ 91.84600141992965, 26.171495009187407 ], [ 91.846001840812349, 26.171527015159679 ], [ 91.846030368207025, 26.171565264225549 ], [ 91.846121739326847, 26.171610066651319 ], [ 91.84626995479465, 26.171675394304028 ], [ 91.846699291139444, 26.171842407401247 ], [ 91.847190920824403, 26.17192530780672 ], [ 91.848465979621352, 26.172063531806611 ], [ 91.84924041911016, 26.172169239019283 ], [ 91.85070560987603, 26.172427788711516 ], [ 91.851571602147786, 26.172610182014378 ], [ 91.852621450919258, 26.172705553318654 ], [ 91.854290836353059, 26.172932844375296 ], [ 91.85513168268109, 26.173077343844398 ], [ 91.856147707051065, 26.173357452984103 ], [ 91.856979215000052, 26.173221324000018 ], [ 91.858198948000066, 26.173098941000017 ], [ 91.860696915000077, 26.172946217000082 ], [ 91.862235973000054, 26.172964110000052 ] ] ] } },
{ "type": "Feature", "properties": { "District": "322", "Subdistt": "02131", "Town/Village": "303616", "Name": "2 No. Bonda", "TRU": "Rural", "No_HH": 284, "TOT_P": 1263, "TOT_M": 668, "TOT_F": 595, "P_06": 138, "P_SC": 93, "P_ST": 282, "pc11_s_id": "18", "pc11_d_id": "322", "pc11_sd_id": "02131", "pc11_tv_id": "303616", "tv_name": "2 No. Bonda", "mdds_og": 0, "total_area_sqm": 275118.56875787943, "total_area_ha": 27.511856875787942, "flood_area_1998": 0.0, "flood_pct_1998": 0.0, "exposed_pop_1998": 0, "flood_area_1999": 0.0, "flood_pct_1999": 0.0, "exposed_pop_1999": 0, "flood_area_2004": 0.0, "flood_pct_2004": 0.0, "exposed_pop_2004": 0, "flood_area_2012": 0.0, "flood_pct_2012": 0.0, "exposed_pop_2012": 0, "flood_area_2013": 0.0, "flood_pct_2013": 0.0, "exposed_pop_2013": 0, "flood_years_exposed": 0, "flood_frequency": 0.0, "max_flood_exposure_pct": 0.0, "exposure_note": "ESTIMATE: spatial overlap with historical flood inundation polygons only. NOT actual people affected." }, "geometry": { "type": "Polygon", "coordinates": [ [ [ 91.862484158000072, 26.176202978000074 ], [ 91.86219939700004, 26.173782282000069 ], [ 91.862235973000054, 26.172964110000052 ], [ 91.860696915000077, 26.172946217000082 ], [ 91.858198948000066, 26.173098941000017 ], [ 91.856979215000052, 26.173221324000018 ], [ 91.856147707051065, 26.173357452984103 ], [ 91.856477367036945, 26.173448560602619 ], [ 91.856876082365346, 26.173635382167237 ], [ 91.857090645317101, 26.173786240742469 ], [ 91.857602335279594, 26.174166044227576 ], [ 91.858429552381978, 26.17475665599498 ], [ 91.858646896936861, 26.174935924153608 ], [ 91.858719643097146, 26.175019704995428 ], [ 91.858746471672333, 26.175052362976192 ], [ 91.858816303129927, 26.17520009730665 ], [ 91.859165425344173, 26.175754723601674 ], [ 91.859895957232681, 26.177004846896246 ], [ 91.860516512826877, 26.178112261271913 ], [ 91.860686982917983, 26.178490431588219 ], [ 91.860765583664872, 26.17865236171717 ], [ 91.860867830286267, 26.179267414359764 ], [ 91.861181235026024, 26.181131917604006 ], [ 91.861342407026569, 26.182072321580474 ], [ 91.862322404000096, 26.181500931000024 ], [ 91.8625242990001, 26.181312037000026 ], [ 91.862702080000076, 26.181123464000056 ], [ 91.86283545500001, 26.180921640000054 ], [ 91.862891366000014, 26.180674645000046 ], [ 91.862741261000025, 26.178759565000043 ], [ 91.862484158000072, 26.176202978000074 ] ] ] } },
{ "type": "Feature", "properties": { "District": "322", "Subdistt": "02131", "Town/Village": "303617", "Name": "2 No. Birkuchi", "TRU": "Rural", "No_HH": 185, "TOT_P": 898, "TOT_M": 467, "TOT_F": 431, "P_06": 104, "P_SC": 40, "P_ST": 23, "pc11_s_id": "18", "pc11_d_id": "322", "pc11_sd_id": "02131", "pc11_tv_id": "303617", "tv_name": "2 No. Birkuchi", "mdds_og": 0, "total_area_sqm": 562207.04868782102, "total_area_ha": 56.2207048687821, "flood_area_1998": 0.0, "flood_pct_1998": 0.0, "exposed_pop_1998": 0, "flood_area_1999": 0.0, "flood_pct_1999": 0.0, "exposed_pop_1999": 0, "flood_area_2004": 0.0, "flood_pct_2004": 0.0, "exposed_pop_2004": 0, "flood_area_2012": 0.0, "flood_pct_2012": 0.0, "exposed_pop_2012": 0, "flood_area_2013": 0.0, "flood_pct_2013": 0.0, "exposed_pop_2013": 0, "flood_years_exposed": 0, "flood_frequency": 0.0, "max_flood_exposure_pct": 0.0, "exposure_note": "ESTIMATE: spatial overlap with historical flood inundation polygons only. NOT actual people affected." }, "geometry": { "type": "Polygon", "coordinates": [ [ [ 91.86174404700003, 26.16586175900002 ], [ 91.861262409000062, 26.164167819000017 ], [ 91.860721612000077, 26.163136577000046 ], [ 91.860178411000078, 26.162172734000055 ], [ 91.859683926000102, 26.161114517999984 ], [ 91.859535376000068, 26.160856429000034 ], [ 91.859311058000074, 26.160638895000066 ], [ 91.858829129000071, 26.160273712000048 ], [ 91.858034766000074, 26.15962524400004 ], [ 91.856008527971241, 26.157127622741694 ], [ 91.855919987017828, 26.157408068227816 ], [ 91.855518828231467, 26.15854879708932 ], [ 91.855365775310375, 26.15918725368882 ], [ 91.855250919294562, 26.159916777437431 ], [ 91.85524631836293, 26.160160173553226 ], [ 91.855291656784573, 26.16027769785747 ], [ 91.855349342897881, 26.160377338243634 ], [ 91.855985500830258, 26.161299549834371 ], [ 91.85611369109408, 26.161409627752175 ], [ 91.856238568255407, 26.161480438571427 ], [ 91.856960293982496, 26.161697964789354 ], [ 91.857460374596656, 26.16188428902877 ], [ 91.857773585982287, 26.162098084858787 ], [ 91.85845375493686, 26.162808766911105 ], [ 91.858525790632768, 26.162942089605767 ], [ 91.8585362902177, 26.16298555923624 ], [ 91.858520422579474, 26.163057595831418 ], [ 91.858405132191123, 26.163225942623214 ], [ 91.858210167265412, 26.163401574822931 ], [ 91.858007624652231, 26.163492629381402 ], [ 91.857777546596523, 26.163546941238369 ], [ 91.85727822321148, 26.163598626175677 ], [ 91.855258354889187, 26.16355849932539 ], [ 91.851757924588554, 26.163204799561957 ], [ 91.850293148410159, 26.163152501287001 ], [ 91.850053973711979, 26.163144428972274 ], [ 91.849736556197215, 26.163231825988031 ], [ 91.849523189343785, 26.163309533708023 ], [ 91.849397654778016, 26.163388326010484 ], [ 91.849348472653958, 26.163468031124815 ], [ 91.849170274688504, 26.163792075743775 ], [ 91.849093220775572, 26.163923626774022 ], [ 91.848961784858574, 26.16403347806262 ], [ 91.848787132919881, 26.164167931205107 ], [ 91.848631697694742, 26.164334723968441 ], [ 91.848494691376999, 26.164548874131288 ], [ 91.848433895408021, 26.164668570298311 ], [ 91.848389603797202, 26.164872684926532 ], [ 91.848367840203693, 26.165066999642406 ], [ 91.848423904839379, 26.165835659188375 ], [ 91.848417390150502, 26.165959896931756 ], [ 91.848396836145156, 26.166031847192084 ], [ 91.849393836000019, 26.166118745000055 ], [ 91.851357302000025, 26.166320825000078 ], [ 91.852550293000064, 26.166389345000063 ], [ 91.853753591000057, 26.166409539000046 ], [ 91.856642257000061, 26.166289094000028 ], [ 91.859175790000066, 26.166119232 ], [ 91.860491185000015, 26.16590804100003 ], [ 91.861232921000095, 26.165877614000088 ], [ 91.86174404700003, 26.16586175900002 ] ] ] } },
{ "type": "Feature", "properties": { "District": "322", "Subdistt": "02131", "Town/Village": "303618", "Name": "Thakurkuchi N.C.", "TRU": "Rural", "No_HH": 50, "TOT_P": 277, "TOT_M": 140, "TOT_F": 137, "P_06": 29, "P_SC": 0, "P_ST": 32, "pc11_s_id": "18", "pc11_d_id": "322", "pc11_sd_id": "02131", "pc11_tv_id": "303618", "tv_name": "Thakurkuchi N.C.", "mdds_og": 0, "total_area_sqm": 34034092.141962059, "total_area_ha": 3403.409214196206, "flood_area_1998": 359861.63931614248, "flood_pct_1998": 1.0573563643628208, "exposed_pop_1998": 3, "flood_area_1999": 4667.0757551123443, "flood_pct_1999": 0.013712943291230358, "exposed_pop_1999": 0, "flood_area_2004": 421870.14218613773, "flood_pct_2004": 1.2395516249601863, "exposed_pop_2004": 3, "flood_area_2012": 184025.82145105978, "flood_pct_2012": 0.54071024043613791, "exposed_pop_2012": 1, "flood_area_2013": 127970.2252682867, "flood_pct_2013": 0.37600599050652167, "exposed_pop_2013": 1, "flood_years_exposed": 5, "flood_frequency": 1.0, "max_flood_exposure_pct": 1.2395516249601863, "exposure_note": "ESTIMATE: spatial overlap with historical flood inundation polygons only. NOT actual people affected." }, "geometry": { "type": "Polygon", "coordinates": [ [ [ 91.938103626000071, 26.191909790000079 ], [ 91.938759147000042, 26.191283757000061 ], [ 91.939702356000026, 26.190475679 ], [ 91.939989205000046, 26.190224801000017 ], [ 91.940110074000089, 26.19002612000001 ], [ 91.940527046000042, 26.189292959000099 ], [ 91.941161444000045, 26.188154914000084 ], [ 91.941266564000031, 26.187847553000054 ], [ 91.941703802000063, 26.186563370000027 ], [ 91.942676733000013, 26.183590652000088 ], [ 91.943728280000059, 26.180513379000026 ], [ 91.94387118700007, 26.180093811000038 ], [ 91.944087509000028, 26.179763645000076 ], [ 91.944698489000046, 26.178870389000064 ], [ 91.945577150000091, 26.177429827000065 ], [ 91.946165, 26.176337609000022 ], [ 91.946611193000109, 26.175639112000049 ], [ 91.94683853, 26.17544412700008 ], [ 91.947930701000047, 26.174911817000091 ], [ 91.949108338000059, 26.17428491300009 ], [ 91.949397275000067, 26.174208284000056 ], [ 91.949747022000054, 26.174196227000035 ], [ 91.95218367400004, 26.174372316000039 ], [ 91.952505568000035, 26.174418077 ], [ 91.95281738000007, 26.174557857000025 ], [ 91.95472279100008, 26.175527502000051 ], [ 91.956604902, 26.176449695000059 ], [ 91.95918579800005, 26.177844702000108 ], [ 91.961224028000018, 26.178936563000033 ], [ 91.962499386000033, 26.179572150000041 ], [ 91.963340295000066, 26.179878218000052 ], [ 91.964830989000035, 26.180411906000067 ], [ 91.965541493000018, 26.180693881000039 ], [ 91.966259176000079, 26.180872606 ], [ 91.96794347800008, 26.181288566000038 ], [ 91.968488678000071, 26.181440024000047 ], [ 91.968701560000099, 26.181546644999987 ], [ 91.969696543000083, 26.182255608000027 ], [ 91.970589859000114, 26.182882819000053 ], [ 91.970767872000096, 26.183030059000068 ], [ 91.970964700000124, 26.18347866800006 ], [ 91.973067702000037, 26.183458528000081 ], [ 91.973269481000045, 26.183486589 ], [ 91.973412990000014, 26.183563118000031 ], [ 91.97390952700006, 26.183831076 ], [ 91.976389285000067, 26.185374534000072 ], [ 91.978776804000091, 26.187250760000058 ], [ 91.980321645000089, 26.188656734000038 ], [ 91.981160400000036, 26.189223850000065 ], [ 91.98228989100005, 26.189894122000013 ], [ 91.98231477300007, 26.189904399000064 ], [ 91.982719075000034, 26.190037439000058 ], [ 91.983789198000039, 26.190301075000022 ], [ 91.987241879000067, 26.190818095000079 ], [ 91.988523432000051, 26.190922669000027 ], [ 91.989354543000076, 26.190934566000035 ], [ 91.991687905000049, 26.190745006000071 ], [ 91.992921839000104, 26.19066266 ], [ 91.99399195400008, 26.19054686800002 ], [ 91.995343193233836, 26.190234159279058 ], [ 91.99495101957389, 26.189922036972479 ], [ 91.99362666174116, 26.188872611781644 ], [ 91.992818326804397, 26.188106020676383 ], [ 91.992331439244609, 26.187493967272779 ], [ 91.991988561023334, 26.186913346973384 ], [ 91.991721054083442, 26.185892250427045 ], [ 91.991017825612261, 26.18246738206409 ], [ 91.990149051737461, 26.180525005624578 ], [ 91.989635487587762, 26.179421636399436 ], [ 91.989169440017719, 26.178552536970034 ], [ 91.98817569904935, 26.177436279560684 ], [ 91.986190385378023, 26.175959440775642 ], [ 91.985699351044303, 26.17571479909877 ], [ 91.98554931984529, 26.175692507603188 ], [ 91.985400226639229, 26.175669253833078 ], [ 91.984953239300623, 26.175704313003667 ], [ 91.98453468222985, 26.175766620732954 ], [ 91.982287547132643, 26.176094731186961 ], [ 91.981477745401634, 26.176145505111048 ], [ 91.98067359411111, 26.176034703239015 ], [ 91.978176495149185, 26.175667596382546 ], [ 91.976233230179531, 26.174975974561576 ], [ 91.975683767791764, 26.174673990312414 ], [ 91.974683216257432, 26.173860186598397 ], [ 91.973538236300641, 26.172799322031182 ], [ 91.972649100875344, 26.171731931083819 ], [ 91.971336737300646, 26.170296414348115 ], [ 91.970173621615373, 26.169515011408695 ], [ 91.969850111193722, 26.169372996766427 ], [ 91.969018062033925, 26.169006505046255 ], [ 91.96846104624035, 26.168804091035991 ], [ 91.967834363565089, 26.168767932893822 ], [ 91.966926433208315, 26.168873767810208 ], [ 91.966184542882345, 26.169068759715497 ], [ 91.965063165632714, 26.169424732065849 ], [ 91.964635244820769, 26.16945644306039 ], [ 91.962357638893977, 26.169322095138625 ], [ 91.96182689319663, 26.169210866088655 ], [ 91.961601800982436, 26.16908387731911 ], [ 91.961350353236341, 26.168906469857767 ], [ 91.959230294142813, 26.16733335325172 ], [ 91.9573862936426, 26.165944879152914 ], [ 91.955664984051836, 26.164917667216603 ], [ 91.955084495053455, 26.164655731576847 ], [ 91.952532189409027, 26.163510869431139 ], [ 91.951363434974638, 26.163178765088002 ], [ 91.947777236330452, 26.162203896392811 ], [ 91.944779572019712, 26.161121437304491 ], [ 91.942161676120548, 26.160467011443433 ], [ 91.941839922974111, 26.160426077001908 ], [ 91.94058442083444, 26.160266086710582 ], [ 91.939048644079691, 26.160310630131534 ], [ 91.93684939338489, 26.16035911707959 ], [ 91.935709865118213, 26.160432510751797 ], [ 91.932615499405841, 26.160969388926247 ], [ 91.929451736608399, 26.161273893075787 ], [ 91.925645582677532, 26.161361674101968 ], [ 91.924007850681818, 26.161277357264279 ], [ 91.921523469032977, 26.161064476944063 ], [ 91.919571299875628, 26.160794897066886 ], [ 91.915827461768004, 26.15968613370816 ], [ 91.908197957070129, 26.158025429430065 ], [ 91.902136437446728, 26.156514273415077 ], [ 91.896985914868168, 26.155736759144155 ], [ 91.893815352296741, 26.155628592285751 ], [ 91.889757127389601, 26.155546511162608 ], [ 91.887802112777365, 26.155750026842295 ], [ 91.884696660222787, 26.156412274107232 ], [ 91.881403787155151, 26.157121794235483 ], [ 91.87817857368232, 26.157777312772801 ], [ 91.873741658650673, 26.157918600762819 ], [ 91.871951586896301, 26.157838594375704 ], [ 91.868891452978204, 26.157162494853292 ], [ 91.865217133364041, 26.156244638679205 ], [ 91.861162780038356, 26.154664049606247 ], [ 91.856406479775288, 26.152729972110578 ], [ 91.855371343912481, 26.152237601384254 ], [ 91.852441296928333, 26.150525148316994 ], [ 91.852415916261606, 26.150793290178243 ], [ 91.852428892579411, 26.152097025657284 ], [ 91.85248406688622, 26.15269282201611 ], [ 91.852532248064819, 26.152944564739933 ], [ 91.852721502295509, 26.153399870807448 ], [ 91.852930472363511, 26.153818158081599 ], [ 91.85308735819504, 26.15399882468612 ], [ 91.853532224032989, 26.154419657041572 ], [ 91.853590801374452, 26.154472953563968 ], [ 91.853749705284741, 26.154534833216037 ], [ 91.854636658954718, 26.154951080827704 ], [ 91.854692189393106, 26.154983244181462 ], [ 91.854983657869568, 26.155138301691316 ], [ 91.855177945605789, 26.155284747293273 ], [ 91.855641073077095, 26.155860327792002 ], [ 91.855955610063404, 26.156335653667551 ], [ 91.856069000184263, 26.156547346882597 ], [ 91.856100998062658, 26.156744437805646 ], [ 91.856096005026615, 26.156847124195437 ], [ 91.856008527971241, 26.157127622741694 ], [ 91.858034766000074, 26.15962524400004 ], [ 91.858829129000071, 26.160273712000048 ], [ 91.859311058000074, 26.160638895000066 ], [ 91.859535376000068, 26.160856429000034 ], [ 91.859683926000102, 26.161114517999984 ], [ 91.860178411000078, 26.162172734000055 ], [ 91.860721612000077, 26.163136577000046 ], [ 91.861262409000062, 26.164167819000017 ], [ 91.86174404700003, 26.16586175900002 ], [ 91.86244914400001, 26.168234402000046 ], [ 91.862486552000092, 26.168542528000049 ], [ 91.862470304000084, 26.168907355000037 ], [ 91.862235973000054, 26.172964110000052 ], [ 91.86219939700004, 26.173782282000069 ], [ 91.862484158000072, 26.176202978000074 ], [ 91.862759449000109, 26.176238699000098 ], [ 91.863058810000012, 26.176342195000046 ], [ 91.864992540000046, 26.177402199 ], [ 91.866020890000044, 26.177978916000022 ], [ 91.867655151000079, 26.178866297000081 ], [ 91.869462751000071, 26.179838061000016 ], [ 91.869586734000023, 26.179958166000095 ], [ 91.869776152000071, 26.180131449000044 ], [ 91.871557278000097, 26.182381692000067 ], [ 91.872431569000042, 26.183537954 ], [ 91.872800198000078, 26.184014851000015 ], [ 91.874694122000022, 26.185859777000076 ], [ 91.875186588000091, 26.186342238000027 ], [ 91.875401194000091, 26.186512569000087 ], [ 91.877019453000045, 26.187191710000057 ], [ 91.877473658000056, 26.18734739600006 ], [ 91.878909467000099, 26.18761372900007 ], [ 91.880415988000053, 26.187941737000031 ], [ 91.882294169000019, 26.18846330400002 ], [ 91.882571066000111, 26.187606935000041 ], [ 91.882639677000014, 26.187522057000034 ], [ 91.882727880000033, 26.187472850000049 ], [ 91.883238240000068, 26.18735824600007 ], [ 91.884898395000022, 26.187058485000048 ], [ 91.885456664000031, 26.187023194000059 ], [ 91.886460592000049, 26.187138639000107 ], [ 91.89085941200004, 26.187584183000112 ], [ 91.893761590000082, 26.187965623000053 ], [ 91.89855344500009, 26.188575377000056 ], [ 91.902803278000093, 26.189124800000041 ], [ 91.90524213400009, 26.18948869100004 ], [ 91.907981009000039, 26.189946085000049 ], [ 91.909460590000066, 26.19017701300006 ], [ 91.910037083000077, 26.190357639000084 ], [ 91.91160518600006, 26.190935429000017 ], [ 91.912746037000034, 26.191339485000054 ], [ 91.913926276000083, 26.191546914000075 ], [ 91.915899853000042, 26.191904922000031 ], [ 91.918530974000049, 26.192549028000034 ], [ 91.920276195000028, 26.19293195600001 ], [ 91.922866004000085, 26.193743999000052 ], [ 91.923245905000073, 26.193848161000055 ], [ 91.923343406000058, 26.193893077000041 ], [ 91.923399315000069, 26.193951401000071 ], [ 91.923442744000013, 26.194013948000094 ], [ 91.923841665000069, 26.19484784600008 ], [ 91.924369724000059, 26.194306722000071 ], [ 91.924569047000034, 26.194066610000011 ], [ 91.924619172000092, 26.193971924000081 ], [ 91.924666421000012, 26.193799225000092 ], [ 91.924744178000054, 26.192955837000031 ], [ 91.924752374000022, 26.192452415000034 ], [ 91.924534748000042, 26.191113758000029 ], [ 91.924475570000112, 26.190326774000017 ], [ 91.924455187000035, 26.190125937000097 ], [ 91.924488572000129, 26.190043185 ], [ 91.924545536000039, 26.189969877000063 ], [ 91.924617312000038, 26.189936405000047 ], [ 91.924752507000022, 26.18993680700008 ], [ 91.926427227000033, 26.190056292000108 ], [ 91.927660197000094, 26.190111924000092 ], [ 91.928071622000033, 26.190198760000083 ], [ 91.928609818000069, 26.190371487000075 ], [ 91.93061961700009, 26.190982082000058 ], [ 91.933506374000018, 26.191897352000026 ], [ 91.934315190000063, 26.192163985000061 ], [ 91.934640072000036, 26.192208910000048 ], [ 91.934807289, 26.192219719000054 ], [ 91.935857578000054, 26.192111053000033 ], [ 91.93758631900009, 26.192014117 ], [ 91.938103626000071, 26.191909790000079 ] ] ] } },
{ "type": "Feature", "properties": { "District": "322", "Subdistt": "02131", "Town/Village": "303619", "Name": "Khankar N.C.", "TRU": "Rural", "No_HH": 198, "TOT_P": 932, "TOT_M": 454, "TOT_F": 478, "P_06": 187, "P_SC": 6, "P_ST": 790, "pc11_s_id": "18", "pc11_d_id": "322", "pc11_sd_id": "02131", "pc11_tv_id": "303619", "tv_name": "Khankar N.C.", "mdds_og": 0, "total_area_sqm": 5097778.4226670275, "total_area_ha": 509.77784226670275, "flood_area_1998": 0.0, "flood_pct_1998": 0.0, "exposed_pop_1998": 0, "flood_area_1999": 0.0, "flood_pct_1999": 0.0, "exposed_pop_1999": 0, "flood_area_2004": 0.0, "flood_pct_2004": 0.0, "exposed_pop_2004": 0, "flood_area_2012": 0.0, "flood_pct_2012": 0.0, "exposed_pop_2012": 0, "flood_area_2013": 0.0, "flood_pct_2013": 0.0, "exposed_pop_2013": 0, "flood_years_exposed": 0, "flood_frequency": 0.0, "max_flood_exposure_pct": 0.0, "exposure_note": "ESTIMATE: spatial overlap with historical flood inundation polygons only. NOT actual people affected." }, "geometry": { "type": "Polygon", "coordinates": [ [ [ 91.923841665000054, 26.194847846000073 ], [ 91.924095415000068, 26.195337553000059 ], [ 91.924275041000044, 26.195810731000051 ], [ 91.924637018000055, 26.197321228000078 ], [ 91.925156080000079, 26.20004756000003 ], [ 91.925291581000067, 26.200405432000025 ], [ 91.925497030000031, 26.20073377500006 ], [ 91.926311351000038, 26.202032019000058 ], [ 91.926604094000083, 26.202806360000068 ], [ 91.926665566000054, 26.203441336000026 ], [ 91.926640169000052, 26.203620476000026 ], [ 91.926542558000051, 26.203839989000073 ], [ 91.926290894000033, 26.204229517000044 ], [ 91.925961437000069, 26.205036574000076 ], [ 91.92628583000004, 26.205087065000043 ], [ 91.926677847000065, 26.205207770000072 ], [ 91.928042629000061, 26.205880690000072 ], [ 91.929048307000073, 26.206360240000038 ], [ 91.931254772000045, 26.207413279000036 ], [ 91.933953808000069, 26.208707459000038 ], [ 91.935423165000032, 26.209452811000062 ], [ 91.935656306000055, 26.209617554000033 ], [ 91.936026945000037, 26.210039895000023 ], [ 91.938528838000082, 26.212723478000044 ], [ 91.939211679000039, 26.21356701600007 ], [ 91.939569118000065, 26.214121480000074 ], [ 91.94019584800003, 26.214084802000059 ], [ 91.941139698000086, 26.214065147000042 ], [ 91.942129359000035, 26.214214631000061 ], [ 91.942550582000081, 26.214290783000024 ], [ 91.942798715000038, 26.214337554000053 ], [ 91.94324563400005, 26.214491977000023 ], [ 91.943748529000061, 26.214734466000039 ], [ 91.944162409000057, 26.215066396000054 ], [ 91.944862455000077, 26.215638486000046 ], [ 91.945022544000039, 26.21580149600004 ], [ 91.945162112000048, 26.215879476000055 ], [ 91.945336327000064, 26.215908587000058 ], [ 91.946604154000056, 26.216008 ], [ 91.947019712000042, 26.215936163000038 ], [ 91.947447655000076, 26.215883897000026 ], [ 91.949396436000086, 26.215668348000065 ], [ 91.950265971000078, 26.215614498000036 ], [ 91.950385863000065, 26.215583327000047 ], [ 91.950446322000062, 26.215573753000058 ], [ 91.950506812000071, 26.215507347000027 ], [ 91.950660202000051, 26.215094208000039 ], [ 91.95072697300003, 26.214867654000045 ], [ 91.950781158000041, 26.214819851000073 ], [ 91.950893657000051, 26.214800245000049 ], [ 91.951061343000049, 26.214809649000074 ], [ 91.95165595900005, 26.214887753000028 ], [ 91.952329618000078, 26.215084675000071 ], [ 91.95284403800008, 26.215292491000071 ], [ 91.953541046000055, 26.215682504000029 ], [ 91.954323029000079, 26.216210238000031 ], [ 91.954858223000031, 26.216590742000051 ], [ 91.954945875000078, 26.216652227000054 ], [ 91.955169911000041, 26.21672901200003 ], [ 91.955296983000039, 26.215757015000065 ], [ 91.955111515000056, 26.215649402000054 ], [ 91.954928767000069, 26.215466211000034 ], [ 91.954190465000067, 26.214640026000041 ], [ 91.953041123000048, 26.213329994000048 ], [ 91.952839741000048, 26.213034734000075 ], [ 91.952368918000047, 26.211975774000052 ], [ 91.950940324000044, 26.208771723000041 ], [ 91.949918288000049, 26.205930520000038 ], [ 91.949865187000057, 26.205722086000037 ], [ 91.949846150000042, 26.205531592000057 ], [ 91.950044877000039, 26.20436916400007 ], [ 91.949790630000052, 26.204326335000076 ], [ 91.947404448000043, 26.203932896000026 ], [ 91.946599929000058, 26.203787072000068 ], [ 91.946297620000053, 26.203723058000037 ], [ 91.94612016800005, 26.203655549000075 ], [ 91.944800084000065, 26.202854674000037 ], [ 91.943491530000074, 26.202089526000066 ], [ 91.943382452000037, 26.201968115000057 ], [ 91.943340405000072, 26.201884731000064 ], [ 91.942699631000039, 26.200002834000031 ], [ 91.942700268000067, 26.199860239000031 ], [ 91.942716155000085, 26.199769460000027 ], [ 91.942774224000061, 26.199706230000061 ], [ 91.943426884000075, 26.199260895000066 ], [ 91.943484916000045, 26.199182704000066 ], [ 91.943495539000082, 26.19910158600004 ], [ 91.943495878000078, 26.199014847000058 ], [ 91.943480823000073, 26.198912199000063 ], [ 91.943481184000063, 26.198820478000073 ], [ 91.94349191200007, 26.198713442000042 ], [ 91.943529316000081, 26.198633985000072 ], [ 91.943741740000064, 26.198038863000079 ], [ 91.94430905300004, 26.196828702000062 ], [ 91.94437915900005, 26.196773224000026 ], [ 91.944435746000067, 26.19675877800006 ], [ 91.944496357000048, 26.19676750900004 ], [ 91.944600027000035, 26.196805812000036 ], [ 91.945876701000032, 26.197665793000056 ], [ 91.945951628000046, 26.197688320000054 ], [ 91.946039927000072, 26.197699703000069 ], [ 91.946106684000085, 26.197696809000036 ], [ 91.946167368000033, 26.19764869200003 ], [ 91.947700053000062, 26.196003331000043 ], [ 91.947826248000069, 26.195816721000028 ], [ 91.947879710000052, 26.195651591000058 ], [ 91.948089935000041, 26.194093167000062 ], [ 91.948183253000082, 26.193930483000031 ], [ 91.94826312400005, 26.193844691000038 ], [ 91.948336815000062, 26.193778448000046 ], [ 91.948515703000055, 26.193717621000076 ], [ 91.949280771000076, 26.193492200000037 ], [ 91.950183701000071, 26.193210255000054 ], [ 91.950560833000054, 26.193110545000025 ], [ 91.949756041000057, 26.190601333000075 ], [ 91.94630572300008, 26.191506380000078 ], [ 91.944613053000069, 26.191971349000028 ], [ 91.944444934000046, 26.191993758000024 ], [ 91.94409349700004, 26.191987764000032 ], [ 91.942573473000039, 26.192000077000046 ], [ 91.940024860000051, 26.192033972000047 ], [ 91.938526512000067, 26.191970910000066 ], [ 91.938266171000066, 26.191937206000034 ], [ 91.938103626000043, 26.191909790000068 ], [ 91.937586319000047, 26.192014117000042 ], [ 91.935857578000082, 26.192111053000076 ], [ 91.934807289000048, 26.192219719000036 ], [ 91.934640072000036, 26.192208910000033 ], [ 91.934315190000063, 26.192163985000036 ], [ 91.933506374000046, 26.191897352000069 ], [ 91.930619617000048, 26.190982082000062 ], [ 91.928609818000041, 26.19037148700005 ], [ 91.928071622000061, 26.190198760000044 ], [ 91.92766019700008, 26.190111924000064 ], [ 91.926427227000033, 26.190056292000065 ], [ 91.924752507000051, 26.189936807000038 ], [ 91.924617312000066, 26.189936405000026 ], [ 91.924545536000039, 26.189969877000067 ], [ 91.924488572000087, 26.190043185000036 ], [ 91.924455187000035, 26.190125937000062 ], [ 91.924475570000084, 26.190326774000027 ], [ 91.924534748000042, 26.191113758000029 ], [ 91.924752374000036, 26.192452415000048 ], [ 91.924744178000083, 26.192955837000056 ], [ 91.92466642100004, 26.193799225000078 ], [ 91.924619172000064, 26.193971924000039 ], [ 91.924569047000034, 26.19406661000005 ], [ 91.924369724000087, 26.194306722000078 ], [ 91.923841665000054, 26.194847846000073 ] ] ] } },
{ "type": "Feature", "properties": { "District": "322", "Subdistt": "02131", "Town/Village": "303620", "Name": "Michamari N.C.", "TRU": "Rural", "No_HH": 0, "TOT_P": 0, "TOT_M": 0, "TOT_F": 0, "P_06": 0, "P_SC": 0, "P_ST": 0, "pc11_s_id": "18", "pc11_d_id": "322", "pc11_sd_id": "02131", "pc11_tv_id": "303620", "tv_name": "Michamari N.C.", "mdds_og": 0, "total_area_sqm": 3789121.3945503421, "total_area_ha": 378.91213945503421, "flood_area_1998": 0.0, "flood_pct_1998": 0.0, "exposed_pop_1998": 0, "flood_area_1999": 0.0, "flood_pct_1999": 0.0, "exposed_pop_1999": 0, "flood_area_2004": 0.0, "flood_pct_2004": 0.0, "exposed_pop_2004": 0, "flood_area_2012": 0.0, "flood_pct_2012": 0.0, "exposed_pop_2012": 0, "flood_area_2013": 0.0, "flood_pct_2013": 0.0, "exposed_pop_2013": 0, "flood_years_exposed": 0, "flood_frequency": 0.0, "max_flood_exposure_pct": 0.0, "exposure_note": "ESTIMATE: spatial overlap with historical flood inundation polygons only. NOT actual people affected." }, "geometry": { "type": "Polygon", "coordinates": [ [ [ 91.882294169000033, 26.188463304000038 ], [ 91.882994624000048, 26.188647264000053 ], [ 91.883110488000057, 26.188733686000035 ], [ 91.883182580000039, 26.188850182000067 ], [ 91.883620111000084, 26.189744489000077 ], [ 91.884419062000063, 26.191911643000026 ], [ 91.885020033000046, 26.193492715000048 ], [ 91.885496977000059, 26.197257247000039 ], [ 91.885713478000071, 26.19917937200006 ], [ 91.885638188000087, 26.199439215000041 ], [ 91.885515662000046, 26.199670190000063 ], [ 91.885306243000059, 26.199933133000059 ], [ 91.884607214000084, 26.200504516000024 ], [ 91.883609514000057, 26.201097007000044 ], [ 91.88352192800005, 26.20114785800007 ], [ 91.883442589000083, 26.201234772000078 ], [ 91.883410188000084, 26.201360370000032 ], [ 91.883466934000069, 26.201548258000059 ], [ 91.884015304000059, 26.201669772000059 ], [ 91.88722615000006, 26.202482457000031 ], [ 91.890558145000057, 26.203509563000068 ], [ 91.89256636600004, 26.204121493000059 ], [ 91.892496459000085, 26.203784569000049 ], [ 91.89249910400008, 26.203692360000048 ], [ 91.892528955000046, 26.203600453000035 ], [ 91.892955044000075, 26.202973367000027 ], [ 91.893843487000083, 26.201707793000026 ], [ 91.894150063000041, 26.201217814000074 ], [ 91.894317127000079, 26.200964528000043 ], [ 91.894464603000074, 26.200440960000037 ], [ 91.894698471000083, 26.199741578000044 ], [ 91.894808886000078, 26.199603765000063 ], [ 91.895196528000042, 26.199336211000059 ], [ 91.896174414000086, 26.198558523000031 ], [ 91.896607381000081, 26.198259494000069 ], [ 91.896929099000033, 26.198132086000044 ], [ 91.898052712000037, 26.19781669200006 ], [ 91.898901433000049, 26.197545744000024 ], [ 91.899213752000037, 26.197444044000065 ], [ 91.899408272000073, 26.197420025000042 ], [ 91.899602930000071, 26.197429867000039 ], [ 91.900264033000042, 26.197497288000079 ], [ 91.901656938000031, 26.197712185000057 ], [ 91.90231784100007, 26.197780375000036 ], [ 91.902528621000044, 26.197808304000034 ], [ 91.902764556000079, 26.197913237000023 ], [ 91.903033992000076, 26.198095629000079 ], [ 91.904263340000057, 26.19911453900005 ], [ 91.90575590800006, 26.200361932000078 ], [ 91.907217466000077, 26.201741756000047 ], [ 91.90774760100004, 26.202221417000032 ], [ 91.908569208000074, 26.202680887000042 ], [ 91.909572802000071, 26.203313628000046 ], [ 91.909782532000065, 26.20340133600007 ], [ 91.910037573000068, 26.203466770000034 ], [ 91.910243638000054, 26.20348259900004 ], [ 91.91023700900007, 26.203451331000053 ], [ 91.910250102000077, 26.203277725000078 ], [ 91.910434463000058, 26.202746302000037 ], [ 91.910590716000058, 26.202504195000074 ], [ 91.91092151600003, 26.202184454000076 ], [ 91.911986609000053, 26.201205625000057 ], [ 91.912110642000073, 26.201048369000034 ], [ 91.91223629600006, 26.20086230000004 ], [ 91.912319957000079, 26.200692727000046 ], [ 91.912345950000031, 26.200443049000057 ], [ 91.912462212000037, 26.199453987000027 ], [ 91.913115695000045, 26.195080233000056 ], [ 91.913139761000082, 26.194625943000062 ], [ 91.913117985000042, 26.194279681000069 ], [ 91.912958610000032, 26.192986161000078 ], [ 91.912746037000034, 26.191339485000071 ], [ 91.911605186000031, 26.190935429000035 ], [ 91.910037083000077, 26.190357639000069 ], [ 91.909460590000037, 26.190177013000039 ], [ 91.907981009000082, 26.189946085000031 ], [ 91.905242134000048, 26.189488691000065 ], [ 91.902803278000079, 26.189124800000059 ], [ 91.898553445000061, 26.188575377000063 ], [ 91.893761590000054, 26.187965623000025 ], [ 91.890859412000054, 26.18758418300007 ], [ 91.886460592000049, 26.187138639000068 ], [ 91.88545666400006, 26.187023194000062 ], [ 91.88489839500005, 26.187058485000023 ], [ 91.883238240000082, 26.187358246000031 ], [ 91.882727880000061, 26.187472850000063 ], [ 91.882639677000043, 26.187522057000024 ], [ 91.882571066000082, 26.187606935000076 ], [ 91.882294169000033, 26.188463304000038 ] ] ] } },
{ "type": "Feature", "properties": { "District": "322", "Subdistt": "02131", "Town/Village": "303621", "Name": "Hajobari N.C.", "TRU": "Rural", "No_HH": 0, "TOT_P": 0, "TOT_M": 0, "TOT_F": 0, "P_06": 0, "P_SC": 0, "P_ST": 0, "pc11_s_id": "18", "pc11_d_id": "322", "pc11_sd_id": "02131", "pc11_tv_id": "303621", "tv_name": "Hajobari N.C.", "mdds_og": 0, "total_area_sqm": 1221064.7466587685, "total_area_ha": 122.10647466587685, "flood_area_1998": 0.0, "flood_pct_1998": 0.0, "exposed_pop_1998": 0, "flood_area_1999": 0.0, "flood_pct_1999": 0.0, "exposed_pop_1999": 0, "flood_area_2004": 0.0, "flood_pct_2004": 0.0, "exposed_pop_2004": 0, "flood_area_2012": 0.0, "flood_pct_2012": 0.0, "exposed_pop_2012": 0, "flood_area_2013": 0.0, "flood_pct_2013": 0.0, "exposed_pop_2013": 0, "flood_years_exposed": 0, "flood_frequency": 0.0, "max_flood_exposure_pct": 0.0, "exposure_note": "ESTIMATE: spatial overlap with historical flood inundation polygons only. NOT actual people affected." }, "geometry": { "type": "Polygon", "coordinates": [ [ [ 91.955296983000039, 26.215757015000065 ], [ 91.955595586000072, 26.214645612000027 ], [ 91.95569127400006, 26.214423660000023 ], [ 91.95582072600007, 26.21429617900003 ], [ 91.956955862000086, 26.213320724000027 ], [ 91.957180426000036, 26.213189452000051 ], [ 91.957296390000067, 26.213135961000035 ], [ 91.958999848000076, 26.212807192000071 ], [ 91.960461189000057, 26.212457169000061 ], [ 91.96028434200008, 26.211915851000072 ], [ 91.960230381000031, 26.211355195000067 ], [ 91.960297050000065, 26.210517684000024 ], [ 91.960338771000067, 26.210373792000041 ], [ 91.960486083000035, 26.210184898000023 ], [ 91.961807160000035, 26.208948493000037 ], [ 91.961988765000058, 26.208795412000029 ], [ 91.962215661000073, 26.208679551000046 ], [ 91.96333926300008, 26.208234701000038 ], [ 91.964209287000074, 26.207937965000042 ], [ 91.964489289000085, 26.207919245000028 ], [ 91.964619940000034, 26.207926254000029 ], [ 91.966116185000033, 26.208136152000066 ], [ 91.965033112000071, 26.207097670000053 ], [ 91.96336275200008, 26.205618020000031 ], [ 91.962582177000058, 26.205034886000078 ], [ 91.961473664000039, 26.204186743000037 ], [ 91.960983762000069, 26.203942875000052 ], [ 91.960677882000084, 26.203818494000075 ], [ 91.959892633000038, 26.203593692000027 ], [ 91.958338244000061, 26.203091550000067 ], [ 91.955991101000052, 26.20233408100006 ], [ 91.955806829000039, 26.202764306000063 ], [ 91.955736128000069, 26.202855774000056 ], [ 91.955619657000057, 26.202969494000058 ], [ 91.954408189000048, 26.203722999000036 ], [ 91.954207323000048, 26.203825932000029 ], [ 91.953849784000056, 26.20393776800006 ], [ 91.952537172000063, 26.204345971000066 ], [ 91.952348452000081, 26.204359946000068 ], [ 91.951720341000055, 26.204387260000033 ], [ 91.951203734000046, 26.204408011000055 ], [ 91.95064152100008, 26.20441306500004 ], [ 91.950044877000039, 26.20436916400007 ], [ 91.949846150000042, 26.205531592000057 ], [ 91.949865187000057, 26.205722086000037 ], [ 91.949918288000049, 26.205930520000038 ], [ 91.950940324000044, 26.208771723000041 ], [ 91.952368918000047, 26.211975774000052 ], [ 91.952839741000048, 26.213034734000075 ], [ 91.953041123000048, 26.213329994000048 ], [ 91.954190465000067, 26.214640026000041 ], [ 91.954928767000069, 26.215466211000034 ], [ 91.955111515000056, 26.215649402000054 ], [ 91.955296983000039, 26.215757015000065 ] ] ] } },
{ "type": "Feature", "properties": { "District": "322", "Subdistt": "02131", "Town/Village": "303622", "Name": "Niz-Panbari N.C.", "TRU": "Rural", "No_HH": 0, "TOT_P": 0, "TOT_M": 0, "TOT_F": 0, "P_06": 0, "P_SC": 0, "P_ST": 0, "pc11_s_id": "18", "pc11_d_id": "322", "pc11_sd_id": "02131", "pc11_tv_id": "303622", "tv_name": "Niz-Panbari N.C.", "mdds_og": 0, "total_area_sqm": 1601289.5550712948, "total_area_ha": 160.12895550712949, "flood_area_1998": 0.0, "flood_pct_1998": 0.0, "exposed_pop_1998": 0, "flood_area_1999": 0.0, "flood_pct_1999": 0.0, "exposed_pop_1999": 0, "flood_area_2004": 0.0, "flood_pct_2004": 0.0, "exposed_pop_2004": 0, "flood_area_2012": 0.0, "flood_pct_2012": 0.0, "exposed_pop_2012": 0, "flood_area_2013": 0.0, "flood_pct_2013": 0.0, "exposed_pop_2013": 0, "flood_years_exposed": 0, "flood_frequency": 0.0, "max_flood_exposure_pct": 0.0, "exposure_note": "ESTIMATE: spatial overlap with historical flood inundation polygons only. NOT actual people affected." }, "geometry": { "type": "Polygon", "coordinates": [ [ [ 91.910243638000054, 26.20348259900004 ], [ 91.910937768000053, 26.203535629000044 ], [ 91.913534401000049, 26.203797226000063 ], [ 91.916751505000036, 26.204090594000036 ], [ 91.91932237900005, 26.204212411000071 ], [ 91.919896278000067, 26.204162664000023 ], [ 91.920752920000041, 26.204046555000048 ], [ 91.921724922000067, 26.203911838000067 ], [ 91.922051443000043, 26.203898095000056 ], [ 91.92234208800005, 26.203916100000072 ], [ 91.92281745400004, 26.20394561300003 ], [ 91.923507303000065, 26.204005554000048 ], [ 91.925046167000062, 26.204152931000067 ], [ 91.925881919000062, 26.204222636000054 ], [ 91.926290894000033, 26.204229517000044 ], [ 91.926542558000051, 26.203839989000073 ], [ 91.926640169000052, 26.203620476000026 ], [ 91.926665566000054, 26.203441336000026 ], [ 91.926604094000083, 26.202806360000068 ], [ 91.926311351000038, 26.202032019000058 ], [ 91.925497030000031, 26.20073377500006 ], [ 91.925291581000067, 26.200405432000025 ], [ 91.925156080000079, 26.20004756000003 ], [ 91.924637018000055, 26.197321228000078 ], [ 91.924275041000044, 26.195810731000051 ], [ 91.924095415000068, 26.195337553000059 ], [ 91.923841665000054, 26.194847846000073 ], [ 91.923442744000056, 26.194013948000077 ], [ 91.92339931500004, 26.193951401000049 ], [ 91.923343406000072, 26.193893077000041 ], [ 91.923245905000044, 26.193848161000062 ], [ 91.92286600400007, 26.193743999000048 ], [ 91.920276195000042, 26.192931956000052 ], [ 91.918530974000078, 26.19254902800003 ], [ 91.915899853000042, 26.191904922000049 ], [ 91.913926276000041, 26.191546914000071 ], [ 91.912746037000034, 26.191339485000071 ], [ 91.912958610000032, 26.192986161000078 ], [ 91.913117985000042, 26.194279681000069 ], [ 91.913139761000082, 26.194625943000062 ], [ 91.913115695000045, 26.195080233000056 ], [ 91.912462212000037, 26.199453987000027 ], [ 91.912345950000031, 26.200443049000057 ], [ 91.912319957000079, 26.200692727000046 ], [ 91.91223629600006, 26.20086230000004 ], [ 91.912110642000073, 26.201048369000034 ], [ 91.911986609000053, 26.201205625000057 ], [ 91.91092151600003, 26.202184454000076 ], [ 91.910590716000058, 26.202504195000074 ], [ 91.910434463000058, 26.202746302000037 ], [ 91.910250102000077, 26.203277725000078 ], [ 91.91023700900007, 26.203451331000053 ], [ 91.910243638000054, 26.20348259900004 ] ] ] } },
{ "type": "Feature", "properties": { "District": "322", "Subdistt": "02131", "Town/Village": "303623", "Name": "Borbila Bill", "TRU": "Rural", "No_HH": 401, "TOT_P": 2312, "TOT_M": 1164, "TOT_F": 1148, "P_06": 302, "P_SC": 484, "P_ST": 0, "pc11_s_id": "18", "pc11_d_id": "322", "pc11_sd_id": "02131", "pc11_tv_id": "303623", "tv_name": "Borbila Bill", "mdds_og": 0, "total_area_sqm": 4008955.7527519264, "total_area_ha": 400.89557527519264, "flood_area_1998": 3282870.9784266427, "flood_pct_1998": 81.888431324619475, "exposed_pop_1998": 1893, "flood_area_1999": 1362605.4701707964, "flood_pct_1999": 33.989037400461278, "exposed_pop_1999": 786, "flood_area_2004": 3281613.5121572521, "flood_pct_2004": 81.857064895380944, "exposed_pop_2004": 1893, "flood_area_2012": 2481827.8236289951, "flood_pct_2012": 61.907089444061768, "exposed_pop_2012": 1431, "flood_area_2013": 2997115.9882387691, "flood_pct_2013": 74.760515532789668, "exposed_pop_2013": 1728, "flood_years_exposed": 5, "flood_frequency": 1.0, "max_flood_exposure_pct": 81.888431324619475, "exposure_note": "ESTIMATE: spatial overlap with historical flood inundation polygons only. NOT actual people affected." }, "geometry": { "type": "Polygon", "coordinates": [ [ [ 91.978349919000024, 26.224848077000029 ], [ 91.980093910000079, 26.224226540000117 ], [ 91.980788613000101, 26.223892270000082 ], [ 91.981663737000119, 26.223471044000046 ], [ 91.982445520000056, 26.22301510800007 ], [ 91.983665323000082, 26.222117304000037 ], [ 91.98497796500007, 26.221157232000092 ], [ 91.985121312000032, 26.22098641100008 ], [ 91.985389240000075, 26.220607927000028 ], [ 91.985412480000051, 26.220578920000026 ], [ 91.986115104000106, 26.219591774000062 ], [ 91.987370702000078, 26.217744025000034 ], [ 91.987552388000012, 26.217512633000073 ], [ 91.987897823000083, 26.217281468000042 ], [ 91.989768138000017, 26.215955918000056 ], [ 91.990324274000017, 26.215637678000103 ], [ 91.991082748000082, 26.215203560000067 ], [ 91.991504520000063, 26.214975528000029 ], [ 91.993023054000034, 26.214136295000046 ], [ 91.995176054000098, 26.212902362 ], [ 91.997488452000113, 26.211642141 ], [ 91.9980455070001, 26.211345159000032 ], [ 91.998221219000072, 26.211186519000051 ], [ 91.999404192000071, 26.209778607 ], [ 92.000748763000047, 26.208112310000065 ], [ 92.001339371000057, 26.207491649000048 ], [ 92.001435573000023, 26.207322153000057 ], [ 92.001468886000026, 26.207212324000029 ], [ 92.001483761000017, 26.207107363000048 ], [ 92.001517069000016, 26.206996543000027 ], [ 92.001598004000044, 26.206908252000094 ], [ 92.001746466000071, 26.206760567000043 ], [ 92.00184376200005, 26.206654434000054 ], [ 92.002061741000048, 26.206291222000022 ], [ 92.002261496071199, 26.205832011638019 ], [ 92.001634903328181, 26.205845169618946 ], [ 92.000005301203743, 26.205683470615693 ], [ 91.999887377600402, 26.205671688597576 ], [ 91.999533309115037, 26.205562107105607 ], [ 91.999209492024477, 26.205256345703809 ], [ 91.998596175972835, 26.204701118661777 ], [ 91.997658300889995, 26.203391189551795 ], [ 91.997171740000013, 26.203832140000038 ], [ 91.996863130000065, 26.204064668000093 ], [ 91.996307308999988, 26.204482848000055 ], [ 91.996046857000024, 26.204398374000082 ], [ 91.995638570000082, 26.204311228000066 ], [ 91.994265006000035, 26.204357056000038 ], [ 91.99407246, 26.204423115000086 ], [ 91.993126500000074, 26.204780208000056 ], [ 91.992814585000104, 26.204907718000037 ], [ 91.992644654000074, 26.20494044700008 ], [ 91.992459675000049, 26.204964378000017 ], [ 91.992120594000056, 26.204961523000048 ], [ 91.990617218000096, 26.204952473 ], [ 91.990487504000029, 26.204944938 ], [ 91.990190303000048, 26.204903910000077 ], [ 91.989666104, 26.204747773000037 ], [ 91.988894059000074, 26.20513056900009 ], [ 91.988758641000061, 26.205207054000024 ], [ 91.988600904000066, 26.205294164000037 ], [ 91.988385306000083, 26.205336374000066 ], [ 91.98784694400004, 26.205360303000091 ], [ 91.986790652000039, 26.205445458000032 ], [ 91.984875524000032, 26.205742345 ], [ 91.984172416000035, 26.205896972000087 ], [ 91.981907096, 26.206333336000043 ], [ 91.980729703000108, 26.206501722000031 ], [ 91.980223502000058, 26.206638532000071 ], [ 91.979553344000038, 26.206882789000119 ], [ 91.97717375700006, 26.207763726000088 ], [ 91.976850717000062, 26.207882074000022 ], [ 91.976731136000112, 26.207933477000012 ], [ 91.976639383000077, 26.207986282000029 ], [ 91.976538717, 26.208067346000075 ], [ 91.976411370000037, 26.208195578000115 ], [ 91.976333743000097, 26.208432186000064 ], [ 91.975720558000077, 26.210464742000017 ], [ 91.975240098000114, 26.211957492000071 ], [ 91.975163369000072, 26.212241534000036 ], [ 91.974890470000048, 26.212707852000072 ], [ 91.974627367000039, 26.213156826 ], [ 91.973667651000127, 26.214694077000011 ], [ 91.973584078000044, 26.214826449000039 ], [ 91.973094167000013, 26.215324594000045 ], [ 91.972841718, 26.215763159000094 ], [ 91.972019633000102, 26.217489998000065 ], [ 91.971176857, 26.219805025000031 ], [ 91.971024756000119, 26.220153582 ], [ 91.970701660000032, 26.220656148000021 ], [ 91.969739412000081, 26.222478124000048 ], [ 91.969548259000078, 26.223065461000061 ], [ 91.969475853000034, 26.223350219000086 ], [ 91.969479762, 26.22349482800006 ], [ 91.969523779000014, 26.223994294000086 ], [ 91.969525545000067, 26.224135051000097 ], [ 91.96948351500005, 26.224233351000059 ], [ 91.969419189000064, 26.224310959 ], [ 91.969292012000011, 26.224405282000074 ], [ 91.970250625000105, 26.224970131000092 ], [ 91.971187720000017, 26.225461794000093 ], [ 91.97150796300005, 26.225599084000084 ], [ 91.971799720000021, 26.225672647000042 ], [ 91.972449841000085, 26.2257710270001 ], [ 91.97273814600004, 26.225816139000102 ], [ 91.973526076000041, 26.225976898000081 ], [ 91.974043038, 26.225784349000048 ], [ 91.97443920900011, 26.22568215400003 ], [ 91.974969640000026, 26.225614725000046 ], [ 91.975941849, 26.225515452 ], [ 91.977319701000056, 26.225139058000035 ], [ 91.978349919000024, 26.224848077000029 ] ] ] } },
{ "type": "Feature", "properties": { "District": "322", "Subdistt": "02131", "Town/Village": "303624", "Name": "Chandrapur Baghicha (CT)", "TRU": "Urban", "No_HH": 1111, "TOT_P": 5106, "TOT_M": 2634, "TOT_F": 2472, "P_06": 582, "P_SC": 523, "P_ST": 372, "pc11_s_id": "18", "pc11_d_id": "322", "pc11_sd_id": "02131", "pc11_tv_id": "303624", "tv_name": "Chandrapur Baghicha", "mdds_og": 0, "total_area_sqm": 2216367.6184001449, "total_area_ha": 221.63676184001449, "flood_area_1998": 94657.702025298175, "flood_pct_1998": 4.2708484476787998, "exposed_pop_1998": 218, "flood_area_1999": 30588.456347922394, "flood_pct_1999": 1.3801165516938143, "exposed_pop_1999": 70, "flood_area_2004": 0.0, "flood_pct_2004": 0.0, "exposed_pop_2004": 0, "flood_area_2012": 0.0, "flood_pct_2012": 0.0, "exposed_pop_2012": 0, "flood_area_2013": 0.0, "flood_pct_2013": 0.0, "exposed_pop_2013": 0, "flood_years_exposed": 2, "flood_frequency": 0.4, "max_flood_exposure_pct": 4.2708484476787998, "exposure_note": "ESTIMATE: spatial overlap with historical flood inundation polygons only. NOT actual people affected." }, "geometry": { "type": "Polygon", "coordinates": [ [ [ 91.967421388000048, 26.245768832000049 ], [ 91.966979130000055, 26.24559399300006 ], [ 91.965743338000024, 26.24512011400002 ], [ 91.965004923000038, 26.244840602000075 ], [ 91.964791815000083, 26.244760826000046 ], [ 91.964445364000099, 26.244573666000104 ], [ 91.964289282000067, 26.244453533000112 ], [ 91.96312538100004, 26.243240002000068 ], [ 91.962400918000057, 26.242515456000071 ], [ 91.959402104000091, 26.240185406000016 ], [ 91.958687524000112, 26.239333337000037 ], [ 91.957823559000047, 26.2383798010001 ], [ 91.957136945000073, 26.237837330000069 ], [ 91.955620423000099, 26.236573393000029 ], [ 91.954337195000051, 26.235661106000041 ], [ 91.952045507000065, 26.234058878000077 ], [ 91.951778155000056, 26.233850171000039 ], [ 91.951510700000057, 26.233575057000014 ], [ 91.950077339000117, 26.232167526000083 ], [ 91.949135394000066, 26.231218015000035 ], [ 91.948142079000036, 26.230545418000073 ], [ 91.948032719000054, 26.231906443000064 ], [ 91.948082113000055, 26.233992567 ], [ 91.948077449000024, 26.234298072000062 ], [ 91.947926352000039, 26.234695142000053 ], [ 91.947084759000035, 26.236992923000013 ], [ 91.948433285000064, 26.237475385000053 ], [ 91.949672728000024, 26.238151483000038 ], [ 91.95066311300009, 26.238776785 ], [ 91.952124995000077, 26.239931981 ], [ 91.953540354000026, 26.241215735 ], [ 91.954044638000099, 26.241799300000057 ], [ 91.954393723000024, 26.242160302000084 ], [ 91.954651026000093, 26.242553338 ], [ 91.954815362, 26.242966920000033 ], [ 91.955021648000113, 26.244020558000081 ], [ 91.955076461000033, 26.245351408000062 ], [ 91.95502279800003, 26.246860243000025 ], [ 91.954985553000057, 26.247409158000057 ], [ 91.954832463000088, 26.247990658000031 ], [ 91.954348641000109, 26.249462495000042 ], [ 91.954116857000031, 26.250054234000064 ], [ 91.953902072000034, 26.250395437000051 ], [ 91.953463097000025, 26.250959082000058 ], [ 91.953186197000036, 26.251409497000022 ], [ 91.952482490174788, 26.252554170638476 ], [ 91.952765763129563, 26.252632817250721 ], [ 91.955202966343919, 26.253324969671699 ], [ 91.956359309234784, 26.25365419798289 ], [ 91.960249145082074, 26.254554745804892 ], [ 91.9619707937172, 26.255141889786415 ], [ 91.96414094684728, 26.255406026966632 ], [ 91.965142964000094, 26.252182060000084 ], [ 91.965612748000055, 26.251314932000103 ], [ 91.966064460000041, 26.250375538000092 ], [ 91.966274301000084, 26.249850633 ], [ 91.96664347800008, 26.248021852000036 ], [ 91.96679146200006, 26.247670953000046 ], [ 91.967221136, 26.246807790000037 ], [ 91.967261325000038, 26.246598887000072 ], [ 91.967280428000024, 26.246323296000096 ], [ 91.967421388000048, 26.245768832000049 ] ] ] } }
]
}
