{
"type": "FeatureCollection",
"name": "preliminary_relocation_candidates",
"crs": { "type": "name", "properties": { "name": "urn:ogc:def:crs:OGC:1.3:CRS84" } },
"features": [
{ "type": "Feature", "properties": { "candidate_id": "RC-001", "pc11_tv_id": "303619", "tv_name": "Khankar N.C.", "TOT_P": 932, "P_06": 187, "P_SC": 6, "P_ST": 790, "elevation_m": 360.0, "slope_deg": 5.3859770985997537, "elevation_band": "200-500m (upland)", "exposed_years": 0, "max_exposure_pct": 0.0, "frequency_pct": 0.0, "flood_exclusion": "never_exposed", "distance_to_major_road_m": 2381.0431787981065, "distance_to_major_road_km": 2.3810431787981066, "road_access_band": "2-5km (moderate)", "distance_to_nearest_exposed_km": 1.1345808690962693, "nearby_exposed_habs": 15.0, "nearby_vulnerable_pop": 13135.0, "amenities_score": 18.4, "suitability_score": 71.69, "suitability_class": "High", "capacity_status": "Pending - requires LULC + land area + planning validation", "available_area_ha": null, "max_capacity_persons": null, "capacity_notes": "Carrying capacity calculation requires: (1) NRSC LULC data for land-use classification, (2) Available open land area from LULC + slope analysis, (3) GMDA planning zones and ownership validation, (4) Density assumptions from government norms. NOT CALCULATED - pending these datasets." }, "geometry": { "type": "Polygon", "coordinates": [ [ [ 91.923841665000054, 26.194847846000073 ], [ 91.924095415000068, 26.195337553000059 ], [ 91.924275041000044, 26.195810731000051 ], [ 91.924637018000055, 26.197321228000078 ], [ 91.925156080000079, 26.20004756000003 ], [ 91.925291581000067, 26.200405432000025 ], [ 91.925497030000031, 26.20073377500006 ], [ 91.926311351000038, 26.202032019000058 ], [ 91.926604094000083, 26.202806360000068 ], [ 91.926665566000054, 26.203441336000026 ], [ 91.926640169000052, 26.203620476000026 ], [ 91.926542558000051, 26.203839989000073 ], [ 91.926290894000033, 26.204229517000044 ], [ 91.925961437000069, 26.205036574000076 ], [ 91.92628583000004, 26.205087065000043 ], [ 91.926677847000065, 26.205207770000072 ], [ 91.928042629000061, 26.205880690000072 ], [ 91.929048307000073, 26.206360240000038 ], [ 91.931254772000045, 26.207413279000036 ], [ 91.933953808000069, 26.208707459000038 ], [ 91.935423165000032, 26.209452811000062 ], [ 91.935656306000055, 26.209617554000033 ], [ 91.936026945000037, 26.210039895000023 ], [ 91.938528838000082, 26.212723478000044 ], [ 91.939211679000039, 26.21356701600007 ], [ 91.939569118000065, 26.214121480000074 ], [ 91.94019584800003, 26.214084802000059 ], [ 91.941139698000086, 26.214065147000042 ], [ 91.942129359000035, 26.214214631000061 ], [ 91.942550582000081, 26.214290783000024 ], [ 91.942798715000038, 26.214337554000053 ], [ 91.94324563400005, 26.214491977000023 ], [ 91.943748529000061, 26.214734466000039 ], [ 91.944162409000057, 26.215066396000054 ], [ 91.944862455000077, 26.215638486000046 ], [ 91.945022544000039, 26.21580149600004 ], [ 91.945162112000048, 26.215879476000055 ], [ 91.945336327000064, 26.215908587000058 ], [ 91.946604154000056, 26.216008 ], [ 91.947019712000042, 26.215936163000038 ], [ 91.947447655000076, 26.215883897000026 ], [ 91.949396436000086, 26.215668348000065 ], [ 91.950265971000078, 26.215614498000036 ], [ 91.950385863000065, 26.215583327000047 ], [ 91.950446322000062, 26.215573753000058 ], [ 91.950506812000071, 26.215507347000027 ], [ 91.950660202000051, 26.215094208000039 ], [ 91.95072697300003, 26.214867654000045 ], [ 91.950781158000041, 26.214819851000073 ], [ 91.950893657000051, 26.214800245000049 ], [ 91.951061343000049, 26.214809649000074 ], [ 91.95165595900005, 26.214887753000028 ], [ 91.952329618000078, 26.215084675000071 ], [ 91.95284403800008, 26.215292491000071 ], [ 91.953541046000055, 26.215682504000029 ], [ 91.954323029000079, 26.216210238000031 ], [ 91.954858223000031, 26.216590742000051 ], [ 91.954945875000078, 26.216652227000054 ], [ 91.955169911000041, 26.21672901200003 ], [ 91.955296983000039, 26.215757015000065 ], [ 91.955111515000056, 26.215649402000054 ], [ 91.954928767000069, 26.215466211000034 ], [ 91.954190465000067, 26.214640026000041 ], [ 91.953041123000048, 26.213329994000048 ], [ 91.952839741000048, 26.213034734000075 ], [ 91.952368918000047, 26.211975774000052 ], [ 91.950940324000044, 26.208771723000041 ], [ 91.949918288000049, 26.205930520000038 ], [ 91.949865187000057, 26.205722086000037 ], [ 91.949846150000042, 26.205531592000057 ], [ 91.950044877000039, 26.20436916400007 ], [ 91.949790630000052, 26.204326335000076 ], [ 91.947404448000043, 26.203932896000026 ], [ 91.946599929000058, 26.203787072000068 ], [ 91.946297620000053, 26.203723058000037 ], [ 91.94612016800005, 26.203655549000075 ], [ 91.944800084000065, 26.202854674000037 ], [ 91.943491530000074, 26.202089526000066 ], [ 91.943382452000037, 26.201968115000057 ], [ 91.943340405000072, 26.201884731000064 ], [ 91.942699631000039, 26.200002834000031 ], [ 91.942700268000067, 26.199860239000031 ], [ 91.942716155000085, 26.199769460000027 ], [ 91.942774224000061, 26.199706230000061 ], [ 91.943426884000075, 26.199260895000066 ], [ 91.943484916000045, 26.199182704000066 ], [ 91.943495539000082, 26.19910158600004 ], [ 91.943495878000078, 26.199014847000058 ], [ 91.943480823000073, 26.198912199000063 ], [ 91.943481184000063, 26.198820478000073 ], [ 91.94349191200007, 26.198713442000042 ], [ 91.943529316000081, 26.198633985000072 ], [ 91.943741740000064, 26.198038863000079 ], [ 91.94430905300004, 26.196828702000062 ], [ 91.94437915900005, 26.196773224000026 ], [ 91.944435746000067, 26.19675877800006 ], [ 91.944496357000048, 26.19676750900004 ], [ 91.944600027000035, 26.196805812000036 ], [ 91.945876701000032, 26.197665793000056 ], [ 91.945951628000046, 26.197688320000054 ], [ 91.946039927000072, 26.197699703000069 ], [ 91.946106684000085, 26.197696809000036 ], [ 91.946167368000033, 26.19764869200003 ], [ 91.947700053000062, 26.196003331000043 ], [ 91.947826248000069, 26.195816721000028 ], [ 91.947879710000052, 26.195651591000058 ], [ 91.948089935000041, 26.194093167000062 ], [ 91.948183253000082, 26.193930483000031 ], [ 91.94826312400005, 26.193844691000038 ], [ 91.948336815000062, 26.193778448000046 ], [ 91.948515703000055, 26.193717621000076 ], [ 91.949280771000076, 26.193492200000037 ], [ 91.950183701000071, 26.193210255000054 ], [ 91.950560833000054, 26.193110545000025 ], [ 91.949756041000057, 26.190601333000075 ], [ 91.94630572300008, 26.191506380000078 ], [ 91.944613053000069, 26.191971349000028 ], [ 91.944444934000046, 26.191993758000024 ], [ 91.94409349700004, 26.191987764000032 ], [ 91.942573473000039, 26.192000077000046 ], [ 91.940024860000051, 26.192033972000047 ], [ 91.938526512000067, 26.191970910000066 ], [ 91.938266171000066, 26.191937206000034 ], [ 91.938103626000043, 26.191909790000068 ], [ 91.937586319000047, 26.192014117000042 ], [ 91.935857578000082, 26.192111053000076 ], [ 91.934807289000048, 26.192219719000036 ], [ 91.934640072000036, 26.192208910000033 ], [ 91.934315190000063, 26.192163985000036 ], [ 91.933506374000046, 26.191897352000069 ], [ 91.930619617000048, 26.190982082000062 ], [ 91.928609818000041, 26.19037148700005 ], [ 91.928071622000061, 26.190198760000044 ], [ 91.92766019700008, 26.190111924000064 ], [ 91.926427227000033, 26.190056292000065 ], [ 91.924752507000051, 26.189936807000038 ], [ 91.924617312000066, 26.189936405000026 ], [ 91.924545536000039, 26.189969877000067 ], [ 91.924488572000087, 26.190043185000036 ], [ 91.924455187000035, 26.190125937000062 ], [ 91.924475570000084, 26.190326774000027 ], [ 91.924534748000042, 26.191113758000029 ], [ 91.924752374000036, 26.192452415000048 ], [ 91.924744178000083, 26.192955837000056 ], [ 91.92466642100004, 26.193799225000078 ], [ 91.924619172000064, 26.193971924000039 ], [ 91.924569047000034, 26.19406661000005 ], [ 91.924369724000087, 26.194306722000078 ], [ 91.923841665000054, 26.194847846000073 ] ] ] } },
{ "type": "Feature", "properties": { "candidate_id": "RC-002", "pc11_tv_id": "303567", "tv_name": "Talani N.C.", "TOT_P": 510, "P_06": 69, "P_SC": 44, "P_ST": 16, "elevation_m": 136.0, "slope_deg": 11.976725812374069, "elevation_band": "100-200m (foothill)", "exposed_years": 0, "max_exposure_pct": 0.0, "frequency_pct": 0.0, "flood_exclusion": "never_exposed", "distance_to_major_road_m": 2872.1031938848673, "distance_to_major_road_km": 2.8721031938848673, "road_access_band": "2-5km (moderate)", "distance_to_nearest_exposed_km": 0.44221557411964252, "nearby_exposed_habs": 11.0, "nearby_vulnerable_pop": 11055.0, "amenities_score": 65.8, "suitability_score": 65.87, "suitability_class": "Medium", "capacity_status": "Pending - requires LULC + land area + planning validation", "available_area_ha": null, "max_capacity_persons": null, "capacity_notes": "Carrying capacity calculation requires: (1) NRSC LULC data for land-use classification, (2) Available open land area from LULC + slope analysis, (3) GMDA planning zones and ownership validation, (4) Density assumptions from government norms. NOT CALCULATED - pending these datasets." }, "geometry": { "type": "Polygon", "coordinates": [ [ [ 92.112562121000053, 26.096300485000029 ], [ 92.112460547000069, 26.096130014000039 ], [ 92.111671529000034, 26.093486295000048 ], [ 92.110845287000075, 26.09030529000006 ], [ 92.110537975000057, 26.089758888000063 ], [ 92.110316589000035, 26.088949475000049 ], [ 92.109888676000082, 26.084077919000038 ], [ 92.109579219000068, 26.081505003000075 ], [ 92.109433122000041, 26.080065454000078 ], [ 92.107515474000081, 26.079740921000052 ], [ 92.10344002800008, 26.078916753000044 ], [ 92.101425038000059, 26.07833766400006 ], [ 92.096552949000056, 26.076557422000064 ], [ 92.093390692000071, 26.075573844000075 ], [ 92.092328972000075, 26.075213935000079 ], [ 92.091151490000072, 26.07502349300006 ], [ 92.090011938000032, 26.075098807000074 ], [ 92.087883250000061, 26.075563367000029 ], [ 92.087255033000076, 26.075734874000034 ], [ 92.08819870700006, 26.076749094000036 ], [ 92.088305323000043, 26.076910435000059 ], [ 92.088355719000049, 26.077300107000042 ], [ 92.088343128000076, 26.078107707000072 ], [ 92.087995827000043, 26.080120635000071 ], [ 92.087302924000085, 26.083317159000046 ], [ 92.087092355000038, 26.084099230000049 ], [ 92.087045874000069, 26.085175917000072 ], [ 92.087067754000032, 26.08763028900006 ], [ 92.087151375000076, 26.088127615000076 ], [ 92.088576345000035, 26.092330503000028 ], [ 92.089165265000076, 26.093702151000059 ], [ 92.089410286000032, 26.094109020000076 ], [ 92.090257603000055, 26.094876279000061 ], [ 92.091045619000056, 26.095687804000079 ], [ 92.091752763000045, 26.09659072900007 ], [ 92.092295160000049, 26.09759615300004 ], [ 92.093241199000033, 26.099586471000066 ], [ 92.094137294000063, 26.101283177000028 ], [ 92.095024002000059, 26.102705727000057 ], [ 92.095496300000036, 26.103183299000023 ], [ 92.095608408000032, 26.103370166000047 ], [ 92.095924333000085, 26.103360251000026 ], [ 92.096089142000039, 26.103358975000049 ], [ 92.097352009000076, 26.103902406000032 ], [ 92.098543714000073, 26.104362793000064 ], [ 92.098870008000063, 26.104443254000046 ], [ 92.099487256000032, 26.104414900000052 ], [ 92.101567505000048, 26.104255985000066 ], [ 92.10183470700008, 26.104183726000031 ], [ 92.102282360000061, 26.10401545600007 ], [ 92.104430101000048, 26.103002552000078 ], [ 92.104747948000067, 26.10277714800003 ], [ 92.104909429000031, 26.102611302000071 ], [ 92.105038616000058, 26.10239998000003 ], [ 92.105451922000043, 26.101140935000046 ], [ 92.105458554000052, 26.100965501000076 ], [ 92.105375719000051, 26.100824615000079 ], [ 92.104546627000047, 26.099945885000068 ], [ 92.103803913000036, 26.099092558000052 ], [ 92.102968227000076, 26.097752387000071 ], [ 92.102669448000086, 26.097448178000036 ], [ 92.102313760000072, 26.097226171000045 ], [ 92.10038995900004, 26.096423902000026 ], [ 92.098248808000051, 26.095570645000066 ], [ 92.095974675000036, 26.094580248000057 ], [ 92.095047007000062, 26.094112746000064 ], [ 92.094941361000053, 26.094007495000028 ], [ 92.094944982000072, 26.093900609000059 ], [ 92.09494856200007, 26.093794790000061 ], [ 92.094975611000052, 26.093640758000049 ], [ 92.095095406000041, 26.093356948000064 ], [ 92.095345503000033, 26.093097105000027 ], [ 92.096234054000035, 26.092443324000044 ], [ 92.096413232000032, 26.09234852000003 ], [ 92.09662329300005, 26.092312368000023 ], [ 92.096919767000031, 26.092311128000063 ], [ 92.098488213000053, 26.092445887000054 ], [ 92.100085670000055, 26.09275819000004 ], [ 92.102302474000055, 26.093200073000048 ], [ 92.105542262000085, 26.093860907000078 ], [ 92.10742639700004, 26.094303471000046 ], [ 92.108208583000078, 26.094489428000031 ], [ 92.108856642000035, 26.094699084000069 ], [ 92.109873159000074, 26.095164639000075 ], [ 92.111746847000063, 26.09602723200004 ], [ 92.112562121000053, 26.096300485000029 ] ] ] } },
{ "type": "Feature", "properties": { "candidate_id": "RC-003", "pc11_tv_id": "303616", "tv_name": "2 No. Bonda", "TOT_P": 1263, "P_06": 138, "P_SC": 93, "P_ST": 282, "elevation_m": 267.0, "slope_deg": 24.904481044556743, "elevation_band": "200-500m (upland)", "exposed_years": 0, "max_exposure_pct": 0.0, "frequency_pct": 0.0, "flood_exclusion": "never_exposed", "distance_to_major_road_m": 2001.4405645205334, "distance_to_major_road_km": 2.0014405645205335, "road_access_band": "2-5km (moderate)", "distance_to_nearest_exposed_km": 0.1690368646021668, "nearby_exposed_habs": 5.0, "nearby_vulnerable_pop": 9635.0, "amenities_score": 36.8, "suitability_score": 64.67, "suitability_class": "Medium", "capacity_status": "Pending - requires LULC + land area + planning validation", "available_area_ha": null, "max_capacity_persons": null, "capacity_notes": "Carrying capacity calculation requires: (1) NRSC LULC data for land-use classification, (2) Available open land area from LULC + slope analysis, (3) GMDA planning zones and ownership validation, (4) Density assumptions from government norms. NOT CALCULATED - pending these datasets." }, "geometry": { "type": "Polygon", "coordinates": [ [ [ 91.862484158000072, 26.176202978000074 ], [ 91.86219939700004, 26.173782282000069 ], [ 91.862235973000054, 26.172964110000052 ], [ 91.860696915000077, 26.172946217000082 ], [ 91.858198948000066, 26.173098941000017 ], [ 91.856979215000052, 26.173221324000018 ], [ 91.856147707051065, 26.173357452984103 ], [ 91.856477367036945, 26.173448560602619 ], [ 91.856876082365346, 26.173635382167237 ], [ 91.857090645317101, 26.173786240742469 ], [ 91.857602335279594, 26.174166044227576 ], [ 91.858429552381978, 26.17475665599498 ], [ 91.858646896936861, 26.174935924153608 ], [ 91.858719643097146, 26.175019704995428 ], [ 91.858746471672333, 26.175052362976192 ], [ 91.858816303129927, 26.17520009730665 ], [ 91.859165425344173, 26.175754723601674 ], [ 91.859895957232681, 26.177004846896246 ], [ 91.860516512826877, 26.178112261271913 ], [ 91.860686982917983, 26.178490431588219 ], [ 91.860765583664872, 26.17865236171717 ], [ 91.860867830286267, 26.179267414359764 ], [ 91.861181235026024, 26.181131917604006 ], [ 91.861342407026569, 26.182072321580474 ], [ 91.862322404000096, 26.181500931000024 ], [ 91.8625242990001, 26.181312037000026 ], [ 91.862702080000076, 26.181123464000056 ], [ 91.86283545500001, 26.180921640000054 ], [ 91.862891366000014, 26.180674645000046 ], [ 91.862741261000025, 26.178759565000043 ], [ 91.862484158000072, 26.176202978000074 ] ] ] } },
{ "type": "Feature", "properties": { "candidate_id": "RC-004", "pc11_tv_id": "303443", "tv_name": "Amseng N.C.", "TOT_P": 1545, "P_06": 196, "P_SC": 8, "P_ST": 88, "elevation_m": 178.0, "slope_deg": 3.0169613098159931, "elevation_band": "100-200m (foothill)", "exposed_years": 0, "max_exposure_pct": 0.0, "frequency_pct": 0.0, "flood_exclusion": "never_exposed", "distance_to_major_road_m": 1273.9836419438311, "distance_to_major_road_km": 1.2739836419438311, "road_access_band": "1-2km (good)", "distance_to_nearest_exposed_km": 1.4737809826250621, "nearby_exposed_habs": 2.0, "nearby_vulnerable_pop": 1847.0, "amenities_score": 36.8, "suitability_score": 63.68, "suitability_class": "Medium", "capacity_status": "Pending - requires LULC + land area + planning validation", "available_area_ha": null, "max_capacity_persons": null, "capacity_notes": "Carrying capacity calculation requires: (1) NRSC LULC data for land-use classification, (2) Available open land area from LULC + slope analysis, (3) GMDA planning zones and ownership validation, (4) Density assumptions from government norms. NOT CALCULATED - pending these datasets." }, "geometry": { "type": "Polygon", "coordinates": [ [ [ 91.905817721000062, 26.144896421000055 ], [ 91.904292674000033, 26.143932040000038 ], [ 91.90019260400004, 26.140760563000072 ], [ 91.89944749600005, 26.140279276000058 ], [ 91.898631351000063, 26.139793806000057 ], [ 91.897081934000084, 26.139125146000026 ], [ 91.893217546000074, 26.136934714000063 ], [ 91.890973047000045, 26.135668864000024 ], [ 91.889190288000066, 26.134922661000076 ], [ 91.887159944000075, 26.134148359000051 ], [ 91.884951202000082, 26.133386271000063 ], [ 91.883670251000069, 26.132970923000073 ], [ 91.880695539000044, 26.132230347000075 ], [ 91.879237360000047, 26.131954832000076 ], [ 91.877181964000044, 26.131605909000029 ], [ 91.876995345000068, 26.13234170100003 ], [ 91.876890536000076, 26.132674251000026 ], [ 91.876251950000039, 26.13374084000003 ], [ 91.874943334000079, 26.135666762000028 ], [ 91.874577374000069, 26.136101557000075 ], [ 91.873272735000057, 26.137254903000041 ], [ 91.872976695000034, 26.137485273000038 ], [ 91.872600877000082, 26.137680312000043 ], [ 91.871156112000051, 26.138127279000059 ], [ 91.870469511000067, 26.138471963000029 ], [ 91.869764246000045, 26.138896970000076 ], [ 91.868737064000072, 26.139728078000076 ], [ 91.870349669000063, 26.140753590000031 ], [ 91.873527233000061, 26.14272436300007 ], [ 91.875667451000083, 26.143961723000075 ], [ 91.880431255000076, 26.146805895000057 ], [ 91.883204353000053, 26.148412746000076 ], [ 91.885563282000078, 26.149562073000027 ], [ 91.888331419000053, 26.150489908000054 ], [ 91.891600369000059, 26.151647339000078 ], [ 91.893037982000067, 26.151919627000041 ], [ 91.894026809000081, 26.151954107000051 ], [ 91.89539762000004, 26.151884506000044 ], [ 91.896756543000038, 26.151629738000054 ], [ 91.89922444900003, 26.150782650000053 ], [ 91.900745111000049, 26.150338752000039 ], [ 91.902047520000053, 26.149853103000055 ], [ 91.903737117000048, 26.148911665000071 ], [ 91.904026613000042, 26.148680126000045 ], [ 91.904161510000051, 26.14834798000004 ], [ 91.905083504000061, 26.146760229000051 ], [ 91.905648620000079, 26.145569609000063 ], [ 91.905817721000062, 26.144896421000055 ] ] ] } },
{ "type": "Feature", "properties": { "candidate_id": "RC-005", "pc11_tv_id": "303621", "tv_name": "Hajobari N.C.", "TOT_P": 0, "P_06": 0, "P_SC": 0, "P_ST": 0, "elevation_m": 195.0, "slope_deg": 3.4389123953782974, "elevation_band": "100-200m (foothill)", "exposed_years": 0, "max_exposure_pct": 0.0, "frequency_pct": 0.0, "flood_exclusion": "never_exposed", "distance_to_major_road_m": 508.38602332833824, "distance_to_major_road_km": 0.50838602332833827, "road_access_band": "<1km (excellent)", "distance_to_nearest_exposed_km": 0.44340676748143198, "nearby_exposed_habs": 18.0, "nearby_vulnerable_pop": 25350.0, "amenities_score": 0.0, "suitability_score": 63.34, "suitability_class": "Medium", "capacity_status": "Pending - requires LULC + land area + planning validation", "available_area_ha": null, "max_capacity_persons": null, "capacity_notes": "Carrying capacity calculation requires: (1) NRSC LULC data for land-use classification, (2) Available open land area from LULC + slope analysis, (3) GMDA planning zones and ownership validation, (4) Density assumptions from government norms. NOT CALCULATED - pending these datasets." }, "geometry": { "type": "Polygon", "coordinates": [ [ [ 91.955296983000039, 26.215757015000065 ], [ 91.955595586000072, 26.214645612000027 ], [ 91.95569127400006, 26.214423660000023 ], [ 91.95582072600007, 26.21429617900003 ], [ 91.956955862000086, 26.213320724000027 ], [ 91.957180426000036, 26.213189452000051 ], [ 91.957296390000067, 26.213135961000035 ], [ 91.958999848000076, 26.212807192000071 ], [ 91.960461189000057, 26.212457169000061 ], [ 91.96028434200008, 26.211915851000072 ], [ 91.960230381000031, 26.211355195000067 ], [ 91.960297050000065, 26.210517684000024 ], [ 91.960338771000067, 26.210373792000041 ], [ 91.960486083000035, 26.210184898000023 ], [ 91.961807160000035, 26.208948493000037 ], [ 91.961988765000058, 26.208795412000029 ], [ 91.962215661000073, 26.208679551000046 ], [ 91.96333926300008, 26.208234701000038 ], [ 91.964209287000074, 26.207937965000042 ], [ 91.964489289000085, 26.207919245000028 ], [ 91.964619940000034, 26.207926254000029 ], [ 91.966116185000033, 26.208136152000066 ], [ 91.965033112000071, 26.207097670000053 ], [ 91.96336275200008, 26.205618020000031 ], [ 91.962582177000058, 26.205034886000078 ], [ 91.961473664000039, 26.204186743000037 ], [ 91.960983762000069, 26.203942875000052 ], [ 91.960677882000084, 26.203818494000075 ], [ 91.959892633000038, 26.203593692000027 ], [ 91.958338244000061, 26.203091550000067 ], [ 91.955991101000052, 26.20233408100006 ], [ 91.955806829000039, 26.202764306000063 ], [ 91.955736128000069, 26.202855774000056 ], [ 91.955619657000057, 26.202969494000058 ], [ 91.954408189000048, 26.203722999000036 ], [ 91.954207323000048, 26.203825932000029 ], [ 91.953849784000056, 26.20393776800006 ], [ 91.952537172000063, 26.204345971000066 ], [ 91.952348452000081, 26.204359946000068 ], [ 91.951720341000055, 26.204387260000033 ], [ 91.951203734000046, 26.204408011000055 ], [ 91.95064152100008, 26.20441306500004 ], [ 91.950044877000039, 26.20436916400007 ], [ 91.949846150000042, 26.205531592000057 ], [ 91.949865187000057, 26.205722086000037 ], [ 91.949918288000049, 26.205930520000038 ], [ 91.950940324000044, 26.208771723000041 ], [ 91.952368918000047, 26.211975774000052 ], [ 91.952839741000048, 26.213034734000075 ], [ 91.953041123000048, 26.213329994000048 ], [ 91.954190465000067, 26.214640026000041 ], [ 91.954928767000069, 26.215466211000034 ], [ 91.955111515000056, 26.215649402000054 ], [ 91.955296983000039, 26.215757015000065 ] ] ] } },
{ "type": "Feature", "properties": { "candidate_id": "RC-006", "pc11_tv_id": "303485", "tv_name": "Barkuchi N.C.", "TOT_P": 444, "P_06": 49, "P_SC": 17, "P_ST": 352, "elevation_m": 332.0, "slope_deg": 21.938008256074177, "elevation_band": "200-500m (upland)", "exposed_years": 0, "max_exposure_pct": 0.0, "frequency_pct": 0.0, "flood_exclusion": "never_exposed", "distance_to_major_road_m": 2772.0622438628934, "distance_to_major_road_km": 2.7720622438628935, "road_access_band": "2-5km (moderate)", "distance_to_nearest_exposed_km": 0.40649324073967685, "nearby_exposed_habs": 14.0, "nearby_vulnerable_pop": 19012.0, "amenities_score": 18.4, "suitability_score": 62.92, "suitability_class": "Medium", "capacity_status": "Pending - requires LULC + land area + planning validation", "available_area_ha": null, "max_capacity_persons": null, "capacity_notes": "Carrying capacity calculation requires: (1) NRSC LULC data for land-use classification, (2) Available open land area from LULC + slope analysis, (3) GMDA planning zones and ownership validation, (4) Density assumptions from government norms. NOT CALCULATED - pending these datasets." }, "geometry": { "type": "Polygon", "coordinates": [ [ [ 92.014770221000049, 26.094466053000076 ], [ 92.014674102000072, 26.094391765000069 ], [ 92.012257695000073, 26.092249055000025 ], [ 92.011445546000061, 26.091563074000078 ], [ 92.011155710000082, 26.091276525000069 ], [ 92.01075863300008, 26.090995401000043 ], [ 92.009391951000055, 26.090554303000033 ], [ 92.006003554000074, 26.089347501000077 ], [ 92.001875718000065, 26.087737137000033 ], [ 92.001644068000076, 26.087624059000063 ], [ 91.999963218000062, 26.088735281000027 ], [ 91.999663575000056, 26.088923349000027 ], [ 91.998897231000058, 26.089258674000064 ], [ 91.998302739000053, 26.089401643000031 ], [ 91.99796583300008, 26.089497967000057 ], [ 91.997686670000064, 26.089650031000076 ], [ 91.996964300000059, 26.090286062000075 ], [ 91.995158150000066, 26.091823560000023 ], [ 91.996337048000044, 26.092434153000056 ], [ 91.997378824000066, 26.092891937000047 ], [ 91.997791088000042, 26.093071012000053 ], [ 91.998600736000071, 26.093649338000034 ], [ 92.001090213000055, 26.095281326000077 ], [ 92.002204993000078, 26.096217723000052 ], [ 92.003412852000054, 26.097223427000074 ], [ 92.004751762000069, 26.098155227000063 ], [ 92.005511785000067, 26.098676935000071 ], [ 92.006018124000036, 26.099356743000044 ], [ 92.006809341000064, 26.100296127000036 ], [ 92.007558025000037, 26.101362218000077 ], [ 92.007921578000037, 26.102215439000076 ], [ 92.008577758000058, 26.103695049000066 ], [ 92.008762875000059, 26.103984208000043 ], [ 92.009125603000086, 26.103917652000064 ], [ 92.00995782800004, 26.103520941000056 ], [ 92.010429718000069, 26.103162226000052 ], [ 92.010701272000063, 26.102834189000077 ], [ 92.011273851000055, 26.101805508000041 ], [ 92.013089510000043, 26.098388230000069 ], [ 92.014128718000052, 26.096183790000055 ], [ 92.014565505000064, 26.095013497000025 ], [ 92.014770221000049, 26.094466053000076 ] ] ] } },
{ "type": "Feature", "properties": { "candidate_id": "RC-007", "pc11_tv_id": "303602", "tv_name": "Thakurkuchi Gaon", "TOT_P": 532, "P_06": 55, "P_SC": 0, "P_ST": 257, "elevation_m": 160.0, "slope_deg": 15.503408837548553, "elevation_band": "100-200m (foothill)", "exposed_years": 0, "max_exposure_pct": 0.0, "frequency_pct": 0.0, "flood_exclusion": "never_exposed", "distance_to_major_road_m": 552.63561252919374, "distance_to_major_road_km": 0.55263561252919369, "road_access_band": "<1km (excellent)", "distance_to_nearest_exposed_km": 0.4324629268471431, "nearby_exposed_habs": 16.0, "nearby_vulnerable_pop": 19522.0, "amenities_score": 34.2, "suitability_score": 62.85, "suitability_class": "Medium", "capacity_status": "Pending - requires LULC + land area + planning validation", "available_area_ha": null, "max_capacity_persons": null, "capacity_notes": "Carrying capacity calculation requires: (1) NRSC LULC data for land-use classification, (2) Available open land area from LULC + slope analysis, (3) GMDA planning zones and ownership validation, (4) Density assumptions from government norms. NOT CALCULATED - pending these datasets." }, "geometry": { "type": "Polygon", "coordinates": [ [ [ 91.926277416000062, 26.21800670600004 ], [ 91.926550563000035, 26.218296671000076 ], [ 91.927448305000041, 26.218999690000032 ], [ 91.928027218000068, 26.219402783000078 ], [ 91.928686177000031, 26.21972312500003 ], [ 91.929818372000057, 26.220285926000031 ], [ 91.931644726000059, 26.22107724500006 ], [ 91.932489201000067, 26.221415122000053 ], [ 91.934655107000083, 26.222046936000027 ], [ 91.937362479000058, 26.222766701000069 ], [ 91.938737542000069, 26.223147414000039 ], [ 91.940339468000047, 26.223606572000051 ], [ 91.942628977000084, 26.224336116000075 ], [ 91.944398658000068, 26.224954695000065 ], [ 91.944503169000086, 26.224994170000059 ], [ 91.945857367000031, 26.224566541000058 ], [ 91.946306676000063, 26.224359205000042 ], [ 91.946379089000061, 26.224348399000064 ], [ 91.946492246000048, 26.224354682000069 ], [ 91.946573704000059, 26.22439281100003 ], [ 91.947069225000064, 26.224827319000042 ], [ 91.947094969000034, 26.224486883000054 ], [ 91.947107403000075, 26.224094191000063 ], [ 91.947233038000036, 26.222932960000037 ], [ 91.947628892000068, 26.219784792000041 ], [ 91.947764315000086, 26.218143480000037 ], [ 91.947774034000076, 26.217758920000051 ], [ 91.947758187000034, 26.217501179000067 ], [ 91.947447655000076, 26.215883897000026 ], [ 91.947019712000042, 26.215936163000038 ], [ 91.946604154000056, 26.216008 ], [ 91.945336327000064, 26.215908587000058 ], [ 91.945162112000048, 26.215879476000055 ], [ 91.945022544000039, 26.21580149600004 ], [ 91.944862455000077, 26.215638486000046 ], [ 91.944162409000057, 26.215066396000054 ], [ 91.943748529000061, 26.214734466000039 ], [ 91.94324563400005, 26.214491977000023 ], [ 91.942798715000038, 26.214337554000053 ], [ 91.942550582000081, 26.214290783000024 ], [ 91.942129359000035, 26.214214631000061 ], [ 91.941139698000086, 26.214065147000042 ], [ 91.94019584800003, 26.214084802000059 ], [ 91.939569118000065, 26.214121480000074 ], [ 91.938756483000077, 26.21428843700005 ], [ 91.938610114000085, 26.214307404000067 ], [ 91.938511498000082, 26.214366277000067 ], [ 91.938452684000083, 26.214409614000033 ], [ 91.938324969000064, 26.21458859300003 ], [ 91.937006757000063, 26.218298116000028 ], [ 91.936960250000084, 26.218346078000025 ], [ 91.936874885000066, 26.218406593000054 ], [ 91.936798296000063, 26.218423801000029 ], [ 91.936674825000068, 26.218416195000032 ], [ 91.934429339000076, 26.218042291000074 ], [ 91.933569150000039, 26.21787841400004 ], [ 91.933507400000053, 26.217874511000048 ], [ 91.933399438000038, 26.217882648000057 ], [ 91.933314029000087, 26.217936103000056 ], [ 91.932912569000052, 26.218818307000049 ], [ 91.932818138000073, 26.218923016000076 ], [ 91.932717422000053, 26.219026325000073 ], [ 91.932585448000054, 26.21911269800006 ], [ 91.93244603800008, 26.219206571000029 ], [ 91.932182442000055, 26.219343426000023 ], [ 91.932043250000049, 26.219415367000067 ], [ 91.93188073500005, 26.219420030000038 ], [ 91.931689069000072, 26.219407884000077 ], [ 91.930194633000042, 26.219137290000049 ], [ 91.928123721000077, 26.218542974000059 ], [ 91.926660962000085, 26.21803922600003 ], [ 91.926431281000077, 26.218002573000035 ], [ 91.926277416000062, 26.21800670600004 ] ] ] } },
{ "type": "Feature", "properties": { "candidate_id": "RC-008", "pc11_tv_id": "303520", "tv_name": "Gomaria Pathar", "TOT_P": 844, "P_06": 90, "P_SC": 147, "P_ST": 184, "elevation_m": 132.0, "slope_deg": 12.53638838286113, "elevation_band": "100-200m (foothill)", "exposed_years": 0, "max_exposure_pct": 0.0, "frequency_pct": 0.0, "flood_exclusion": "never_exposed", "distance_to_major_road_m": 725.76258893207535, "distance_to_major_road_km": 0.72576258893207535, "road_access_band": "<1km (excellent)", "distance_to_nearest_exposed_km": 0.39949534882900428, "nearby_exposed_habs": 27.0, "nearby_vulnerable_pop": 26949.0, "amenities_score": 36.8, "suitability_score": 62.32, "suitability_class": "Medium", "capacity_status": "Pending - requires LULC + land area + planning validation", "available_area_ha": null, "max_capacity_persons": null, "capacity_notes": "Carrying capacity calculation requires: (1) NRSC LULC data for land-use classification, (2) Available open land area from LULC + slope analysis, (3) GMDA planning zones and ownership validation, (4) Density assumptions from government norms. NOT CALCULATED - pending these datasets." }, "geometry": { "type": "Polygon", "coordinates": [ [ [ 92.014694688000077, 26.165997953000044 ], [ 92.016722779000077, 26.168111929000077 ], [ 92.017356199000062, 26.168622251000045 ], [ 92.017823823000072, 26.168863667000039 ], [ 92.01813293500004, 26.16897364600004 ], [ 92.019305845000076, 26.169496421000076 ], [ 92.020289998000067, 26.169677056000069 ], [ 92.020816692000039, 26.169675639000047 ], [ 92.021118698000066, 26.169635332000041 ], [ 92.022642128000086, 26.169221053000058 ], [ 92.023523647000047, 26.168897407000031 ], [ 92.024076315000059, 26.168673887000068 ], [ 92.024437164000062, 26.168424678000065 ], [ 92.024711373000059, 26.16820867000007 ], [ 92.025000012000078, 26.167830655000046 ], [ 92.025254289000031, 26.167509116000076 ], [ 92.025611966000042, 26.16698089700003 ], [ 92.024698670000078, 26.166082634000077 ], [ 92.024523342000066, 26.16577828800007 ], [ 92.024329051000052, 26.165404352000053 ], [ 92.023954676000074, 26.164912607000076 ], [ 92.023019257000044, 26.164098625000065 ], [ 92.022312514000077, 26.163600836000057 ], [ 92.020899520000057, 26.162788281000076 ], [ 92.020380276000083, 26.162478513000053 ], [ 92.019962572000054, 26.162402464000024 ], [ 92.018952303000049, 26.162350914000058 ], [ 92.018264091000049, 26.162416314000041 ], [ 92.017701283000065, 26.162420558000065 ], [ 92.017404866000049, 26.162472164000064 ], [ 92.017000678000045, 26.162594931000058 ], [ 92.016591902000073, 26.162860821000038 ], [ 92.016302175000078, 26.163171495000029 ], [ 92.015648271000032, 26.164097922000053 ], [ 92.01497450100004, 26.165363658000047 ], [ 92.014694688000077, 26.165997953000044 ] ] ] } },
{ "type": "Feature", "properties": { "candidate_id": "RC-009", "pc11_tv_id": "303612", "tv_name": "2 No. Khankar", "TOT_P": 131, "P_06": 23, "P_SC": 0, "P_ST": 7, "elevation_m": 278.0, "slope_deg": 15.819193947500141, "elevation_band": "200-500m (upland)", "exposed_years": 0, "max_exposure_pct": 0.0, "frequency_pct": 0.0, "flood_exclusion": "never_exposed", "distance_to_major_road_m": 1794.5992364509941, "distance_to_major_road_km": 1.7945992364509942, "road_access_band": "1-2km (good)", "distance_to_nearest_exposed_km": 0.46142755416152292, "nearby_exposed_habs": 8.0, "nearby_vulnerable_pop": 9867.0, "amenities_score": 0.0, "suitability_score": 61.39, "suitability_class": "Medium", "capacity_status": "Pending - requires LULC + land area + planning validation", "available_area_ha": null, "max_capacity_persons": null, "capacity_notes": "Carrying capacity calculation requires: (1) NRSC LULC data for land-use classification, (2) Available open land area from LULC + slope analysis, (3) GMDA planning zones and ownership validation, (4) Density assumptions from government norms. NOT CALCULATED - pending these datasets." }, "geometry": { "type": "Polygon", "coordinates": [ [ [ 91.89256636600004, 26.204121493000059 ], [ 91.895484992000036, 26.205313224000065 ], [ 91.897069765000083, 26.205887326000038 ], [ 91.898388041000032, 26.206495107000023 ], [ 91.901181963000056, 26.207853096000065 ], [ 91.902742699000044, 26.208466152000028 ], [ 91.903714247000039, 26.208876367000073 ], [ 91.904293407000068, 26.209116264000045 ], [ 91.904778354000086, 26.209450649000075 ], [ 91.906135421000045, 26.210358958000029 ], [ 91.906634093000037, 26.210142504000032 ], [ 91.906856660000074, 26.210012867000046 ], [ 91.906964762000086, 26.209902576000047 ], [ 91.907028316000037, 26.209772814000075 ], [ 91.907127218000085, 26.20852609700006 ], [ 91.907212208000033, 26.208230276000052 ], [ 91.907322634000082, 26.208011557000077 ], [ 91.907981316000075, 26.206809429000032 ], [ 91.908446896000044, 26.205959633000077 ], [ 91.90862661500006, 26.205760745000077 ], [ 91.908953943000085, 26.205587234000063 ], [ 91.910351810000066, 26.204915592000077 ], [ 91.910901158000058, 26.204631604000042 ], [ 91.910272854000084, 26.203627753000035 ], [ 91.910243638000054, 26.20348259900004 ], [ 91.910037573000068, 26.203466770000034 ], [ 91.909782532000065, 26.20340133600007 ], [ 91.909572802000071, 26.203313628000046 ], [ 91.908569208000074, 26.202680887000042 ], [ 91.90774760100004, 26.202221417000032 ], [ 91.907217466000077, 26.201741756000047 ], [ 91.90575590800006, 26.200361932000078 ], [ 91.904263340000057, 26.19911453900005 ], [ 91.903033992000076, 26.198095629000079 ], [ 91.902764556000079, 26.197913237000023 ], [ 91.902528621000044, 26.197808304000034 ], [ 91.90231784100007, 26.197780375000036 ], [ 91.901656938000031, 26.197712185000057 ], [ 91.900264033000042, 26.197497288000079 ], [ 91.899602930000071, 26.197429867000039 ], [ 91.899408272000073, 26.197420025000042 ], [ 91.899213752000037, 26.197444044000065 ], [ 91.898901433000049, 26.197545744000024 ], [ 91.898052712000037, 26.19781669200006 ], [ 91.896929099000033, 26.198132086000044 ], [ 91.896607381000081, 26.198259494000069 ], [ 91.896174414000086, 26.198558523000031 ], [ 91.895196528000042, 26.199336211000059 ], [ 91.894808886000078, 26.199603765000063 ], [ 91.894698471000083, 26.199741578000044 ], [ 91.894464603000074, 26.200440960000037 ], [ 91.894317127000079, 26.200964528000043 ], [ 91.894150063000041, 26.201217814000074 ], [ 91.893843487000083, 26.201707793000026 ], [ 91.892955044000075, 26.202973367000027 ], [ 91.892528955000046, 26.203600453000035 ], [ 91.89249910400008, 26.203692360000048 ], [ 91.892496459000085, 26.203784569000049 ], [ 91.89256636600004, 26.204121493000059 ] ] ] } },
{ "type": "Feature", "properties": { "candidate_id": "RC-010", "pc11_tv_id": "303469", "tv_name": "Loflong N.C.", "TOT_P": 518, "P_06": 54, "P_SC": 0, "P_ST": 367, "elevation_m": 137.0, "slope_deg": 8.9356314254185349, "elevation_band": "100-200m (foothill)", "exposed_years": 0, "max_exposure_pct": 0.0, "frequency_pct": 0.0, "flood_exclusion": "never_exposed", "distance_to_major_road_m": 496.55559670586428, "distance_to_major_road_km": 0.4965555967058643, "road_access_band": "<1km (excellent)", "distance_to_nearest_exposed_km": 0.23200956283197641, "nearby_exposed_habs": 22.0, "nearby_vulnerable_pop": 29223.0, "amenities_score": 18.4, "suitability_score": 60.46, "suitability_class": "Medium", "capacity_status": "Pending - requires LULC + land area + planning validation", "available_area_ha": null, "max_capacity_persons": null, "capacity_notes": "Carrying capacity calculation requires: (1) NRSC LULC data for land-use classification, (2) Available open land area from LULC + slope analysis, (3) GMDA planning zones and ownership validation, (4) Density assumptions from government norms. NOT CALCULATED - pending these datasets." }, "geometry": { "type": "Polygon", "coordinates": [ [ [ 91.947083440000085, 26.102755588000036 ], [ 91.947308898000074, 26.103184386000066 ], [ 91.947535102000074, 26.103631028000052 ], [ 91.947577380000041, 26.103733711000075 ], [ 91.947740336000038, 26.103861176000066 ], [ 91.947874313000057, 26.103957060000027 ], [ 91.94821190600004, 26.104087603000039 ], [ 91.948819822000075, 26.104313241000057 ], [ 91.950077030000045, 26.105029107000064 ], [ 91.951332011000034, 26.105894548000038 ], [ 91.951572570000053, 26.105958651000037 ], [ 91.951815193000073, 26.105994564000071 ], [ 91.952096355000037, 26.106013907000033 ], [ 91.952342886000054, 26.10589746100004 ], [ 91.952610512000035, 26.105844124000043 ], [ 91.95316203200008, 26.105918407000047 ], [ 91.953450204000035, 26.105938188000039 ], [ 91.953854432000071, 26.106048692000059 ], [ 91.954577943000061, 26.106583451000063 ], [ 91.954456270000037, 26.105496286000061 ], [ 91.954294868000034, 26.104726194000023 ], [ 91.954122547000054, 26.104202235000059 ], [ 91.953783814000076, 26.103571671000054 ], [ 91.952328520000037, 26.101397309000049 ], [ 91.952001405000033, 26.10094151800007 ], [ 91.951394374000074, 26.100428487000045 ], [ 91.950099857000055, 26.099537373000032 ], [ 91.949761522000074, 26.099331052000025 ], [ 91.949289201000056, 26.099210481000057 ], [ 91.948148271000036, 26.09893476700006 ], [ 91.94764346900007, 26.100085965000062 ], [ 91.947200353000085, 26.101356373000044 ], [ 91.947080268000036, 26.101747672000045 ], [ 91.94705752200008, 26.102146585000071 ], [ 91.947047952000048, 26.102532749000034 ], [ 91.947083440000085, 26.102755588000036 ] ] ] } },
{ "type": "Feature", "properties": { "candidate_id": "RC-011", "pc11_tv_id": "303615", "tv_name": "Bonda", "TOT_P": 4210, "P_06": 428, "P_SC": 132, "P_ST": 596, "elevation_m": 167.0, "slope_deg": 17.752790161946685, "elevation_band": "100-200m (foothill)", "exposed_years": 0, "max_exposure_pct": 0.0, "frequency_pct": 0.0, "flood_exclusion": "never_exposed", "distance_to_major_road_m": 1707.5109544829581, "distance_to_major_road_km": 1.7075109544829581, "road_access_band": "1-2km (good)", "distance_to_nearest_exposed_km": 0.75503357759434087, "nearby_exposed_habs": 5.0, "nearby_vulnerable_pop": 9635.0, "amenities_score": 36.8, "suitability_score": 60.27, "suitability_class": "Medium", "capacity_status": "Pending - requires LULC + land area + planning validation", "available_area_ha": null, "max_capacity_persons": null, "capacity_notes": "Carrying capacity calculation requires: (1) NRSC LULC data for land-use classification, (2) Available open land area from LULC + slope analysis, (3) GMDA planning zones and ownership validation, (4) Density assumptions from government norms. NOT CALCULATED - pending these datasets." }, "geometry": { "type": "Polygon", "coordinates": [ [ [ 91.862235973000054, 26.172964110000052 ], [ 91.862470304000084, 26.168907355000037 ], [ 91.862486552000092, 26.168542528000049 ], [ 91.86244914400001, 26.168234402000046 ], [ 91.86174404700003, 26.16586175900002 ], [ 91.861232921000095, 26.165877614000088 ], [ 91.860491185000015, 26.16590804100003 ], [ 91.859175790000066, 26.166119232 ], [ 91.856642257000061, 26.166289094000028 ], [ 91.853753591000057, 26.166409539000046 ], [ 91.852550293000064, 26.166389345000063 ], [ 91.851357302000025, 26.166320825000078 ], [ 91.849393836000019, 26.166118745000055 ], [ 91.848396836145156, 26.166031847192084 ], [ 91.848365173713816, 26.166075603706229 ], [ 91.848300594297072, 26.166106971159842 ], [ 91.848185898360583, 26.166133789842583 ], [ 91.848055473281505, 26.166140411550831 ], [ 91.847852076312364, 26.16611823067192 ], [ 91.84719258636882, 26.165991431659297 ], [ 91.846839436091173, 26.165924043659761 ], [ 91.846500871917769, 26.16576074386332 ], [ 91.846062027940349, 26.165589805225409 ], [ 91.845913155068089, 26.165548567712271 ], [ 91.845707560155887, 26.165547034368242 ], [ 91.845453170727254, 26.165593316178715 ], [ 91.845274516805546, 26.165655219213058 ], [ 91.845151966190386, 26.165746585836303 ], [ 91.845035385274883, 26.165882089386994 ], [ 91.844964310054962, 26.166029910052391 ], [ 91.84495861914499, 26.166134063236512 ], [ 91.844957227893786, 26.166313371864636 ], [ 91.844988786903059, 26.16658203173543 ], [ 91.845049879648315, 26.166694617862429 ], [ 91.845153308878125, 26.166859576008683 ], [ 91.845257303781565, 26.166956442885603 ], [ 91.845391417879711, 26.167040519604345 ], [ 91.845485645246413, 26.16708526986935 ], [ 91.846134406277883, 26.167190456374456 ], [ 91.846961498374569, 26.167337945190106 ], [ 91.847395299853218, 26.167435289606988 ], [ 91.847631210911729, 26.167501788177017 ], [ 91.847814647428109, 26.167607880299482 ], [ 91.848008225599202, 26.167741176014481 ], [ 91.848139435786351, 26.167882848914381 ], [ 91.848253455432612, 26.168032363902505 ], [ 91.848476870411304, 26.168827123572935 ], [ 91.848493025832482, 26.16910368398786 ], [ 91.848485988637577, 26.169239774795816 ], [ 91.848460897552457, 26.169318579688738 ], [ 91.848415197603387, 26.169369109896579 ], [ 91.848346232192938, 26.16942237674138 ], [ 91.848116540845751, 26.169554917925186 ], [ 91.847886434911089, 26.169694516988429 ], [ 91.847800536165906, 26.169789675153421 ], [ 91.847761240289032, 26.16989835102812 ], [ 91.847743850997972, 26.170091329351397 ], [ 91.847695515135982, 26.170374024041987 ], [ 91.847605270866595, 26.170552176142081 ], [ 91.847433632556189, 26.170737471557093 ], [ 91.847002515553726, 26.170994195625674 ], [ 91.846280168395111, 26.171360457119519 ], [ 91.846064468700291, 26.171437553300514 ], [ 91.84600141992965, 26.171495009187407 ], [ 91.846001840812349, 26.171527015159679 ], [ 91.846030368207025, 26.171565264225549 ], [ 91.846121739326847, 26.171610066651319 ], [ 91.84626995479465, 26.171675394304028 ], [ 91.846699291139444, 26.171842407401247 ], [ 91.847190920824403, 26.17192530780672 ], [ 91.848465979621352, 26.172063531806611 ], [ 91.84924041911016, 26.172169239019283 ], [ 91.85070560987603, 26.172427788711516 ], [ 91.851571602147786, 26.172610182014378 ], [ 91.852621450919258, 26.172705553318654 ], [ 91.854290836353059, 26.172932844375296 ], [ 91.85513168268109, 26.173077343844398 ], [ 91.856147707051065, 26.173357452984103 ], [ 91.856979215000052, 26.173221324000018 ], [ 91.858198948000066, 26.173098941000017 ], [ 91.860696915000077, 26.172946217000082 ], [ 91.862235973000054, 26.172964110000052 ] ] ] } },
{ "type": "Feature", "properties": { "candidate_id": "RC-012", "pc11_tv_id": "303471", "tv_name": "Sonai N.C.", "TOT_P": 359, "P_06": 104, "P_SC": 5, "P_ST": 125, "elevation_m": 145.0, "slope_deg": 5.5507182121273235, "elevation_band": "100-200m (foothill)", "exposed_years": 0, "max_exposure_pct": 0.0, "frequency_pct": 0.0, "flood_exclusion": "never_exposed", "distance_to_major_road_m": 1705.4976267808458, "distance_to_major_road_km": 1.7054976267808459, "road_access_band": "1-2km (good)", "distance_to_nearest_exposed_km": 1.0023201305187908, "nearby_exposed_habs": 14.0, "nearby_vulnerable_pop": 13133.0, "amenities_score": 18.4, "suitability_score": 60.1, "suitability_class": "Medium", "capacity_status": "Pending - requires LULC + land area + planning validation", "available_area_ha": null, "max_capacity_persons": null, "capacity_notes": "Carrying capacity calculation requires: (1) NRSC LULC data for land-use classification, (2) Available open land area from LULC + slope analysis, (3) GMDA planning zones and ownership validation, (4) Density assumptions from government norms. NOT CALCULATED - pending these datasets." }, "geometry": { "type": "Polygon", "coordinates": [ [ [ 91.895001740000055, 26.100132385000052 ], [ 91.896138748000055, 26.100941717000069 ], [ 91.897837439000057, 26.102150609000034 ], [ 91.899976622000054, 26.103661744000078 ], [ 91.901607140000067, 26.104844250000042 ], [ 91.902936836000038, 26.10563581100007 ], [ 91.905481457000064, 26.107127044000038 ], [ 91.907171179000045, 26.108004402000063 ], [ 91.908002366000062, 26.108351327000037 ], [ 91.91076817000004, 26.109054664000041 ], [ 91.915137124000069, 26.11013446000004 ], [ 91.915855308000062, 26.110261342000058 ], [ 91.91700521000007, 26.110366228000032 ], [ 91.917812069000036, 26.110331252000037 ], [ 91.919640207000043, 26.109839155000031 ], [ 91.921866722000061, 26.108984398000075 ], [ 91.923603988000082, 26.108376385000042 ], [ 91.924160339000082, 26.108220950000032 ], [ 91.925119607000056, 26.108035315000052 ], [ 91.925461259000031, 26.10802103900005 ], [ 91.925810335000051, 26.107929962000071 ], [ 91.926069122000058, 26.107268273000045 ], [ 91.92772700900008, 26.104042285000048 ], [ 91.929210081000065, 26.101432976000069 ], [ 91.929476396000041, 26.100899096000035 ], [ 91.929744505000031, 26.100180600000044 ], [ 91.930417962000035, 26.098178666000024 ], [ 91.930611622000072, 26.097453317000031 ], [ 91.930974908000053, 26.09477042900005 ], [ 91.931154584000069, 26.093578327000046 ], [ 91.931193388000054, 26.091538082000056 ], [ 91.931108944000073, 26.089683370000046 ], [ 91.930813846000035, 26.089668916000051 ], [ 91.927865861000043, 26.089397313000063 ], [ 91.926151233000041, 26.089158832000066 ], [ 91.925109878000058, 26.088938303000077 ], [ 91.923352967000085, 26.088546381000072 ], [ 91.923010624000085, 26.088473886000031 ], [ 91.921369673000072, 26.08838058200007 ], [ 91.919894408000062, 26.088286005000043 ], [ 91.917792560000066, 26.088001576000067 ], [ 91.916164132000063, 26.087835224000059 ], [ 91.915871994000042, 26.087804564000066 ], [ 91.915136836000045, 26.087482990000069 ], [ 91.914491363000081, 26.087105390000033 ], [ 91.914415785000074, 26.086987591000025 ], [ 91.914340938000066, 26.086795456000061 ], [ 91.914356503000079, 26.086584406000043 ], [ 91.914837261000059, 26.085561762000054 ], [ 91.91551264900005, 26.084393995000028 ], [ 91.91081186100007, 26.083068031000039 ], [ 91.904864879000058, 26.081447015000037 ], [ 91.901952178000045, 26.080453254000076 ], [ 91.901664799000059, 26.080934035000041 ], [ 91.90137493800006, 26.081649523000067 ], [ 91.90085595100004, 26.082569644000046 ], [ 91.900500907000037, 26.083151373000078 ], [ 91.900308634000055, 26.083613231000072 ], [ 91.900078830000041, 26.084900730000072 ], [ 91.899838689000035, 26.086622908000038 ], [ 91.899482427000066, 26.088187280000056 ], [ 91.898843513000031, 26.090485916000034 ], [ 91.898505555000042, 26.091843332000053 ], [ 91.898406083000054, 26.092317752000042 ], [ 91.898319916000048, 26.092513097000051 ], [ 91.89811919400006, 26.092740217000028 ], [ 91.897812438000074, 26.092978629000072 ], [ 91.897181367000087, 26.094227042000057 ], [ 91.896798978000049, 26.095428835000064 ], [ 91.896289998000043, 26.096935943000062 ], [ 91.896138954000037, 26.098024722000048 ], [ 91.895963506000044, 26.098545890000025 ], [ 91.895646993000071, 26.099189663000061 ], [ 91.895424947000038, 26.09964737100006 ], [ 91.895001740000055, 26.100132385000052 ] ] ] } },
{ "type": "Feature", "properties": { "candidate_id": "RC-013", "pc11_tv_id": "303576", "tv_name": "Topatoli N.C.", "TOT_P": 437, "P_06": 68, "P_SC": 15, "P_ST": 120, "elevation_m": 110.0, "slope_deg": 6.0914780020797687, "elevation_band": "100-200m (foothill)", "exposed_years": 0, "max_exposure_pct": 0.0, "frequency_pct": 0.0, "flood_exclusion": "never_exposed", "distance_to_major_road_m": 271.24084683660408, "distance_to_major_road_km": 0.2712408468366041, "road_access_band": "<1km (excellent)", "distance_to_nearest_exposed_km": 0.8724895598084712, "nearby_exposed_habs": 8.0, "nearby_vulnerable_pop": 12972.0, "amenities_score": 18.4, "suitability_score": 59.83, "suitability_class": "Medium", "capacity_status": "Pending - requires LULC + land area + planning validation", "available_area_ha": null, "max_capacity_persons": null, "capacity_notes": "Carrying capacity calculation requires: (1) NRSC LULC data for land-use classification, (2) Available open land area from LULC + slope analysis, (3) GMDA planning zones and ownership validation, (4) Density assumptions from government norms. NOT CALCULATED - pending these datasets." }, "geometry": { "type": "Polygon", "coordinates": [ [ [ 92.174549527139064, 26.101758872573917 ], [ 92.174965399733466, 26.096373236635635 ], [ 92.175561866986655, 26.089340201888874 ], [ 92.175773913635254, 26.088324537247683 ], [ 92.175977569609202, 26.087804117566023 ], [ 92.176412542904629, 26.086689269394288 ], [ 92.177771638850103, 26.083313132595006 ], [ 92.178304569000687, 26.082160484119051 ], [ 92.178440843270337, 26.081598413236236 ], [ 92.178514898843559, 26.080938018574702 ], [ 92.178548740332104, 26.080497863385784 ], [ 92.178695935968761, 26.079203140912284 ], [ 92.175323173000038, 26.079670546000074 ], [ 92.172372305000039, 26.079837167000093 ], [ 92.167623003000102, 26.080126587000059 ], [ 92.164737612000096, 26.080436682000048 ], [ 92.163453109000045, 26.080697289000028 ], [ 92.162754011000033, 26.080816497000033 ], [ 92.162209803000025, 26.081075958 ], [ 92.159676383000019, 26.082190387000022 ], [ 92.157596172000041, 26.083290779000031 ], [ 92.157741645000073, 26.086100225000049 ], [ 92.157751785000031, 26.089870361000063 ], [ 92.157754938000025, 26.091297398 ], [ 92.158784985000068, 26.092240073000024 ], [ 92.159779259000089, 26.093331365000079 ], [ 92.160835946000049, 26.094562598999989 ], [ 92.162172670000061, 26.096179605000021 ], [ 92.163244818000038, 26.098002649000048 ], [ 92.164141872000101, 26.099316673000057 ], [ 92.164929138000048, 26.100024952000041 ], [ 92.167347953000075, 26.10194165200009 ], [ 92.1687232190001, 26.102968684000068 ], [ 92.16935285200006, 26.10355724 ], [ 92.170180279000036, 26.104450296 ], [ 92.170713732000124, 26.104954897 ], [ 92.17133854100004, 26.10528581400003 ], [ 92.17193534700003, 26.105514633000045 ], [ 92.172537979000069, 26.105605668000027 ], [ 92.173849564106192, 26.105891755600126 ], [ 92.174058018862496, 26.105373400761874 ], [ 92.174253744614717, 26.104443480182489 ], [ 92.17440155988416, 26.103513754756065 ], [ 92.174510920142879, 26.102435390281105 ], [ 92.174549527139064, 26.101758872573917 ] ] ] } },
{ "type": "Feature", "properties": { "candidate_id": "RC-014", "pc11_tv_id": "303521", "tv_name": "Bargog N.C.", "TOT_P": 345, "P_06": 41, "P_SC": 14, "P_ST": 125, "elevation_m": 237.0, "slope_deg": 23.490416068641593, "elevation_band": "200-500m (upland)", "exposed_years": 0, "max_exposure_pct": 0.0, "frequency_pct": 0.0, "flood_exclusion": "never_exposed", "distance_to_major_road_m": 1342.3284524878165, "distance_to_major_road_km": 1.3423284524878165, "road_access_band": "1-2km (good)", "distance_to_nearest_exposed_km": 0.49115925236415531, "nearby_exposed_habs": 24.0, "nearby_vulnerable_pop": 28183.0, "amenities_score": 18.4, "suitability_score": 59.72, "suitability_class": "Medium", "capacity_status": "Pending - requires LULC + land area + planning validation", "available_area_ha": null, "max_capacity_persons": null, "capacity_notes": "Carrying capacity calculation requires: (1) NRSC LULC data for land-use classification, (2) Available open land area from LULC + slope analysis, (3) GMDA planning zones and ownership validation, (4) Density assumptions from government norms. NOT CALCULATED - pending these datasets." }, "geometry": { "type": "Polygon", "coordinates": [ [ [ 92.011608629000079, 26.176877232000038 ], [ 92.011852950000048, 26.177611450000029 ], [ 92.012215358000049, 26.178986057000031 ], [ 92.012666698000032, 26.180805952000071 ], [ 92.01303190200008, 26.182699110000044 ], [ 92.013279542000078, 26.184651919000032 ], [ 92.013376461000064, 26.186780175000024 ], [ 92.013444253000046, 26.187088574000029 ], [ 92.013435021000078, 26.187208837000071 ], [ 92.013365893000071, 26.18731989500003 ], [ 92.013275561000057, 26.187405867000052 ], [ 92.013087490000032, 26.187439729000062 ], [ 92.012810887000057, 26.187500771000032 ], [ 92.013049615000057, 26.187869898000031 ], [ 92.013773772000036, 26.18913210900007 ], [ 92.014409474000047, 26.189917456000046 ], [ 92.015219215000059, 26.191096139000024 ], [ 92.015450584000064, 26.19094719800006 ], [ 92.015698114000031, 26.190718534000041 ], [ 92.016120882000052, 26.190229835000025 ], [ 92.016561060000072, 26.189358363000053 ], [ 92.016728233000038, 26.188847997000039 ], [ 92.017093817000045, 26.187438172000043 ], [ 92.017225259000043, 26.186858631000064 ], [ 92.017383112000061, 26.184086358000059 ], [ 92.017526603000078, 26.182882437000046 ], [ 92.018013619000044, 26.180445409000072 ], [ 92.018221369000059, 26.179866295000068 ], [ 92.018884034000052, 26.178620054000078 ], [ 92.020553322000069, 26.175782613000024 ], [ 92.021689932000072, 26.173965646000056 ], [ 92.022006009000052, 26.173573109000074 ], [ 92.02226898400005, 26.173366005000048 ], [ 92.022929228000066, 26.172979445000067 ], [ 92.024663029000067, 26.171918895000033 ], [ 92.025214633000076, 26.171353488000022 ], [ 92.025460593000048, 26.171000312000047 ], [ 92.02576986300005, 26.170605179000063 ], [ 92.026005571000042, 26.170409805000077 ], [ 92.026231569000061, 26.170305025000062 ], [ 92.026541660000078, 26.170193256000061 ], [ 92.027516525000067, 26.169885561000058 ], [ 92.027112419000048, 26.16921768900005 ], [ 92.026137928000082, 26.167823701000032 ], [ 92.025611966000042, 26.16698089700003 ], [ 92.025254289000031, 26.167509116000076 ], [ 92.025000012000078, 26.167830655000046 ], [ 92.024711373000059, 26.16820867000007 ], [ 92.024437164000062, 26.168424678000065 ], [ 92.024076315000059, 26.168673887000068 ], [ 92.023523647000047, 26.168897407000031 ], [ 92.022642128000086, 26.169221053000058 ], [ 92.021118698000066, 26.169635332000041 ], [ 92.020816692000039, 26.169675639000047 ], [ 92.020289998000067, 26.169677056000069 ], [ 92.019305845000076, 26.169496421000076 ], [ 92.01813293500004, 26.16897364600004 ], [ 92.017823823000072, 26.168863667000039 ], [ 92.017356199000062, 26.168622251000045 ], [ 92.016722779000077, 26.168111929000077 ], [ 92.014694688000077, 26.165997953000044 ], [ 92.014553042000045, 26.166515143000026 ], [ 92.014477070000055, 26.167472570000029 ], [ 92.014447988000086, 26.167795 ], [ 92.014205506000053, 26.168533211000067 ], [ 92.01390742500007, 26.169843855000067 ], [ 92.013713741000061, 26.171355800000072 ], [ 92.013672038000038, 26.171816977000049 ], [ 92.013533482000071, 26.172264602000041 ], [ 92.013353768000059, 26.172653259000072 ], [ 92.013130334000039, 26.173109819000047 ], [ 92.012848678000069, 26.174284942000043 ], [ 92.012315328000057, 26.175752873000079 ], [ 92.012201943000036, 26.17607283500007 ], [ 92.011925199000075, 26.176516281000033 ], [ 92.011608629000079, 26.176877232000038 ] ] ] } },
{ "type": "Feature", "properties": { "candidate_id": "RC-015", "pc11_tv_id": "303465", "tv_name": "Maragdala", "TOT_P": 95, "P_06": 11, "P_SC": 0, "P_ST": 0, "elevation_m": 201.0, "slope_deg": 19.12710170142385, "elevation_band": "200-500m (upland)", "exposed_years": 0, "max_exposure_pct": 0.0, "frequency_pct": 0.0, "flood_exclusion": "never_exposed", "distance_to_major_road_m": 590.96839780367623, "distance_to_major_road_km": 0.59096839780367627, "road_access_band": "<1km (excellent)", "distance_to_nearest_exposed_km": 0.43990859211975059, "nearby_exposed_habs": 11.0, "nearby_vulnerable_pop": 8313.0, "amenities_score": 18.4, "suitability_score": 59.25, "suitability_class": "Medium", "capacity_status": "Pending - requires LULC + land area + planning validation", "available_area_ha": null, "max_capacity_persons": null, "capacity_notes": "Carrying capacity calculation requires: (1) NRSC LULC data for land-use classification, (2) Available open land area from LULC + slope analysis, (3) GMDA planning zones and ownership validation, (4) Density assumptions from government norms. NOT CALCULATED - pending these datasets." }, "geometry": { "type": "Polygon", "coordinates": [ [ [ 91.905144139000072, 26.073358808000023 ], [ 91.90446330900005, 26.073196001000042 ], [ 91.904436271000066, 26.073392635000062 ], [ 91.904314929000066, 26.073584733000075 ], [ 91.904042815000082, 26.073800528000049 ], [ 91.903618364000067, 26.074136922000037 ], [ 91.902857401000063, 26.07501951100005 ], [ 91.902587725000046, 26.075539657000036 ], [ 91.90238005100008, 26.075945700000034 ], [ 91.902062768000064, 26.076792561000047 ], [ 91.901636944000074, 26.078489049000041 ], [ 91.901481466000064, 26.079085698000029 ], [ 91.901542883000047, 26.079408865000062 ], [ 91.901952178000045, 26.080453254000076 ], [ 91.904864879000058, 26.081447015000037 ], [ 91.91081186100007, 26.083068031000039 ], [ 91.91551264900005, 26.084393995000028 ], [ 91.916970893000041, 26.082754330000057 ], [ 91.917204446000085, 26.082376752000073 ], [ 91.917206406000048, 26.082213806000027 ], [ 91.917156145000035, 26.082084891000079 ], [ 91.917029663000051, 26.082002039000031 ], [ 91.915511243000083, 26.081100545000027 ], [ 91.913895206000063, 26.080138717000068 ], [ 91.913733096000044, 26.079955005000045 ], [ 91.913521303000039, 26.079632273000072 ], [ 91.912820072000045, 26.077992877000042 ], [ 91.912481239000044, 26.07685943000007 ], [ 91.912399048000054, 26.076417570000046 ], [ 91.912402308000082, 26.076342128000078 ], [ 91.912435570000071, 26.075679377000029 ], [ 91.912100103000057, 26.075593014000049 ], [ 91.911706318000086, 26.075523630000077 ], [ 91.910868553000057, 26.075280048000025 ], [ 91.907737568000073, 26.074257818000035 ], [ 91.906518348000077, 26.073926391000043 ], [ 91.905746072000056, 26.073652200000026 ], [ 91.905144139000072, 26.073358808000023 ] ] ] } },
{ "type": "Feature", "properties": { "candidate_id": "RC-016", "pc11_tv_id": "303522", "tv_name": "Rewa Gaon", "TOT_P": 507, "P_06": 51, "P_SC": 3, "P_ST": 0, "elevation_m": 73.0, "slope_deg": 8.7356909342805817, "elevation_band": "50-100m (low)", "exposed_years": 0, "max_exposure_pct": 0.0, "frequency_pct": 0.0, "flood_exclusion": "never_exposed", "distance_to_major_road_m": 2459.6872609380662, "distance_to_major_road_km": 2.459687260938066, "road_access_band": "2-5km (moderate)", "distance_to_nearest_exposed_km": 0.32958766498261499, "nearby_exposed_habs": 26.0, "nearby_vulnerable_pop": 28109.0, "amenities_score": 50.0, "suitability_score": 59.16, "suitability_class": "Medium", "capacity_status": "Pending - requires LULC + land area + planning validation", "available_area_ha": null, "max_capacity_persons": null, "capacity_notes": "Carrying capacity calculation requires: (1) NRSC LULC data for land-use classification, (2) Available open land area from LULC + slope analysis, (3) GMDA planning zones and ownership validation, (4) Density assumptions from government norms. NOT CALCULATED - pending these datasets." }, "geometry": { "type": "Polygon", "coordinates": [ [ [ 92.047195661000046, 26.155695796000032 ], [ 92.047753830000033, 26.156630018000044 ], [ 92.048770018000084, 26.158468071000073 ], [ 92.04955601000006, 26.160404296000024 ], [ 92.050266578000048, 26.16149327200003 ], [ 92.052910411000084, 26.161186025000063 ], [ 92.054604037000047, 26.160914657000035 ], [ 92.055423146000066, 26.160750242000063 ], [ 92.055851342000039, 26.160587348000035 ], [ 92.056056119000061, 26.160470805000045 ], [ 92.056298379000054, 26.160159974000067 ], [ 92.056420219000074, 26.159998269000027 ], [ 92.056459778000033, 26.159888597000077 ], [ 92.056500295000035, 26.159778896000034 ], [ 92.056508446000066, 26.159525758000029 ], [ 92.056446926000035, 26.159169592000069 ], [ 92.05595168900004, 26.158151968000027 ], [ 92.055152754000062, 26.156775205000031 ], [ 92.054649310000059, 26.155967388000079 ], [ 92.054266011000038, 26.155261993000067 ], [ 92.054051249000054, 26.154933738000068 ], [ 92.05348147400008, 26.154377813000053 ], [ 92.053103546000045, 26.154179420000048 ], [ 92.052822247000051, 26.15412555000006 ], [ 92.052453123000078, 26.154137671000058 ], [ 92.051522465000062, 26.15440823800003 ], [ 92.050639598000032, 26.15478517300005 ], [ 92.049510080000061, 26.155193172000054 ], [ 92.048353611000039, 26.155413127000031 ], [ 92.047195661000046, 26.155695796000032 ] ] ] } },
{ "type": "Feature", "properties": { "candidate_id": "RC-017", "pc11_tv_id": "303452", "tv_name": "Karchia N.C.", "TOT_P": 616, "P_06": 80, "P_SC": 0, "P_ST": 166, "elevation_m": 143.0, "slope_deg": 10.430760195064721, "elevation_band": "100-200m (foothill)", "exposed_years": 0, "max_exposure_pct": 0.0, "frequency_pct": 0.0, "flood_exclusion": "never_exposed", "distance_to_major_road_m": 1112.0717513079455, "distance_to_major_road_km": 1.1120717513079454, "road_access_band": "1-2km (good)", "distance_to_nearest_exposed_km": 0.36601895740490298, "nearby_exposed_habs": 15.0, "nearby_vulnerable_pop": 26714.0, "amenities_score": 18.4, "suitability_score": 58.93, "suitability_class": "Medium", "capacity_status": "Pending - requires LULC + land area + planning validation", "available_area_ha": null, "max_capacity_persons": null, "capacity_notes": "Carrying capacity calculation requires: (1) NRSC LULC data for land-use classification, (2) Available open land area from LULC + slope analysis, (3) GMDA planning zones and ownership validation, (4) Density assumptions from government norms. NOT CALCULATED - pending these datasets." }, "geometry": { "type": "Polygon", "coordinates": [ [ [ 91.950918343000069, 26.134662347000074 ], [ 91.950927324000077, 26.134633884000039 ], [ 91.950980216000062, 26.134493063000036 ], [ 91.950985810000077, 26.134326231000045 ], [ 91.950807959000031, 26.133175553000058 ], [ 91.950225861000035, 26.130877693000059 ], [ 91.949256018000085, 26.128274564000037 ], [ 91.948945097000035, 26.127496330000042 ], [ 91.948219614000038, 26.127870668000071 ], [ 91.948037130000046, 26.127924247000067 ], [ 91.947836116000076, 26.12795957000003 ], [ 91.947447206000049, 26.127943716000061 ], [ 91.945547688000033, 26.127812187000075 ], [ 91.942713170000047, 26.127967511000065 ], [ 91.941417547000071, 26.128089145000047 ], [ 91.940786815000081, 26.128066131000026 ], [ 91.940270939000072, 26.128031615000054 ], [ 91.939851154000053, 26.127974368000025 ], [ 91.93914761700006, 26.127823704000036 ], [ 91.936880411000061, 26.127518391000024 ], [ 91.935011139000039, 26.127266689000066 ], [ 91.934243019000064, 26.127213600000061 ], [ 91.934013550000032, 26.127141485000038 ], [ 91.933777148000047, 26.127030718000071 ], [ 91.933531470000048, 26.126890167000056 ], [ 91.933278177000034, 26.12666974900003 ], [ 91.933047104000082, 26.126854427000069 ], [ 91.93283903400004, 26.126931265000053 ], [ 91.93198383500004, 26.127091258000064 ], [ 91.931833298000072, 26.127126870000041 ], [ 91.931671347000076, 26.127197814000056 ], [ 91.931556434000072, 26.127300169000023 ], [ 91.931363291000082, 26.127478329000041 ], [ 91.931046757000047, 26.128015162000054 ], [ 91.930080657000076, 26.129978840000035 ], [ 91.929993763000084, 26.130352833000074 ], [ 91.929980496000042, 26.130762062000031 ], [ 91.930104009000047, 26.132044010000072 ], [ 91.930110393000064, 26.134775718000071 ], [ 91.930344618000049, 26.134877278000033 ], [ 91.930540911000037, 26.134719769000071 ], [ 91.930858476000083, 26.134705934000067 ], [ 91.931469108000044, 26.134734536000053 ], [ 91.932234463000043, 26.134772739000027 ], [ 91.935147372000074, 26.134800123000048 ], [ 91.939389446000064, 26.134835625000051 ], [ 91.946306388000039, 26.135012833000076 ], [ 91.947978384000066, 26.134870051000064 ], [ 91.949202939000031, 26.134910122000065 ], [ 91.949593137000079, 26.134908880000069 ], [ 91.950221662000047, 26.13480555700005 ], [ 91.950771878000069, 26.134659125000042 ], [ 91.950918343000069, 26.134662347000074 ] ] ] } },
{ "type": "Feature", "properties": { "candidate_id": "RC-018", "pc11_tv_id": "303538", "tv_name": "Khaloibari", "TOT_P": 854, "P_06": 81, "P_SC": 0, "P_ST": 17, "elevation_m": 72.0, "slope_deg": 8.7356909342805817, "elevation_band": "50-100m (low)", "exposed_years": 0, "max_exposure_pct": 0.0, "frequency_pct": 0.0, "flood_exclusion": "never_exposed", "distance_to_major_road_m": 425.21338649690125, "distance_to_major_road_km": 0.42521338649690127, "road_access_band": "<1km (excellent)", "distance_to_nearest_exposed_km": 1.1374338388645213, "nearby_exposed_habs": 16.0, "nearby_vulnerable_pop": 16677.0, "amenities_score": 34.2, "suitability_score": 58.88, "suitability_class": "Medium", "capacity_status": "Pending - requires LULC + land area + planning validation", "available_area_ha": null, "max_capacity_persons": null, "capacity_notes": "Carrying capacity calculation requires: (1) NRSC LULC data for land-use classification, (2) Available open land area from LULC + slope analysis, (3) GMDA planning zones and ownership validation, (4) Density assumptions from government norms. NOT CALCULATED - pending these datasets." }, "geometry": { "type": "Polygon", "coordinates": [ [ [ 92.037023164000061, 26.105291304000048 ], [ 92.038040906000049, 26.105846930000041 ], [ 92.039429432000077, 26.106598992000045 ], [ 92.040103600000066, 26.107044977000044 ], [ 92.041231689000085, 26.108000614000048 ], [ 92.042712352000081, 26.109303154000031 ], [ 92.044548053000085, 26.110582202000046 ], [ 92.045565314000044, 26.111235979000071 ], [ 92.047129066000082, 26.112213513000029 ], [ 92.047724925000068, 26.112452910000059 ], [ 92.048549979000086, 26.112753134000059 ], [ 92.050263311000037, 26.113050111000064 ], [ 92.053817587000083, 26.113593484000035 ], [ 92.057403719000035, 26.114224902000046 ], [ 92.058975065000084, 26.114459680000039 ], [ 92.060001345000046, 26.114686780000056 ], [ 92.062906912000074, 26.115390319000028 ], [ 92.065554021000082, 26.115884191000077 ], [ 92.067073004000065, 26.116208545000063 ], [ 92.069733506000034, 26.116764517000036 ], [ 92.070694765000042, 26.117052217000037 ], [ 92.071507454000084, 26.117372236000051 ], [ 92.07217548300008, 26.11761354500004 ], [ 92.072225949000085, 26.117360721000068 ], [ 92.072232788000065, 26.11718320500006 ], [ 92.072074506000035, 26.116382274000046 ], [ 92.071634440000082, 26.11457351100006 ], [ 92.070920346000037, 26.112297616000035 ], [ 92.070200897000063, 26.110138955000025 ], [ 92.069598, 26.108750276000023 ], [ 92.069420238000077, 26.108447812000065 ], [ 92.069033324000031, 26.108098724000058 ], [ 92.067691841000055, 26.107099961000074 ], [ 92.067388623000056, 26.10688232800004 ], [ 92.067172292000066, 26.106775667000079 ], [ 92.066170084000078, 26.106688935000022 ], [ 92.06521205100006, 26.106580042000076 ], [ 92.064614972000072, 26.106442608000066 ], [ 92.062813781000045, 26.105796131000034 ], [ 92.060952696000072, 26.104833584000062 ], [ 92.059757657000034, 26.103924941000059 ], [ 92.058732982000038, 26.103307673000074 ], [ 92.058480190000068, 26.103284697000049 ], [ 92.058254627000053, 26.103250142000036 ], [ 92.058012276000056, 26.103174981000052 ], [ 92.056815376000031, 26.102647334000039 ], [ 92.055701920000047, 26.102351216000045 ], [ 92.055621243000076, 26.102334131000077 ], [ 92.055512494000084, 26.102356885000063 ], [ 92.055455927000082, 26.102420325000026 ], [ 92.055441281000071, 26.10257458600006 ], [ 92.055568074000064, 26.103391832000057 ], [ 92.055768805000071, 26.104421193000064 ], [ 92.056139537000035, 26.105528486000026 ], [ 92.056705718000046, 26.106469072000039 ], [ 92.05741772600004, 26.107635246000029 ], [ 92.057554025000059, 26.107866877000049 ], [ 92.057536548000087, 26.108123940000041 ], [ 92.057399740000051, 26.108681408000052 ], [ 92.057339179000053, 26.108857632000024 ], [ 92.057225499000083, 26.108995540000024 ], [ 92.057097169000031, 26.109060331000023 ], [ 92.056915492000087, 26.109066249000023 ], [ 92.05579225200006, 26.109103202000028 ], [ 92.055467074000035, 26.10909343000003 ], [ 92.054731678000053, 26.10891321400004 ], [ 92.052353477000054, 26.108242390000044 ], [ 92.049080480000043, 26.107224425000027 ], [ 92.046607382000047, 26.106395095000039 ], [ 92.046293170000069, 26.106252847000064 ], [ 92.044660141000065, 26.105856292000055 ], [ 92.042247942000074, 26.105331458000023 ], [ 92.040517967000085, 26.105065742000079 ], [ 92.039553419000072, 26.104817777000051 ], [ 92.039170970000043, 26.104785092000043 ], [ 92.038501693000057, 26.104763197000068 ], [ 92.038005908000059, 26.10487581600006 ], [ 92.037023164000061, 26.105291304000048 ] ] ] } },
{ "type": "Feature", "properties": { "candidate_id": "RC-019", "pc11_tv_id": "303537", "tv_name": "No.2 Tegheria Gaon", "TOT_P": 552, "P_06": 61, "P_SC": 0, "P_ST": 34, "elevation_m": 140.0, "slope_deg": 14.763132623631552, "elevation_band": "100-200m (foothill)", "exposed_years": 0, "max_exposure_pct": 0.0, "frequency_pct": 0.0, "flood_exclusion": "never_exposed", "distance_to_major_road_m": 405.58591669946981, "distance_to_major_road_km": 0.40558591669946981, "road_access_band": "<1km (excellent)", "distance_to_nearest_exposed_km": 0.7559623744588857, "nearby_exposed_habs": 17.0, "nearby_vulnerable_pop": 16797.0, "amenities_score": 18.4, "suitability_score": 57.77, "suitability_class": "Medium", "capacity_status": "Pending - requires LULC + land area + planning validation", "available_area_ha": null, "max_capacity_persons": null, "capacity_notes": "Carrying capacity calculation requires: (1) NRSC LULC data for land-use classification, (2) Available open land area from LULC + slope analysis, (3) GMDA planning zones and ownership validation, (4) Density assumptions from government norms. NOT CALCULATED - pending these datasets." }, "geometry": { "type": "Polygon", "coordinates": [ [ [ 92.025856242000032, 26.104639090000035 ], [ 92.027631694000036, 26.105587569000079 ], [ 92.027974954000058, 26.10570522200004 ], [ 92.028590020000081, 26.105866610000078 ], [ 92.030081952000046, 26.10646175200003 ], [ 92.031146621000062, 26.10694144100006 ], [ 92.033254489000058, 26.107602149000058 ], [ 92.036141430000043, 26.108289510000077 ], [ 92.037463289000073, 26.108628345000056 ], [ 92.038068943000042, 26.108874314000047 ], [ 92.039133099000082, 26.109288937000031 ], [ 92.039846185000044, 26.109744656000032 ], [ 92.041433863000066, 26.110744206000049 ], [ 92.043014221000078, 26.111889464000058 ], [ 92.043965164000042, 26.112743746000035 ], [ 92.045588752000072, 26.113879069000063 ], [ 92.047195012000032, 26.115446343000031 ], [ 92.04836649300006, 26.116767348000053 ], [ 92.048551423000049, 26.117028636000043 ], [ 92.048833871000056, 26.117767937000053 ], [ 92.049679157000071, 26.12002310400004 ], [ 92.049891741000067, 26.120976882000036 ], [ 92.050304963000031, 26.123921402000065 ], [ 92.050569388000042, 26.125235807000024 ], [ 92.050677437000047, 26.126177082000027 ], [ 92.050746854000067, 26.127090072000044 ], [ 92.05092899400006, 26.128098564000027 ], [ 92.050948807000054, 26.128470526000058 ], [ 92.051723312000036, 26.128580331000023 ], [ 92.052705777000085, 26.128674185000023 ], [ 92.053792854000051, 26.12876198400005 ], [ 92.054689759000041, 26.128737080000064 ], [ 92.057377677000034, 26.128528049000067 ], [ 92.060016851000057, 26.128416344000073 ], [ 92.062639682000054, 26.128370057000041 ], [ 92.066599928000073, 26.12811616700003 ], [ 92.068237281000052, 26.128058224000029 ], [ 92.070835920000036, 26.127836493000075 ], [ 92.073240956000063, 26.127538701000049 ], [ 92.075930044000074, 26.127119542000059 ], [ 92.077121580000039, 26.126895317000049 ], [ 92.07828988600005, 26.126606489000039 ], [ 92.078221359000054, 26.126357649000056 ], [ 92.078118673000063, 26.125969350000048 ], [ 92.077726619000032, 26.125391259000025 ], [ 92.076323088000038, 26.123382012000036 ], [ 92.07520635000003, 26.121894145000056 ], [ 92.07428083700006, 26.120322232000035 ], [ 92.073509545000036, 26.119149327000059 ], [ 92.07275474100004, 26.118253818000028 ], [ 92.07217548300008, 26.11761354500004 ], [ 92.071507454000084, 26.117372236000051 ], [ 92.070694765000042, 26.117052217000037 ], [ 92.069733506000034, 26.116764517000036 ], [ 92.067073004000065, 26.116208545000063 ], [ 92.065554021000082, 26.115884191000077 ], [ 92.062906912000074, 26.115390319000028 ], [ 92.060001345000046, 26.114686780000056 ], [ 92.058975065000084, 26.114459680000039 ], [ 92.057403719000035, 26.114224902000046 ], [ 92.053817587000083, 26.113593484000035 ], [ 92.050263311000037, 26.113050111000064 ], [ 92.048549979000086, 26.112753134000059 ], [ 92.047724925000068, 26.112452910000059 ], [ 92.047129066000082, 26.112213513000029 ], [ 92.045565314000044, 26.111235979000071 ], [ 92.044548053000085, 26.110582202000046 ], [ 92.042712352000081, 26.109303154000031 ], [ 92.041231689000085, 26.108000614000048 ], [ 92.040103600000066, 26.107044977000044 ], [ 92.039429432000077, 26.106598992000045 ], [ 92.038040906000049, 26.105846930000041 ], [ 92.037023164000061, 26.105291304000048 ], [ 92.035158808000062, 26.104401544000041 ], [ 92.034377046000031, 26.104053028000067 ], [ 92.033293025000035, 26.103779613000029 ], [ 92.030578951000052, 26.103078974000027 ], [ 92.027213454000048, 26.102104926000038 ], [ 92.026768558000072, 26.101932701000067 ], [ 92.026713655000037, 26.102039153000078 ], [ 92.026569256000073, 26.102375312000049 ], [ 92.02633460800007, 26.103271867000046 ], [ 92.025856242000032, 26.104639090000035 ] ] ] } },
{ "type": "Feature", "properties": { "candidate_id": "RC-020", "pc11_tv_id": "303574", "tv_name": "Bherakuchi N.C.", "TOT_P": 0, "P_06": 0, "P_SC": 0, "P_ST": 0, "elevation_m": 352.0, "slope_deg": 26.880307851328986, "elevation_band": "200-500m (upland)", "exposed_years": 0, "max_exposure_pct": 0.0, "frequency_pct": 0.0, "flood_exclusion": "never_exposed", "distance_to_major_road_m": 2008.304399796016, "distance_to_major_road_km": 2.0083043997960162, "road_access_band": "2-5km (moderate)", "distance_to_nearest_exposed_km": 0.56185030556700288, "nearby_exposed_habs": 13.0, "nearby_vulnerable_pop": 16141.0, "amenities_score": 0.0, "suitability_score": 57.32, "suitability_class": "Medium", "capacity_status": "Pending - requires LULC + land area + planning validation", "available_area_ha": null, "max_capacity_persons": null, "capacity_notes": "Carrying capacity calculation requires: (1) NRSC LULC data for land-use classification, (2) Available open land area from LULC + slope analysis, (3) GMDA planning zones and ownership validation, (4) Density assumptions from government norms. NOT CALCULATED - pending these datasets." }, "geometry": { "type": "Polygon", "coordinates": [ [ [ 92.127236765000077, 26.096068750000029 ], [ 92.12726440800003, 26.095832062000056 ], [ 92.127359914000067, 26.095629709000036 ], [ 92.127525213000069, 26.095464851000031 ], [ 92.128064622000068, 26.095187430000067 ], [ 92.13020778200007, 26.094091465000076 ], [ 92.131515506000085, 26.09362532800003 ], [ 92.132178729000032, 26.093364678000057 ], [ 92.132939389000057, 26.092902903000038 ], [ 92.133455264000077, 26.092631948000076 ], [ 92.133971127000052, 26.092362104000074 ], [ 92.133585707000066, 26.091417652000075 ], [ 92.133460261000039, 26.091035927000064 ], [ 92.133394643000031, 26.090490240000065 ], [ 92.133425830000078, 26.088848925000036 ], [ 92.13328510100007, 26.087934063000034 ], [ 92.132881791000045, 26.086550607000049 ], [ 92.132680235000066, 26.085401430000047 ], [ 92.132720943000038, 26.084816803000024 ], [ 92.132729746000052, 26.084440441000027 ], [ 92.131319805000032, 26.082968958000038 ], [ 92.130668120000053, 26.082494024000027 ], [ 92.13008313000006, 26.082090486000027 ], [ 92.129126337000059, 26.081735605000063 ], [ 92.128083114000049, 26.081212733000029 ], [ 92.126953634000074, 26.08057025200003 ], [ 92.125558625000053, 26.080286188000059 ], [ 92.124164943000039, 26.079976699000042 ], [ 92.122813919000066, 26.079833184000051 ], [ 92.12076993800008, 26.079858213000023 ], [ 92.120115357000032, 26.079880506000052 ], [ 92.120415320000063, 26.081278275000045 ], [ 92.120619815000055, 26.083494076000079 ], [ 92.120891713000049, 26.087236434000033 ], [ 92.121293020000053, 26.090679667000074 ], [ 92.121526557000038, 26.091911991000075 ], [ 92.122138225000072, 26.093044693000024 ], [ 92.123150920000057, 26.094520206000027 ], [ 92.123594593000064, 26.095472311000037 ], [ 92.124080224000068, 26.096492356000056 ], [ 92.12448362300006, 26.097351842000023 ], [ 92.124666298000079, 26.097253361000071 ], [ 92.125825793000047, 26.096585972000071 ], [ 92.126434888000063, 26.096303809000062 ], [ 92.126768091000031, 26.096212662000028 ], [ 92.127236765000077, 26.096068750000029 ] ] ] } },
{ "type": "Feature", "properties": { "candidate_id": "RC-021", "pc11_tv_id": "303610", "tv_name": "Ahorigog", "TOT_P": 0, "P_06": 0, "P_SC": 0, "P_ST": 0, "elevation_m": 216.0, "slope_deg": 15.36952380130432, "elevation_band": "200-500m (upland)", "exposed_years": 0, "max_exposure_pct": 0.0, "frequency_pct": 0.0, "flood_exclusion": "never_exposed", "distance_to_major_road_m": 1473.7426407664132, "distance_to_major_road_km": 1.4737426407664131, "road_access_band": "1-2km (good)", "distance_to_nearest_exposed_km": 0.58066772443661296, "nearby_exposed_habs": 16.0, "nearby_vulnerable_pop": 14883.0, "amenities_score": 0.0, "suitability_score": 57.14, "suitability_class": "Medium", "capacity_status": "Pending - requires LULC + land area + planning validation", "available_area_ha": null, "max_capacity_persons": null, "capacity_notes": "Carrying capacity calculation requires: (1) NRSC LULC data for land-use classification, (2) Available open land area from LULC + slope analysis, (3) GMDA planning zones and ownership validation, (4) Density assumptions from government norms. NOT CALCULATED - pending these datasets." }, "geometry": { "type": "Polygon", "coordinates": [ [ [ 91.950044877000039, 26.20436916400007 ], [ 91.95064152100008, 26.20441306500004 ], [ 91.951203734000046, 26.204408011000055 ], [ 91.951720341000055, 26.204387260000033 ], [ 91.952348452000081, 26.204359946000068 ], [ 91.952537172000063, 26.204345971000066 ], [ 91.953849784000056, 26.20393776800006 ], [ 91.954207323000048, 26.203825932000029 ], [ 91.954408189000048, 26.203722999000036 ], [ 91.955619657000057, 26.202969494000058 ], [ 91.955736128000069, 26.202855774000056 ], [ 91.955806829000039, 26.202764306000063 ], [ 91.955991101000052, 26.20233408100006 ], [ 91.956226568000034, 26.20168890900004 ], [ 91.956252894000045, 26.201537193000036 ], [ 91.956271004000087, 26.201376050000079 ], [ 91.95606689300007, 26.200185174000069 ], [ 91.955648651000047, 26.197986533000062 ], [ 91.955468974000041, 26.197227634000058 ], [ 91.955384871000035, 26.197060489000023 ], [ 91.95445628300007, 26.195809533000045 ], [ 91.953568915000062, 26.194620143000066 ], [ 91.95335603400008, 26.194390448000036 ], [ 91.953079285000058, 26.194248526000024 ], [ 91.952700804000074, 26.194099505000054 ], [ 91.950592352000058, 26.193211057000042 ], [ 91.950560833000054, 26.193110545000025 ], [ 91.950183701000071, 26.193210255000054 ], [ 91.949280771000076, 26.193492200000037 ], [ 91.948515703000055, 26.193717621000076 ], [ 91.948336815000062, 26.193778448000046 ], [ 91.94826312400005, 26.193844691000038 ], [ 91.948183253000082, 26.193930483000031 ], [ 91.948089935000041, 26.194093167000062 ], [ 91.947879710000052, 26.195651591000058 ], [ 91.947826248000069, 26.195816721000028 ], [ 91.947700053000062, 26.196003331000043 ], [ 91.946167368000033, 26.19764869200003 ], [ 91.946106684000085, 26.197696809000036 ], [ 91.946039927000072, 26.197699703000069 ], [ 91.945951628000046, 26.197688320000054 ], [ 91.945876701000032, 26.197665793000056 ], [ 91.944600027000035, 26.196805812000036 ], [ 91.944496357000048, 26.19676750900004 ], [ 91.944435746000067, 26.19675877800006 ], [ 91.94437915900005, 26.196773224000026 ], [ 91.94430905300004, 26.196828702000062 ], [ 91.943741740000064, 26.198038863000079 ], [ 91.943529316000081, 26.198633985000072 ], [ 91.94349191200007, 26.198713442000042 ], [ 91.943481184000063, 26.198820478000073 ], [ 91.943480823000073, 26.198912199000063 ], [ 91.943495878000078, 26.199014847000058 ], [ 91.943495539000082, 26.19910158600004 ], [ 91.943484916000045, 26.199182704000066 ], [ 91.943426884000075, 26.199260895000066 ], [ 91.942774224000061, 26.199706230000061 ], [ 91.942716155000085, 26.199769460000027 ], [ 91.942700268000067, 26.199860239000031 ], [ 91.942699631000039, 26.200002834000031 ], [ 91.943340405000072, 26.201884731000064 ], [ 91.943382452000037, 26.201968115000057 ], [ 91.943491530000074, 26.202089526000066 ], [ 91.944800084000065, 26.202854674000037 ], [ 91.94612016800005, 26.203655549000075 ], [ 91.946297620000053, 26.203723058000037 ], [ 91.946599929000058, 26.203787072000068 ], [ 91.947404448000043, 26.203932896000026 ], [ 91.949790630000052, 26.204326335000076 ], [ 91.950044877000039, 26.20436916400007 ] ] ] } },
{ "type": "Feature", "properties": { "candidate_id": "RC-022", "pc11_tv_id": "303607", "tv_name": "2 No. Juboi", "TOT_P": 19, "P_06": 9, "P_SC": 0, "P_ST": 11, "elevation_m": 262.0, "slope_deg": 23.567234622032579, "elevation_band": "200-500m (upland)", "exposed_years": 0, "max_exposure_pct": 0.0, "frequency_pct": 0.0, "flood_exclusion": "never_exposed", "distance_to_major_road_m": 1436.3194228790076, "distance_to_major_road_km": 1.4363194228790075, "road_access_band": "1-2km (good)", "distance_to_nearest_exposed_km": 0.24275197857676381, "nearby_exposed_habs": 16.0, "nearby_vulnerable_pop": 20761.0, "amenities_score": 0.0, "suitability_score": 57.08, "suitability_class": "Medium", "capacity_status": "Pending - requires LULC + land area + planning validation", "available_area_ha": null, "max_capacity_persons": null, "capacity_notes": "Carrying capacity calculation requires: (1) NRSC LULC data for land-use classification, (2) Available open land area from LULC + slope analysis, (3) GMDA planning zones and ownership validation, (4) Density assumptions from government norms. NOT CALCULATED - pending these datasets." }, "geometry": { "type": "Polygon", "coordinates": [ [ [ 91.958618802000046, 26.184669159000066 ], [ 91.960484395000037, 26.185256903000038 ], [ 91.961799141000085, 26.185564685000031 ], [ 91.96388638500008, 26.185997201000077 ], [ 91.966488144000039, 26.186509474000047 ], [ 91.967431108000085, 26.186703292000061 ], [ 91.967709502000048, 26.186776740000028 ], [ 91.968258466000066, 26.187012605000064 ], [ 91.970125574000065, 26.187842133000061 ], [ 91.97065561900007, 26.188101269000072 ], [ 91.971038369000041, 26.188303418000032 ], [ 91.972845977000077, 26.189428540000051 ], [ 91.97406354900005, 26.190125705000071 ], [ 91.97371116000005, 26.189488706000077 ], [ 91.972914630000048, 26.188190334000069 ], [ 91.972478569000032, 26.187203400000044 ], [ 91.971500954000078, 26.184789347000049 ], [ 91.970964700000081, 26.183478668000078 ], [ 91.970767872000067, 26.183030059000032 ], [ 91.970589859000086, 26.182882819000042 ], [ 91.969696543000055, 26.182255608000048 ], [ 91.968701560000056, 26.181546645000026 ], [ 91.968488678000085, 26.18144002400004 ], [ 91.967943478000052, 26.181288566000035 ], [ 91.966259176000051, 26.180872606000037 ], [ 91.965541493000046, 26.180693881000025 ], [ 91.964830989000063, 26.180411906000074 ], [ 91.96334029500008, 26.179878218000056 ], [ 91.963369933000081, 26.179980487000023 ], [ 91.963369816000068, 26.180047173000048 ], [ 91.963344867000046, 26.180102455000053 ], [ 91.96305101300004, 26.180383906000031 ], [ 91.961989917000039, 26.181314188000044 ], [ 91.961336624000069, 26.181899951000048 ], [ 91.960906530000045, 26.182384309000042 ], [ 91.96014554900006, 26.183260244000053 ], [ 91.959739589000037, 26.183754909000072 ], [ 91.959581186000037, 26.183892881000077 ], [ 91.958618802000046, 26.184669159000066 ] ] ] } },
{ "type": "Feature", "properties": { "candidate_id": "RC-023", "pc11_tv_id": "303439", "tv_name": "Amseng", "TOT_P": 3979, "P_06": 520, "P_SC": 102, "P_ST": 99, "elevation_m": 86.0, "slope_deg": 5.5507182121273235, "elevation_band": "50-100m (low)", "exposed_years": 0, "max_exposure_pct": 0.0, "frequency_pct": 0.0, "flood_exclusion": "never_exposed", "distance_to_major_road_m": 343.41483287802004, "distance_to_major_road_km": 0.34341483287802005, "road_access_band": "<1km (excellent)", "distance_to_nearest_exposed_km": 0.35911345658781552, "nearby_exposed_habs": 2.0, "nearby_vulnerable_pop": 1847.0, "amenities_score": 36.8, "suitability_score": 57.05, "suitability_class": "Medium", "capacity_status": "Pending - requires LULC + land area + planning validation", "available_area_ha": null, "max_capacity_persons": null, "capacity_notes": "Carrying capacity calculation requires: (1) NRSC LULC data for land-use classification, (2) Available open land area from LULC + slope analysis, (3) GMDA planning zones and ownership validation, (4) Density assumptions from government norms. NOT CALCULATED - pending these datasets." }, "geometry": { "type": "Polygon", "coordinates": [ [ [ 91.941839922974111, 26.160426077001908 ], [ 91.941718615000042, 26.159617884000053 ], [ 91.941410722000057, 26.158441161000034 ], [ 91.941028410000044, 26.157450035000096 ], [ 91.940718938000018, 26.157079395000071 ], [ 91.940341190000112, 26.156675269000029 ], [ 91.939752725000105, 26.156291111000041 ], [ 91.938280173000038, 26.155313078000031 ], [ 91.936298795000056, 26.154231171000042 ], [ 91.933854115000017, 26.153220144000056 ], [ 91.93174617800004, 26.152398855000047 ], [ 91.930483214000077, 26.152001299000016 ], [ 91.928024657000051, 26.151191901000015 ], [ 91.924627614, 26.150213660000077 ], [ 91.920360155000054, 26.149230683000013 ], [ 91.915439632000059, 26.148178931000032 ], [ 91.910186553000102, 26.146730772000026 ], [ 91.908484286000032, 26.1463301850001 ], [ 91.907646269000054, 26.145982963000058 ], [ 91.906670772000069, 26.14543599100001 ], [ 91.905817721000105, 26.144896421000041 ], [ 91.905648620000051, 26.145569609000052 ], [ 91.905083504000018, 26.146760229000066 ], [ 91.904161510000023, 26.148347980000075 ], [ 91.904026613000056, 26.148680126000023 ], [ 91.903737117000077, 26.148911665000085 ], [ 91.902047520000082, 26.149853103000087 ], [ 91.900745111000063, 26.150338752000035 ], [ 91.899224449, 26.150782650000082 ], [ 91.896756543, 26.151629738000093 ], [ 91.895397620000011, 26.151884506000034 ], [ 91.894026809000096, 26.151954107000019 ], [ 91.893037982000081, 26.151919627 ], [ 91.891600369000059, 26.151647339000039 ], [ 91.888331419000039, 26.150489908000019 ], [ 91.885563282000064, 26.149562072999988 ], [ 91.883204353000011, 26.148412746000105 ], [ 91.880431255000076, 26.146805895000025 ], [ 91.875667451000083, 26.143961723000064 ], [ 91.873527233000019, 26.142724363000092 ], [ 91.870349669000092, 26.14075359000001 ], [ 91.869743664000055, 26.141029430000096 ], [ 91.868667397000081, 26.141334971000063 ], [ 91.865806718000087, 26.142055246000062 ], [ 91.863081454000024, 26.142646273000025 ], [ 91.86017836200007, 26.143325982000043 ], [ 91.859096623000084, 26.143641311000021 ], [ 91.856370674000061, 26.144510702000012 ], [ 91.854426545000052, 26.145345561000077 ], [ 91.853393236000073, 26.145834891000064 ], [ 91.852740103000045, 26.146077817 ], [ 91.85208829503884, 26.146288848651533 ], [ 91.852093505710826, 26.146443551828469 ], [ 91.852434639247264, 26.148673336305439 ], [ 91.85251708189783, 26.149569082647073 ], [ 91.852499329280676, 26.149909109118141 ], [ 91.852441296928333, 26.150525148316994 ], [ 91.855371343912481, 26.152237601384254 ], [ 91.856406479775288, 26.152729972110578 ], [ 91.861162780038356, 26.154664049606247 ], [ 91.865217133364041, 26.156244638679205 ], [ 91.868891452978204, 26.157162494853292 ], [ 91.871951586896301, 26.157838594375704 ], [ 91.873741658650673, 26.157918600762819 ], [ 91.87817857368232, 26.157777312772801 ], [ 91.881403787155151, 26.157121794235483 ], [ 91.884696660222787, 26.156412274107232 ], [ 91.887802112777365, 26.155750026842295 ], [ 91.889757127389601, 26.155546511162608 ], [ 91.893815352296741, 26.155628592285751 ], [ 91.896985914868168, 26.155736759144155 ], [ 91.902136437446728, 26.156514273415077 ], [ 91.908197957070129, 26.158025429430065 ], [ 91.915827461768004, 26.15968613370816 ], [ 91.919571299875628, 26.160794897066886 ], [ 91.921523469032977, 26.161064476944063 ], [ 91.924007850681818, 26.161277357264279 ], [ 91.925645582677532, 26.161361674101968 ], [ 91.929451736608399, 26.161273893075787 ], [ 91.932615499405841, 26.160969388926247 ], [ 91.935709865118213, 26.160432510751797 ], [ 91.93684939338489, 26.16035911707959 ], [ 91.939048644079691, 26.160310630131534 ], [ 91.94058442083444, 26.160266086710582 ], [ 91.941839922974111, 26.160426077001908 ] ] ] } },
{ "type": "Feature", "properties": { "candidate_id": "RC-024", "pc11_tv_id": "303613", "tv_name": "2 No. Panikhati", "TOT_P": 646, "P_06": 74, "P_SC": 7, "P_ST": 116, "elevation_m": 216.0, "slope_deg": 22.684823831912844, "elevation_band": "200-500m (upland)", "exposed_years": 0, "max_exposure_pct": 0.0, "frequency_pct": 0.0, "flood_exclusion": "never_exposed", "distance_to_major_road_m": 2018.7517878044525, "distance_to_major_road_km": 2.0187517878044527, "road_access_band": "2-5km (moderate)", "distance_to_nearest_exposed_km": 0.49594218378483573, "nearby_exposed_habs": 8.0, "nearby_vulnerable_pop": 11658.0, "amenities_score": 18.4, "suitability_score": 57.02, "suitability_class": "Medium", "capacity_status": "Pending - requires LULC + land area + planning validation", "available_area_ha": null, "max_capacity_persons": null, "capacity_notes": "Carrying capacity calculation requires: (1) NRSC LULC data for land-use classification, (2) Available open land area from LULC + slope analysis, (3) GMDA planning zones and ownership validation, (4) Density assumptions from government norms. NOT CALCULATED - pending these datasets." }, "geometry": { "type": "Polygon", "coordinates": [ [ [ 91.882294169000019, 26.18846330400002 ], [ 91.880415988000053, 26.187941737000031 ], [ 91.878909467000099, 26.18761372900007 ], [ 91.877473658000056, 26.18734739600006 ], [ 91.877019453000045, 26.187191710000057 ], [ 91.875401194000091, 26.186512569000087 ], [ 91.875186588000091, 26.186342238000027 ], [ 91.874694122000022, 26.185859777000076 ], [ 91.872800198000078, 26.184014851000015 ], [ 91.872431569000042, 26.183537954 ], [ 91.871557278000097, 26.182381692000067 ], [ 91.869776152000071, 26.180131449000044 ], [ 91.869586734000023, 26.179958166000095 ], [ 91.869462751000071, 26.179838061000016 ], [ 91.867655151000079, 26.178866297000081 ], [ 91.866020890000044, 26.177978916000022 ], [ 91.864992540000046, 26.177402199 ], [ 91.863058810000012, 26.176342195000046 ], [ 91.862759449000109, 26.176238699000098 ], [ 91.862484158000072, 26.176202978000074 ], [ 91.862741261000025, 26.178759565000043 ], [ 91.862891366000014, 26.180674645000046 ], [ 91.86283545500001, 26.180921640000054 ], [ 91.862702080000076, 26.181123464000056 ], [ 91.8625242990001, 26.181312037000026 ], [ 91.862322404000096, 26.181500931000024 ], [ 91.861342407026569, 26.182072321580474 ], [ 91.861364000648123, 26.182198619670594 ], [ 91.861533334895555, 26.182699072604176 ], [ 91.861831864848753, 26.183732588788011 ], [ 91.861887583245405, 26.184317377445065 ], [ 91.861942392427494, 26.185325530948589 ], [ 91.861937526195987, 26.185388166930412 ], [ 91.86191658728076, 26.185435399324231 ], [ 91.861876701448693, 26.185461167598856 ], [ 91.861829016695836, 26.185473765302092 ], [ 91.861781638611802, 26.185479397756062 ], [ 91.861712380022368, 26.185482422176065 ], [ 91.860670015408985, 26.185379816725263 ], [ 91.858725982418221, 26.185194396304379 ], [ 91.8646916040001, 26.192154056000039 ], [ 91.865187831000043, 26.192611688000067 ], [ 91.866032427000022, 26.193266188000042 ], [ 91.867007684000072, 26.19401853700003 ], [ 91.867780350000046, 26.194636525000092 ], [ 91.868318912000021, 26.195088140000067 ], [ 91.87050442600011, 26.197276739000053 ], [ 91.870789134000034, 26.197565326000039 ], [ 91.872495593000011, 26.198602390000048 ], [ 91.873250728000059, 26.199117452000031 ], [ 91.873636842000025, 26.199316918000104 ], [ 91.8754249670001, 26.199801629999975 ], [ 91.880500038000079, 26.200954070000027 ], [ 91.883234857000048, 26.201497777000071 ], [ 91.883466934000069, 26.201548258000074 ], [ 91.883410188000084, 26.201360370000071 ], [ 91.883442589000097, 26.20123477200007 ], [ 91.883521928000093, 26.201147858000073 ], [ 91.883609514000057, 26.20109700700004 ], [ 91.884607214000084, 26.200504516000045 ], [ 91.885306243000016, 26.19993313300002 ], [ 91.885515662000032, 26.199670190000024 ], [ 91.885638188000129, 26.199439215 ], [ 91.885713478000056, 26.199179372000092 ], [ 91.885496977000088, 26.197257247000039 ], [ 91.885020033000046, 26.193492715000044 ], [ 91.884419062000063, 26.191911643000054 ], [ 91.883620111000042, 26.189744489000066 ], [ 91.883182580000081, 26.188850182000056 ], [ 91.883110488000057, 26.18873368600001 ], [ 91.882994624000077, 26.188647264000053 ], [ 91.882294169000019, 26.18846330400002 ] ] ] } },
{ "type": "Feature", "properties": { "candidate_id": "RC-025", "pc11_tv_id": "303424", "tv_name": "Agyathuri", "TOT_P": 315, "P_06": 50, "P_SC": 29, "P_ST": 279, "elevation_m": 193.0, "slope_deg": 23.930893411419156, "elevation_band": "100-200m (foothill)", "exposed_years": 0, "max_exposure_pct": 0.0, "frequency_pct": 0.0, "flood_exclusion": "never_exposed", "distance_to_major_road_m": 789.91750934687877, "distance_to_major_road_km": 0.78991750934687877, "road_access_band": "<1km (excellent)", "distance_to_nearest_exposed_km": 0.72377679501421321, "nearby_exposed_habs": 4.0, "nearby_vulnerable_pop": 17364.0, "amenities_score": 18.4, "suitability_score": 56.85, "suitability_class": "Medium", "capacity_status": "Pending - requires LULC + land area + planning validation", "available_area_ha": null, "max_capacity_persons": null, "capacity_notes": "Carrying capacity calculation requires: (1) NRSC LULC data for land-use classification, (2) Available open land area from LULC + slope analysis, (3) GMDA planning zones and ownership validation, (4) Density assumptions from government norms. NOT CALCULATED - pending these datasets." }, "geometry": { "type": "Polygon", "coordinates": [ [ [ 91.679943454027239, 26.216404962319206 ], [ 91.679986141247483, 26.216251786191069 ], [ 91.679971271856786, 26.215661831828108 ], [ 91.679804494382026, 26.214843079144856 ], [ 91.679277138229409, 26.213885162670181 ], [ 91.679007582633872, 26.21362662376967 ], [ 91.678860147777641, 26.213557588212133 ], [ 91.678658805759298, 26.213534430669494 ], [ 91.678524307650733, 26.213494174316754 ], [ 91.678389850910946, 26.213364350884127 ], [ 91.676007838191254, 26.209932117073631 ], [ 91.674643518983245, 26.207507550233267 ], [ 91.674204108432903, 26.206603165903442 ], [ 91.674015038563269, 26.205971677251139 ], [ 91.673860309305866, 26.205725111025124 ], [ 91.673547347032525, 26.205423500893943 ], [ 91.673377732196656, 26.205288161919249 ], [ 91.672557865253339, 26.204636700223638 ], [ 91.672140116673091, 26.204411387675464 ], [ 91.671016265388431, 26.203954431352017 ], [ 91.670834418873341, 26.20382632742313 ], [ 91.670681363254317, 26.203622791958292 ], [ 91.670518621936907, 26.203272257808496 ], [ 91.670454303323453, 26.202696087354571 ], [ 91.670398699140691, 26.20131357216362 ], [ 91.670298991305458, 26.200664564717968 ], [ 91.669930129871702, 26.199771655737347 ], [ 91.668923532195294, 26.198229213207735 ], [ 91.668801572434688, 26.19790664887276 ], [ 91.667737556000077, 26.196974186999977 ], [ 91.665485591, 26.194820248000017 ], [ 91.664213292000071, 26.193821158000041 ], [ 91.663362259000095, 26.193498816000016 ], [ 91.662641374000046, 26.193345433000026 ], [ 91.661404234, 26.193049875 ], [ 91.657614230000036, 26.192509317000034 ], [ 91.655158586000056, 26.192352843000055 ], [ 91.653396636345704, 26.192157354978018 ], [ 91.652502821747902, 26.193100892192511 ], [ 91.65244855395764, 26.19323553778985 ], [ 91.652298636073311, 26.193615130833692 ], [ 91.652004791587856, 26.194918957144164 ], [ 91.651922547687462, 26.195474488157178 ], [ 91.652053376562122, 26.196753817834484 ], [ 91.652074391020392, 26.196988747732597 ], [ 91.652158872434072, 26.197923455403238 ], [ 91.65236064792559, 26.198476862217479 ], [ 91.652633666810331, 26.198942882807863 ], [ 91.653624704416629, 26.200214809266065 ], [ 91.655529539556653, 26.201723429192914 ], [ 91.655794895318195, 26.201900824963165 ], [ 91.66201500408917, 26.206045957654833 ], [ 91.665742050055599, 26.208818920057197 ], [ 91.667181274696134, 26.210532342593584 ], [ 91.668375531205896, 26.212071231901835 ], [ 91.669109932877205, 26.213012817587522 ], [ 91.670986323360196, 26.214285975217688 ], [ 91.673844852657908, 26.216816712421398 ], [ 91.676191113728933, 26.219132689721913 ], [ 91.676608156341374, 26.219389650312142 ], [ 91.676768929042936, 26.219395819661351 ], [ 91.677062949795385, 26.219365728345778 ], [ 91.677604117735882, 26.219174160159398 ], [ 91.679248546083599, 26.217662326954905 ], [ 91.679839901590213, 26.216773222106582 ], [ 91.679943454027239, 26.216404962319206 ] ] ] } },
{ "type": "Feature", "properties": { "candidate_id": "RC-026", "pc11_tv_id": "303530", "tv_name": "Lomsum Gaon", "TOT_P": 345, "P_06": 40, "P_SC": 0, "P_ST": 0, "elevation_m": 152.0, "slope_deg": 12.04828213833979, "elevation_band": "100-200m (foothill)", "exposed_years": 0, "max_exposure_pct": 0.0, "frequency_pct": 0.0, "flood_exclusion": "never_exposed", "distance_to_major_road_m": 2217.2733239926906, "distance_to_major_road_km": 2.2172733239926905, "road_access_band": "2-5km (moderate)", "distance_to_nearest_exposed_km": 0.30897973854380056, "nearby_exposed_habs": 24.0, "nearby_vulnerable_pop": 24065.0, "amenities_score": 18.4, "suitability_score": 56.68, "suitability_class": "Medium", "capacity_status": "Pending - requires LULC + land area + planning validation", "available_area_ha": null, "max_capacity_persons": null, "capacity_notes": "Carrying capacity calculation requires: (1) NRSC LULC data for land-use classification, (2) Available open land area from LULC + slope analysis, (3) GMDA planning zones and ownership validation, (4) Density assumptions from government norms. NOT CALCULATED - pending these datasets." }, "geometry": { "type": "Polygon", "coordinates": [ [ [ 92.061894708000068, 26.144059348000042 ], [ 92.061755679000044, 26.143497882000077 ], [ 92.06103734800007, 26.141726233000043 ], [ 92.06069276900007, 26.14079504700004 ], [ 92.060562306000065, 26.140580143000022 ], [ 92.059971459000053, 26.139859072000036 ], [ 92.058948749000081, 26.138867334000054 ], [ 92.058464371000071, 26.138527939000028 ], [ 92.05832950000007, 26.13844169500004 ], [ 92.057900251000035, 26.138337081000032 ], [ 92.055906807000042, 26.137948116000075 ], [ 92.054068422000057, 26.137648090000027 ], [ 92.052095523000048, 26.137139937000029 ], [ 92.050991253000063, 26.136950164000041 ], [ 92.050879484000063, 26.136907333000067 ], [ 92.050809719000085, 26.136909124000056 ], [ 92.05073995500004, 26.136910907000072 ], [ 92.050560302000065, 26.136915461000058 ], [ 92.050329392000037, 26.13695841200007 ], [ 92.050130051000053, 26.137045065000052 ], [ 92.049998409000068, 26.137066297000047 ], [ 92.049613665000038, 26.137093488000062 ], [ 92.049220800000057, 26.137111082000047 ], [ 92.048475501000041, 26.136937132000071 ], [ 92.045486406000066, 26.136364312000069 ], [ 92.044068785000036, 26.136235586000055 ], [ 92.042764721000083, 26.136141111000029 ], [ 92.042905484000073, 26.136494629000026 ], [ 92.043054869000059, 26.136871063000058 ], [ 92.043187897000053, 26.137111965000031 ], [ 92.043856328000061, 26.137629408000066 ], [ 92.044577669000034, 26.137997553000048 ], [ 92.045565865000071, 26.138414744000045 ], [ 92.046573513000055, 26.138917696000078 ], [ 92.047438247000059, 26.139304948000074 ], [ 92.048091019000083, 26.139726369000073 ], [ 92.049079228000039, 26.140664291000064 ], [ 92.050092806000066, 26.141873212000064 ], [ 92.050335886000084, 26.142248960000074 ], [ 92.050901320000037, 26.143235548000064 ], [ 92.051163115000065, 26.143622297000036 ], [ 92.051330517000054, 26.143724641000063 ], [ 92.051528734000044, 26.143794921000051 ], [ 92.052016997000067, 26.143807620000075 ], [ 92.052603108000085, 26.143758274000049 ], [ 92.052795357000036, 26.143741069000043 ], [ 92.053216947000067, 26.143733180000027 ], [ 92.053549214000043, 26.143790041000045 ], [ 92.053981788000044, 26.14398295500007 ], [ 92.054436050000049, 26.144112047000078 ], [ 92.05553218700004, 26.144332981000048 ], [ 92.05618294900006, 26.144350346000067 ], [ 92.059372027000052, 26.144258644000047 ], [ 92.060877012000049, 26.144174468000074 ], [ 92.061904766000055, 26.144113474000051 ], [ 92.061894708000068, 26.144059348000042 ] ] ] } },
{ "type": "Feature", "properties": { "candidate_id": "RC-027", "pc11_tv_id": "303442", "tv_name": "Bamunkhat N.C", "TOT_P": 500, "P_06": 64, "P_SC": 4, "P_ST": 7, "elevation_m": 157.0, "slope_deg": 18.774676054278771, "elevation_band": "100-200m (foothill)", "exposed_years": 0, "max_exposure_pct": 0.0, "frequency_pct": 0.0, "flood_exclusion": "never_exposed", "distance_to_major_road_m": 871.87220788200841, "distance_to_major_road_km": 0.87187220788200837, "road_access_band": "<1km (excellent)", "distance_to_nearest_exposed_km": 0.43021715228243668, "nearby_exposed_habs": 15.0, "nearby_vulnerable_pop": 23754.0, "amenities_score": 18.4, "suitability_score": 56.38, "suitability_class": "Medium", "capacity_status": "Pending - requires LULC + land area + planning validation", "available_area_ha": null, "max_capacity_persons": null, "capacity_notes": "Carrying capacity calculation requires: (1) NRSC LULC data for land-use classification, (2) Available open land area from LULC + slope analysis, (3) GMDA planning zones and ownership validation, (4) Density assumptions from government norms. NOT CALCULATED - pending these datasets." }, "geometry": { "type": "Polygon", "coordinates": [ [ [ 91.956369477000067, 26.147222469000042 ], [ 91.955134412000064, 26.146852884000054 ], [ 91.951609420000068, 26.145715628000062 ], [ 91.948965735000058, 26.144801408000035 ], [ 91.946817266000039, 26.144265520000033 ], [ 91.944715517000077, 26.14373217900004 ], [ 91.941435259000059, 26.142548172000033 ], [ 91.939443611000058, 26.142086339000059 ], [ 91.938061820000087, 26.141786069000034 ], [ 91.937225357000045, 26.141739878000067 ], [ 91.937524045000032, 26.14213191500005 ], [ 91.937701476000086, 26.142532751000033 ], [ 91.937852468000074, 26.14328765700003 ], [ 91.938402900000085, 26.145750181000039 ], [ 91.938563195000086, 26.148076883000044 ], [ 91.938667336000037, 26.148709172000054 ], [ 91.938912519000041, 26.149198968000064 ], [ 91.939276091000067, 26.149747512000033 ], [ 91.939711283000065, 26.150355646000037 ], [ 91.940046482000071, 26.150665452000055 ], [ 91.940366715000039, 26.150923289000048 ], [ 91.940911360000086, 26.151127959000064 ], [ 91.943824820000032, 26.151875609000058 ], [ 91.948390475000053, 26.152779903000066 ], [ 91.952896392000071, 26.153519537000022 ], [ 91.954923215000065, 26.153967524000052 ], [ 91.956217065000033, 26.154334530000028 ], [ 91.956674691000046, 26.154526236000038 ], [ 91.956949664000035, 26.154818506000026 ], [ 91.957163656000034, 26.155119999000078 ], [ 91.957352050000054, 26.154677387000049 ], [ 91.957419060000063, 26.15437606200004 ], [ 91.957425775000047, 26.154056079000043 ], [ 91.957371558000034, 26.153748341000039 ], [ 91.957288258000062, 26.152675163000026 ], [ 91.956969036000032, 26.151282922000064 ], [ 91.956381461000035, 26.149705223000069 ], [ 91.956146494000052, 26.148714090000055 ], [ 91.956156738000061, 26.148302217000037 ], [ 91.956181238000056, 26.147922161000054 ], [ 91.956369477000067, 26.147222469000042 ] ] ] } },
{ "type": "Feature", "properties": { "candidate_id": "RC-028", "pc11_tv_id": "303543", "tv_name": "Khaloibari N.C.", "TOT_P": 172, "P_06": 25, "P_SC": 0, "P_ST": 165, "elevation_m": 73.0, "slope_deg": 2.6989509089234378, "elevation_band": "50-100m (low)", "exposed_years": 0, "max_exposure_pct": 0.0, "frequency_pct": 0.0, "flood_exclusion": "never_exposed", "distance_to_major_road_m": 1274.0103739660394, "distance_to_major_road_km": 1.2740103739660393, "road_access_band": "1-2km (good)", "distance_to_nearest_exposed_km": 1.2248875025977284, "nearby_exposed_habs": 11.0, "nearby_vulnerable_pop": 12873.0, "amenities_score": 18.4, "suitability_score": 56.3, "suitability_class": "Medium", "capacity_status": "Pending - requires LULC + land area + planning validation", "available_area_ha": null, "max_capacity_persons": null, "capacity_notes": "Carrying capacity calculation requires: (1) NRSC LULC data for land-use classification, (2) Available open land area from LULC + slope analysis, (3) GMDA planning zones and ownership validation, (4) Density assumptions from government norms. NOT CALCULATED - pending these datasets." }, "geometry": { "type": "Polygon", "coordinates": [ [ [ 92.069033324000031, 26.108098724000058 ], [ 92.069327047000058, 26.107836472000031 ], [ 92.069569974000046, 26.107698258000028 ], [ 92.069831945000033, 26.107570425000063 ], [ 92.070099577000065, 26.107502797000052 ], [ 92.070468550000044, 26.107473775000074 ], [ 92.072022344000061, 26.107468787000073 ], [ 92.072336672000063, 26.10744145700005 ], [ 92.072560061000047, 26.107354893000036 ], [ 92.072683556000072, 26.107240428000068 ], [ 92.072826256000042, 26.107105150000052 ], [ 92.072905233000085, 26.106960506000064 ], [ 92.073008306000077, 26.105897452000079 ], [ 92.07297783100006, 26.104675954000072 ], [ 92.072741734000033, 26.103547711000033 ], [ 92.072695944000031, 26.103274494000061 ], [ 92.072538010000073, 26.103043270000057 ], [ 92.071416316000068, 26.101421390000041 ], [ 92.071235821000073, 26.101058192000039 ], [ 92.071180943000059, 26.100763467000036 ], [ 92.07086107300006, 26.09936478700007 ], [ 92.070296172000042, 26.09731195300003 ], [ 92.069928490000052, 26.096482738000077 ], [ 92.069509336000067, 26.095805022000036 ], [ 92.069156732000067, 26.095372464000036 ], [ 92.068928620000065, 26.095188369000027 ], [ 92.068701520000047, 26.095004252000024 ], [ 92.068498543000032, 26.094763679000039 ], [ 92.068156197000064, 26.094290972000067 ], [ 92.06774144600007, 26.093818511000052 ], [ 92.067708645000039, 26.093697419000023 ], [ 92.067695219000086, 26.093544720000068 ], [ 92.067698835000044, 26.093432629000063 ], [ 92.067713130000072, 26.093258941000045 ], [ 92.067729873000076, 26.092738381000061 ], [ 92.067673606000085, 26.092504618000078 ], [ 92.067473034000045, 26.092191656000068 ], [ 92.067211683000039, 26.091907807000041 ], [ 92.06500258300008, 26.094166468000026 ], [ 92.064581368000063, 26.094442837000031 ], [ 92.064030891000073, 26.094673678000049 ], [ 92.059789296000076, 26.095282887000053 ], [ 92.054646798000078, 26.095759298000075 ], [ 92.049442299000077, 26.096151583000051 ], [ 92.043196163000061, 26.096197647000054 ], [ 92.042840188000071, 26.096228691000078 ], [ 92.04331832400004, 26.096776374000058 ], [ 92.043875898000067, 26.09740411100006 ], [ 92.04401720900006, 26.097713116000023 ], [ 92.04442507400006, 26.099707446000025 ], [ 92.044981320000034, 26.102157931000079 ], [ 92.045477248000054, 26.103866305000054 ], [ 92.046146939000039, 26.105677952000065 ], [ 92.046293170000069, 26.106252847000064 ], [ 92.046607382000047, 26.106395095000039 ], [ 92.049080480000043, 26.107224425000027 ], [ 92.052353477000054, 26.108242390000044 ], [ 92.054731678000053, 26.10891321400004 ], [ 92.055467074000035, 26.10909343000003 ], [ 92.05579225200006, 26.109103202000028 ], [ 92.056915492000087, 26.109066249000023 ], [ 92.057097169000031, 26.109060331000023 ], [ 92.057225499000083, 26.108995540000024 ], [ 92.057339179000053, 26.108857632000024 ], [ 92.057399740000051, 26.108681408000052 ], [ 92.057536548000087, 26.108123940000041 ], [ 92.057554025000059, 26.107866877000049 ], [ 92.05741772600004, 26.107635246000029 ], [ 92.056705718000046, 26.106469072000039 ], [ 92.056139537000035, 26.105528486000026 ], [ 92.055768805000071, 26.104421193000064 ], [ 92.055568074000064, 26.103391832000057 ], [ 92.055441281000071, 26.10257458600006 ], [ 92.055455927000082, 26.102420325000026 ], [ 92.055512494000084, 26.102356885000063 ], [ 92.055621243000076, 26.102334131000077 ], [ 92.055701920000047, 26.102351216000045 ], [ 92.056815376000031, 26.102647334000039 ], [ 92.058012276000056, 26.103174981000052 ], [ 92.058254627000053, 26.103250142000036 ], [ 92.058480190000068, 26.103284697000049 ], [ 92.058732982000038, 26.103307673000074 ], [ 92.059757657000034, 26.103924941000059 ], [ 92.060952696000072, 26.104833584000062 ], [ 92.062813781000045, 26.105796131000034 ], [ 92.064614972000072, 26.106442608000066 ], [ 92.06521205100006, 26.106580042000076 ], [ 92.066170084000078, 26.106688935000022 ], [ 92.067172292000066, 26.106775667000079 ], [ 92.067388623000056, 26.10688232800004 ], [ 92.067691841000055, 26.107099961000074 ], [ 92.069033324000031, 26.108098724000058 ] ] ] } },
{ "type": "Feature", "properties": { "candidate_id": "RC-029", "pc11_tv_id": "303432", "tv_name": "No.2 Bonda Grant", "TOT_P": 783, "P_06": 90, "P_SC": 17, "P_ST": 19, "elevation_m": 60.0, "slope_deg": 2.1342998941463125, "elevation_band": "50-100m (low)", "exposed_years": 0, "max_exposure_pct": 0.0, "frequency_pct": 0.0, "flood_exclusion": "never_exposed", "distance_to_major_road_m": 924.4000571614738, "distance_to_major_road_km": 0.92440005716147378, "road_access_band": "<1km (excellent)", "distance_to_nearest_exposed_km": 0.44376564501686705, "nearby_exposed_habs": 5.0, "nearby_vulnerable_pop": 9635.0, "amenities_score": 18.4, "suitability_score": 56.25, "suitability_class": "Medium", "capacity_status": "Pending - requires LULC + land area + planning validation", "available_area_ha": null, "max_capacity_persons": null, "capacity_notes": "Carrying capacity calculation requires: (1) NRSC LULC data for land-use classification, (2) Available open land area from LULC + slope analysis, (3) GMDA planning zones and ownership validation, (4) Density assumptions from government norms. NOT CALCULATED - pending these datasets." }, "geometry": { "type": "Polygon", "coordinates": [ [ [ 91.845117154, 26.182093048000077 ], [ 91.845133539000031, 26.181999550000068 ], [ 91.845265012000084, 26.181829336000106 ], [ 91.845694582000093, 26.181458571000071 ], [ 91.845962086000014, 26.181275748000044 ], [ 91.846089569000085, 26.181203237 ], [ 91.846226813000072, 26.181146786000031 ], [ 91.846418893000077, 26.181114830000052 ], [ 91.846812223000114, 26.181098993999985 ], [ 91.847354347000106, 26.181173738000041 ], [ 91.84790855200005, 26.181344689000063 ], [ 91.848150513000078, 26.18145628800006 ], [ 91.848398311000068, 26.181341809000092 ], [ 91.848882597000085, 26.181254447000057 ], [ 91.849733830000076, 26.181159644000029 ], [ 91.850800040000109, 26.181155869000072 ], [ 91.85210150100005, 26.181258341000024 ], [ 91.853306463000095, 26.181426932000029 ], [ 91.854232110000027, 26.181557685000012 ], [ 91.855072205000084, 26.181661707 ], [ 91.855465773000049, 26.181677046000029 ], [ 91.855691069000045, 26.181681906000076 ], [ 91.855768549000061, 26.181669629000037 ], [ 91.85602212, 26.181515623000085 ], [ 91.856399931000084, 26.181290632000032 ], [ 91.856522730000023, 26.181206611 ], [ 91.856595640000108, 26.181154391000039 ], [ 91.856606648000039, 26.181074838000029 ], [ 91.856612714, 26.180942299999987 ], [ 91.856423767000095, 26.179852445000051 ], [ 91.856320118000042, 26.179496817000025 ], [ 91.856273772000037, 26.179428914 ], [ 91.856212838000047, 26.179380656 ], [ 91.854939985000073, 26.179233744000019 ], [ 91.853607029, 26.178938833000043 ], [ 91.851951784, 26.178495720000061 ], [ 91.850969592000098, 26.178238999000047 ], [ 91.850521980000011, 26.178159180000016 ], [ 91.850165457000088, 26.178092941000042 ], [ 91.849630657000063, 26.177939503000047 ], [ 91.848898361000053, 26.177661062000013 ], [ 91.848762916000041, 26.177583443000074 ], [ 91.848590424000065, 26.177423530000077 ], [ 91.848346406000033, 26.177153960000066 ], [ 91.84809566000007, 26.176725636000064 ], [ 91.847841358000082, 26.176370193000054 ], [ 91.847554172000031, 26.176103307000087 ], [ 91.847220931, 26.175789085000112 ], [ 91.846809454000052, 26.175459211 ], [ 91.846656013000057, 26.175303861000021 ], [ 91.846616294000057, 26.175214577000094 ], [ 91.846619838, 26.175145696000079 ], [ 91.846681568000037, 26.174909582000083 ], [ 91.846713400000013, 26.174578246000024 ], [ 91.846724262000023, 26.174367552 ], [ 91.846709700000062, 26.174261501000018 ], [ 91.84664458, 26.174174931000049 ], [ 91.846555599000013, 26.174142088000085 ], [ 91.846207642000081, 26.1740198900001 ], [ 91.846086321000087, 26.173939844000049 ], [ 91.845992786000068, 26.17387305600003 ], [ 91.845928743000016, 26.173766570000012 ], [ 91.845905394000042, 26.173668438000064 ], [ 91.845907050000079, 26.173515561000027 ], [ 91.845920636000059, 26.173396759000056 ], [ 91.846033862000098, 26.173206875000066 ], [ 91.84612914200008, 26.17297684600004 ], [ 91.846203552000105, 26.17262165800005 ], [ 91.846253309000048, 26.172214208000089 ], [ 91.84626995479465, 26.171675394304028 ], [ 91.846121739326847, 26.171610066651319 ], [ 91.846030368207025, 26.171565264225549 ], [ 91.846001840812349, 26.171527015159679 ], [ 91.84600141992965, 26.171495009187407 ], [ 91.844680358000019, 26.171596727000068 ], [ 91.844032022000107, 26.17164052400005 ], [ 91.843508985000085, 26.171644552000028 ], [ 91.842688114000026, 26.171558677000029 ], [ 91.842234743000091, 26.171556916000061 ], [ 91.841428039000036, 26.171609446000055 ], [ 91.83985262200008, 26.171716173 ], [ 91.83844070400005, 26.171989815000085 ], [ 91.83821227100006, 26.172085101000064 ], [ 91.837982182000033, 26.172208416000053 ], [ 91.837802135000061, 26.172324676000081 ], [ 91.837725582000118, 26.172405750000038 ], [ 91.837690773000077, 26.17251467600008 ], [ 91.837676627000064, 26.172650502000039 ], [ 91.837669175000073, 26.172780315000033 ], [ 91.837710359000098, 26.172928967000075 ], [ 91.838217032000017, 26.173521898000018 ], [ 91.838367618000035, 26.173664411000086 ], [ 91.838508166000025, 26.173853885000042 ], [ 91.838809042000065, 26.174655079000075 ], [ 91.838972359000067, 26.17534954300007 ], [ 91.839120085000033, 26.176062882000029 ], [ 91.83932404100004, 26.17681802400007 ], [ 91.839516583000062, 26.177381605000072 ], [ 91.839900221000022, 26.178020149000059 ], [ 91.840654920000105, 26.17899652600002 ], [ 91.841608678000057, 26.179871555000034 ], [ 91.842073711000083, 26.180377694000079 ], [ 91.843016244000083, 26.181325006000034 ], [ 91.843644988000065, 26.181832924000048 ], [ 91.844086344000075, 26.182091943999986 ], [ 91.844399754000079, 26.182179912999981 ], [ 91.844635537000045, 26.182189704000081 ], [ 91.845117154, 26.182093048000077 ] ] ] } },
{ "type": "Feature", "properties": { "candidate_id": "RC-030", "pc11_tv_id": "303431", "tv_name": "No.1 Bonda Grant", "TOT_P": 2179, "P_06": 244, "P_SC": 201, "P_ST": 561, "elevation_m": 219.0, "slope_deg": 27.613098503754813, "elevation_band": "200-500m (upland)", "exposed_years": 0, "max_exposure_pct": 0.0, "frequency_pct": 0.0, "flood_exclusion": "never_exposed", "distance_to_major_road_m": 1351.3430825340338, "distance_to_major_road_km": 1.3513430825340338, "road_access_band": "1-2km (good)", "distance_to_nearest_exposed_km": 0.6743668216343548, "nearby_exposed_habs": 5.0, "nearby_vulnerable_pop": 9635.0, "amenities_score": 18.4, "suitability_score": 55.82, "suitability_class": "Medium", "capacity_status": "Pending - requires LULC + land area + planning validation", "available_area_ha": null, "max_capacity_persons": null, "capacity_notes": "Carrying capacity calculation requires: (1) NRSC LULC data for land-use classification, (2) Available open land area from LULC + slope analysis, (3) GMDA planning zones and ownership validation, (4) Density assumptions from government norms. NOT CALCULATED - pending these datasets." }, "geometry": { "type": "Polygon", "coordinates": [ [ [ 91.861342407026569, 26.182072321580474 ], [ 91.861181235026024, 26.181131917604006 ], [ 91.860867830286267, 26.179267414359764 ], [ 91.860765583664872, 26.17865236171717 ], [ 91.860686982917983, 26.178490431588219 ], [ 91.860516512826877, 26.178112261271913 ], [ 91.859895957232681, 26.177004846896246 ], [ 91.859165425344173, 26.175754723601674 ], [ 91.858816303129927, 26.17520009730665 ], [ 91.858746471672333, 26.175052362976192 ], [ 91.858719643097146, 26.175019704995428 ], [ 91.858646896936861, 26.174935924153608 ], [ 91.858429552381978, 26.17475665599498 ], [ 91.857602335279594, 26.174166044227576 ], [ 91.857090645317101, 26.173786240742469 ], [ 91.856876082365346, 26.173635382167237 ], [ 91.856477367036945, 26.173448560602619 ], [ 91.856147707051065, 26.173357452984103 ], [ 91.85513168268109, 26.173077343844398 ], [ 91.854290836353059, 26.172932844375296 ], [ 91.852621450919258, 26.172705553318654 ], [ 91.851571602147786, 26.172610182014378 ], [ 91.85070560987603, 26.172427788711516 ], [ 91.84924041911016, 26.172169239019283 ], [ 91.848465979621352, 26.172063531806611 ], [ 91.847190920824403, 26.17192530780672 ], [ 91.846699291139444, 26.171842407401247 ], [ 91.84626995479465, 26.171675394304028 ], [ 91.846253309000048, 26.172214208000089 ], [ 91.846203552000105, 26.17262165800005 ], [ 91.84612914200008, 26.17297684600004 ], [ 91.846033862000098, 26.173206875000066 ], [ 91.845920636000059, 26.173396759000056 ], [ 91.845907050000079, 26.173515561000027 ], [ 91.845905394000042, 26.173668438000064 ], [ 91.845928743000016, 26.173766570000012 ], [ 91.845992786000068, 26.17387305600003 ], [ 91.846086321000087, 26.173939844000049 ], [ 91.846207642000081, 26.1740198900001 ], [ 91.846555599000013, 26.174142088000085 ], [ 91.84664458, 26.174174931000049 ], [ 91.846709700000062, 26.174261501000018 ], [ 91.846724262000023, 26.174367552 ], [ 91.846713400000013, 26.174578246000024 ], [ 91.846681568000037, 26.174909582000083 ], [ 91.846619838, 26.175145696000079 ], [ 91.846616294000057, 26.175214577000094 ], [ 91.846656013000057, 26.175303861000021 ], [ 91.846809454000052, 26.175459211 ], [ 91.847220931, 26.175789085000112 ], [ 91.847554172000031, 26.176103307000087 ], [ 91.847841358000082, 26.176370193000054 ], [ 91.84809566000007, 26.176725636000064 ], [ 91.848346406000033, 26.177153960000066 ], [ 91.848590424000065, 26.177423530000077 ], [ 91.848762916000041, 26.177583443000074 ], [ 91.848898361000053, 26.177661062000013 ], [ 91.849630657000063, 26.177939503000047 ], [ 91.850165457000088, 26.178092941000042 ], [ 91.850521980000011, 26.178159180000016 ], [ 91.850969592000098, 26.178238999000047 ], [ 91.851951784, 26.178495720000061 ], [ 91.853607029, 26.178938833000043 ], [ 91.854939985000073, 26.179233744000019 ], [ 91.856212838000047, 26.179380656 ], [ 91.856273772000037, 26.179428914 ], [ 91.856320118000042, 26.179496817000025 ], [ 91.856423767000095, 26.179852445000051 ], [ 91.856612714, 26.180942299999987 ], [ 91.856606648000039, 26.181074838000029 ], [ 91.856595640000108, 26.181154391000039 ], [ 91.856522730000023, 26.181206611 ], [ 91.856399931000084, 26.181290632000032 ], [ 91.85602212, 26.181515623000085 ], [ 91.855768549000061, 26.181669629000037 ], [ 91.855691069000045, 26.181681906000076 ], [ 91.855465773000049, 26.181677046000029 ], [ 91.855072205000084, 26.181661707 ], [ 91.854232110000027, 26.181557685000012 ], [ 91.853306463000095, 26.181426932000029 ], [ 91.85210150100005, 26.181258341000024 ], [ 91.850800040000109, 26.181155869000072 ], [ 91.849733830000076, 26.181159644000029 ], [ 91.848882597000085, 26.181254447000057 ], [ 91.848398311000068, 26.181341809000092 ], [ 91.848150513000078, 26.18145628800006 ], [ 91.848800621000052, 26.181978851000043 ], [ 91.848998873000113, 26.182141937000036 ], [ 91.849091480000041, 26.182259774000016 ], [ 91.849169993000061, 26.182450152000047 ], [ 91.849200944000046, 26.182553194000047 ], [ 91.849239117000096, 26.182616486000043 ], [ 91.849317546000094, 26.182700267000047 ], [ 91.85008448400005, 26.18326624800007 ], [ 91.850357354000067, 26.183508446000037 ], [ 91.850807174000067, 26.184121989000086 ], [ 91.851143677000024, 26.184519758000047 ], [ 91.851474955604743, 26.184806044763231 ], [ 91.851522861590865, 26.184776993063874 ], [ 91.851620459616612, 26.184770695111492 ], [ 91.852146658341653, 26.184779889780163 ], [ 91.855840601162868, 26.184975603841121 ], [ 91.858024647019846, 26.18512915858382 ], [ 91.858725982418221, 26.185194396304379 ], [ 91.860670015408985, 26.185379816725263 ], [ 91.861712380022368, 26.185482422176065 ], [ 91.861781638611802, 26.185479397756062 ], [ 91.861829016695836, 26.185473765302092 ], [ 91.861876701448693, 26.185461167598856 ], [ 91.86191658728076, 26.185435399324231 ], [ 91.861937526195987, 26.185388166930412 ], [ 91.861942392427494, 26.185325530948589 ], [ 91.861887583245405, 26.184317377445065 ], [ 91.861831864848753, 26.183732588788011 ], [ 91.861533334895555, 26.182699072604176 ], [ 91.861364000648123, 26.182198619670594 ], [ 91.861342407026569, 26.182072321580474 ] ] ] } },
{ "type": "Feature", "properties": { "candidate_id": "RC-031", "pc11_tv_id": "303494", "tv_name": "Bandargog N.C.", "TOT_P": 585, "P_06": 59, "P_SC": 0, "P_ST": 54, "elevation_m": 326.0, "slope_deg": 7.8255256245975753, "elevation_band": "200-500m (upland)", "exposed_years": 0, "max_exposure_pct": 0.0, "frequency_pct": 0.0, "flood_exclusion": "never_exposed", "distance_to_major_road_m": 6609.8525838721471, "distance_to_major_road_km": 6.6098525838721471, "road_access_band": "5-10km (poor)", "distance_to_nearest_exposed_km": 3.703645382467541, "nearby_exposed_habs": 4.0, "nearby_vulnerable_pop": 2345.0, "amenities_score": 18.4, "suitability_score": 55.63, "suitability_class": "Medium", "capacity_status": "Pending - requires LULC + land area + planning validation", "available_area_ha": null, "max_capacity_persons": null, "capacity_notes": "Carrying capacity calculation requires: (1) NRSC LULC data for land-use classification, (2) Available open land area from LULC + slope analysis, (3) GMDA planning zones and ownership validation, (4) Density assumptions from government norms. NOT CALCULATED - pending these datasets." }, "geometry": { "type": "Polygon", "coordinates": [ [ [ 92.018120310000086, 26.066222171000049 ], [ 92.017093107000051, 26.065956998000047 ], [ 92.016740668000068, 26.065805685000043 ], [ 92.016587453000056, 26.065743446000056 ], [ 92.016307810000058, 26.065383908000058 ], [ 92.016054051000083, 26.064927194000063 ], [ 92.015217102000065, 26.062720072000047 ], [ 92.014796124000043, 26.061435552000034 ], [ 92.013237720000063, 26.055985685000053 ], [ 92.012071133000063, 26.052335366000023 ], [ 92.012023795000061, 26.052148608000039 ], [ 92.009229489000063, 26.052187565000054 ], [ 92.005108140000061, 26.052202909000073 ], [ 92.003065271000082, 26.052515152000069 ], [ 92.002108786000065, 26.052788993000036 ], [ 92.000248358000078, 26.053483503000052 ], [ 91.999472876000084, 26.053809328000057 ], [ 91.998955485000067, 26.054127148000077 ], [ 91.998295872000085, 26.054659241000024 ], [ 91.99770043400008, 26.055039287000056 ], [ 91.997413083000083, 26.055246565000061 ], [ 91.998188875000039, 26.055790784000067 ], [ 91.998650093000037, 26.056232666000028 ], [ 91.999826618000043, 26.058085718000029 ], [ 92.000592806000043, 26.059414068000024 ], [ 92.001023159000056, 26.059917323000036 ], [ 92.002611629000057, 26.061434439000038 ], [ 92.003683801000079, 26.062444606000042 ], [ 92.009556158000066, 26.067094260000033 ], [ 92.012234057000057, 26.069456761000026 ], [ 92.012374160000036, 26.069546360000061 ], [ 92.012848431000066, 26.069271023000056 ], [ 92.014214480000078, 26.068713581000054 ], [ 92.016259365000053, 26.067784520000032 ], [ 92.017302090000044, 26.067077335000079 ], [ 92.017679394000083, 26.066796906000036 ], [ 92.017961882000066, 26.066538508000065 ], [ 92.018120310000086, 26.066222171000049 ] ] ] } },
{ "type": "Feature", "properties": { "candidate_id": "RC-032", "pc11_tv_id": "303466", "tv_name": "Sarutari Gaon", "TOT_P": 1445, "P_06": 229, "P_SC": 3, "P_ST": 87, "elevation_m": 117.0, "slope_deg": 15.042369244334246, "elevation_band": "100-200m (foothill)", "exposed_years": 0, "max_exposure_pct": 0.0, "frequency_pct": 0.0, "flood_exclusion": "never_exposed", "distance_to_major_road_m": 238.68295427102629, "distance_to_major_road_km": 0.23868295427102629, "road_access_band": "<1km (excellent)", "distance_to_nearest_exposed_km": 0.38568099311202353, "nearby_exposed_habs": 5.0, "nearby_vulnerable_pop": 2503.0, "amenities_score": 36.8, "suitability_score": 55.55, "suitability_class": "Medium", "capacity_status": "Pending - requires LULC + land area + planning validation", "available_area_ha": null, "max_capacity_persons": null, "capacity_notes": "Carrying capacity calculation requires: (1) NRSC LULC data for land-use classification, (2) Available open land area from LULC + slope analysis, (3) GMDA planning zones and ownership validation, (4) Density assumptions from government norms. NOT CALCULATED - pending these datasets." }, "geometry": { "type": "Polygon", "coordinates": [ [ [ 91.89279657600008, 26.064201515000036 ], [ 91.892527935000032, 26.06386500900004 ], [ 91.891685345000042, 26.062807629000076 ], [ 91.891150594000067, 26.062403424000024 ], [ 91.890701268000043, 26.062106981000056 ], [ 91.889212050000083, 26.061484248000056 ], [ 91.886781002000077, 26.06032020300006 ], [ 91.885545750000063, 26.059781154000063 ], [ 91.884759471000052, 26.059338626000056 ], [ 91.884332412000049, 26.059267980000072 ], [ 91.884252977000074, 26.059281891000069 ], [ 91.884152994000033, 26.059339829000066 ], [ 91.884108337000043, 26.059515388000023 ], [ 91.884074817000055, 26.059648991000074 ], [ 91.883751028000063, 26.063427345000036 ], [ 91.883666222000045, 26.06358453100006 ], [ 91.88354570000007, 26.063696336000078 ], [ 91.883402080000053, 26.063819960000046 ], [ 91.883224122000058, 26.06387657700003 ], [ 91.882987510000078, 26.063888034000058 ], [ 91.880357772000082, 26.063825448000046 ], [ 91.880475416000081, 26.064581156000031 ], [ 91.880677363000075, 26.065413636000073 ], [ 91.880856509000068, 26.065758230000029 ], [ 91.881163868000044, 26.066094500000077 ], [ 91.881327494000061, 26.066223773000047 ], [ 91.88149097400003, 26.066361951000033 ], [ 91.881682674000047, 26.066492521000043 ], [ 91.881791331000045, 26.066605319000075 ], [ 91.882199980000053, 26.066641136000044 ], [ 91.883546725000031, 26.06693298700003 ], [ 91.886962977000053, 26.067769666000061 ], [ 91.888497161000032, 26.068012061000047 ], [ 91.888944151000032, 26.068082587000049 ], [ 91.889549077000083, 26.068091132000063 ], [ 91.890980673000058, 26.068074086000024 ], [ 91.891476717000046, 26.06805520100005 ], [ 91.891726141000049, 26.067927559000054 ], [ 91.891907439000079, 26.067771745000073 ], [ 91.892034934000037, 26.067601961000037 ], [ 91.892668164000042, 26.065954742000031 ], [ 91.892919056000039, 26.065127246000031 ], [ 91.892933976000052, 26.064860273000079 ], [ 91.892939323000064, 26.064545851000048 ], [ 91.89279657600008, 26.064201515000036 ] ] ] } },
{ "type": "Feature", "properties": { "candidate_id": "RC-033", "pc11_tv_id": "303467", "tv_name": "Tamulikuchi Gaon", "TOT_P": 1413, "P_06": 180, "P_SC": 163, "P_ST": 240, "elevation_m": 67.0, "slope_deg": 6.0914780020797687, "elevation_band": "50-100m (low)", "exposed_years": 0, "max_exposure_pct": 0.0, "frequency_pct": 0.0, "flood_exclusion": "never_exposed", "distance_to_major_road_m": 242.84658977497836, "distance_to_major_road_km": 0.24284658977497836, "road_access_band": "<1km (excellent)", "distance_to_nearest_exposed_km": 1.5162880237873793, "nearby_exposed_habs": 4.0, "nearby_vulnerable_pop": 2259.0, "amenities_score": 36.8, "suitability_score": 55.23, "suitability_class": "Medium", "capacity_status": "Pending - requires LULC + land area + planning validation", "available_area_ha": null, "max_capacity_persons": null, "capacity_notes": "Carrying capacity calculation requires: (1) NRSC LULC data for land-use classification, (2) Available open land area from LULC + slope analysis, (3) GMDA planning zones and ownership validation, (4) Density assumptions from government norms. NOT CALCULATED - pending these datasets." }, "geometry": { "type": "Polygon", "coordinates": [ [ [ 91.885047808000039, 26.075976287000024 ], [ 91.884794434000042, 26.07504818200006 ], [ 91.883921082000072, 26.072509254000042 ], [ 91.883368442000091, 26.071135019000025 ], [ 91.882119638000063, 26.068576544000077 ], [ 91.88189818500004, 26.068005677 ], [ 91.881815154, 26.067436916000108 ], [ 91.881853130000124, 26.06678641300002 ], [ 91.881791331000073, 26.066605319000047 ], [ 91.881682674000047, 26.06649252100004 ], [ 91.881490974, 26.066361951000072 ], [ 91.881327494000061, 26.066223773 ], [ 91.88116386800003, 26.066094500000059 ], [ 91.880856509000083, 26.065758230000036 ], [ 91.880677363000103, 26.065413636000034 ], [ 91.880475416000081, 26.064581155999988 ], [ 91.880357772000124, 26.063825448000078 ], [ 91.879807674000077, 26.063812863000102 ], [ 91.875100783, 26.063479264000033 ], [ 91.87202081490878, 26.063180602602731 ], [ 91.872005066880376, 26.063722075413498 ], [ 91.87129588759521, 26.06546798685816 ], [ 91.870108601730664, 26.068151787774774 ], [ 91.868783635956135, 26.07166345690306 ], [ 91.869005669576069, 26.072508584903353 ], [ 91.869125220052879, 26.072732612320237 ], [ 91.869992008224614, 26.074374572928249 ], [ 91.870869170975581, 26.076919472655558 ], [ 91.871132898964177, 26.077471464836233 ], [ 91.885047808000039, 26.075976287000024 ] ] ] } },
{ "type": "Feature", "properties": { "candidate_id": "RC-034", "pc11_tv_id": "303470", "tv_name": "Kamalajari N.C.", "TOT_P": 415, "P_06": 49, "P_SC": 1, "P_ST": 0, "elevation_m": 73.0, "slope_deg": 7.2338446967252255, "elevation_band": "50-100m (low)", "exposed_years": 0, "max_exposure_pct": 0.0, "frequency_pct": 0.0, "flood_exclusion": "never_exposed", "distance_to_major_road_m": 890.36939095378295, "distance_to_major_road_km": 0.89036939095378298, "road_access_band": "<1km (excellent)", "distance_to_nearest_exposed_km": 0.36349586255927901, "nearby_exposed_habs": 20.0, "nearby_vulnerable_pop": 22291.0, "amenities_score": 18.4, "suitability_score": 55.14, "suitability_class": "Medium", "capacity_status": "Pending - requires LULC + land area + planning validation", "available_area_ha": null, "max_capacity_persons": null, "capacity_notes": "Carrying capacity calculation requires: (1) NRSC LULC data for land-use classification, (2) Available open land area from LULC + slope analysis, (3) GMDA planning zones and ownership validation, (4) Density assumptions from government norms. NOT CALCULATED - pending these datasets." }, "geometry": { "type": "Polygon", "coordinates": [ [ [ 91.925810335000051, 26.107929962000071 ], [ 91.925985096000034, 26.10835363700005 ], [ 91.926496387000043, 26.108262293000053 ], [ 91.927124824000032, 26.108028903000047 ], [ 91.927576180000074, 26.107867706000036 ], [ 91.928101316000038, 26.107852159000061 ], [ 91.928461326000047, 26.107878391000042 ], [ 91.929517266000062, 26.108106544000066 ], [ 91.929844089000085, 26.108172855000078 ], [ 91.930040426000062, 26.108208362000028 ], [ 91.930223632000036, 26.108329334000075 ], [ 91.930401298000049, 26.108708020000051 ], [ 91.930669951000084, 26.108916266000051 ], [ 91.931155067000077, 26.109111463000033 ], [ 91.932229276000044, 26.109373757000071 ], [ 91.933670585000073, 26.109635985000068 ], [ 91.935641765000071, 26.10966482200007 ], [ 91.93874280600005, 26.109753875000024 ], [ 91.940488472000084, 26.109738668000034 ], [ 91.942762769000069, 26.109363666000036 ], [ 91.944882005000068, 26.109013125000047 ], [ 91.945487807000063, 26.109003904000076 ], [ 91.945632905000082, 26.109013788000027 ], [ 91.945811414000048, 26.109034025000028 ], [ 91.945944819000033, 26.109110791000035 ], [ 91.946076666000067, 26.109228847000054 ], [ 91.946278473000064, 26.109528330000046 ], [ 91.946429968000075, 26.109880798000063 ], [ 91.946777134000058, 26.110430877000056 ], [ 91.947940924000079, 26.109245047000059 ], [ 91.948536979000039, 26.10865252800005 ], [ 91.949013669000067, 26.108397142000058 ], [ 91.949764084000037, 26.10792615500003 ], [ 91.950590694000084, 26.10742607800006 ], [ 91.950924269000041, 26.107123671000068 ], [ 91.951597951000053, 26.106565734000071 ], [ 91.95182064800008, 26.106350659000043 ], [ 91.952096355000037, 26.106013907000033 ], [ 91.951815193000073, 26.105994564000071 ], [ 91.951572570000053, 26.105958651000037 ], [ 91.951332011000034, 26.105894548000038 ], [ 91.950077030000045, 26.105029107000064 ], [ 91.948819822000075, 26.104313241000057 ], [ 91.94821190600004, 26.104087603000039 ], [ 91.947874313000057, 26.103957060000027 ], [ 91.947740336000038, 26.103861176000066 ], [ 91.947577380000041, 26.103733711000075 ], [ 91.947535102000074, 26.103631028000052 ], [ 91.947308898000074, 26.103184386000066 ], [ 91.947083440000085, 26.102755588000036 ], [ 91.945856983000056, 26.102691209000056 ], [ 91.944323326000074, 26.102581081000039 ], [ 91.94359933700008, 26.10245539500005 ], [ 91.941314434000049, 26.101802833000079 ], [ 91.939736878000076, 26.101337942000043 ], [ 91.938916082000048, 26.101012651000076 ], [ 91.937003666000066, 26.099996297000075 ], [ 91.936235383000053, 26.099611205000031 ], [ 91.935905425000044, 26.099332176000075 ], [ 91.934664424000061, 26.097997874000043 ], [ 91.934443416000079, 26.09759927500005 ], [ 91.934105844000044, 26.096934007000073 ], [ 91.933424839000054, 26.095363837000036 ], [ 91.933353210000064, 26.094953904000079 ], [ 91.933285184000056, 26.092160255000067 ], [ 91.933229393000033, 26.091291099000046 ], [ 91.933253400000069, 26.091057880000051 ], [ 91.93336260500007, 26.090797222000049 ], [ 91.933934428000043, 26.089812987000073 ], [ 91.933539951000057, 26.089799009000046 ], [ 91.931108944000073, 26.089683370000046 ], [ 91.931193388000054, 26.091538082000056 ], [ 91.931154584000069, 26.093578327000046 ], [ 91.930974908000053, 26.09477042900005 ], [ 91.930611622000072, 26.097453317000031 ], [ 91.930417962000035, 26.098178666000024 ], [ 91.929744505000031, 26.100180600000044 ], [ 91.929476396000041, 26.100899096000035 ], [ 91.929210081000065, 26.101432976000069 ], [ 91.92772700900008, 26.104042285000048 ], [ 91.926069122000058, 26.107268273000045 ], [ 91.925810335000051, 26.107929962000071 ] ] ] } },
{ "type": "Feature", "properties": { "candidate_id": "RC-035", "pc11_tv_id": "303509", "tv_name": "Bargog", "TOT_P": 409, "P_06": 45, "P_SC": 0, "P_ST": 85, "elevation_m": 111.0, "slope_deg": 23.195068590140778, "elevation_band": "100-200m (foothill)", "exposed_years": 0, "max_exposure_pct": 0.0, "frequency_pct": 0.0, "flood_exclusion": "never_exposed", "distance_to_major_road_m": 448.84358883390297, "distance_to_major_road_km": 0.44884358883390296, "road_access_band": "<1km (excellent)", "distance_to_nearest_exposed_km": 0.61311410533361055, "nearby_exposed_habs": 26.0, "nearby_vulnerable_pop": 30268.0, "amenities_score": 34.2, "suitability_score": 55.06, "suitability_class": "Medium", "capacity_status": "Pending - requires LULC + land area + planning validation", "available_area_ha": null, "max_capacity_persons": null, "capacity_notes": "Carrying capacity calculation requires: (1) NRSC LULC data for land-use classification, (2) Available open land area from LULC + slope analysis, (3) GMDA planning zones and ownership validation, (4) Density assumptions from government norms. NOT CALCULATED - pending these datasets." }, "geometry": { "type": "Polygon", "coordinates": [ [ [ 92.026593339000044, 26.190321467000047 ], [ 92.026948721000053, 26.189916897000046 ], [ 92.027836271000069, 26.188714451000067 ], [ 92.028184237000062, 26.187977894000028 ], [ 92.029138560000035, 26.18593842000007 ], [ 92.030196567000075, 26.183325857000057 ], [ 92.031335590000083, 26.181368848000034 ], [ 92.031839396000066, 26.180566624000051 ], [ 92.032039472000065, 26.180420507000065 ], [ 92.032607436000035, 26.180162890000076 ], [ 92.032914318000053, 26.180001392000065 ], [ 92.033588269000063, 26.179727888000059 ], [ 92.034885682000038, 26.179443520000063 ], [ 92.035320932000047, 26.179332677000048 ], [ 92.034750573000053, 26.179168593000043 ], [ 92.034260757000084, 26.178992739000023 ], [ 92.033625421000067, 26.178717875000075 ], [ 92.032392870000081, 26.177921988000037 ], [ 92.031592724000063, 26.177209289000075 ], [ 92.030907713000033, 26.176405736000049 ], [ 92.030704572000047, 26.176066602000049 ], [ 92.030284921000032, 26.174748244000057 ], [ 92.029897590000076, 26.173231731000044 ], [ 92.029742906000081, 26.172054895000031 ], [ 92.029588208000064, 26.171437035000054 ], [ 92.029125902000033, 26.170145528000035 ], [ 92.028876191000052, 26.169683946000077 ], [ 92.028822772000069, 26.169633245000057 ], [ 92.02871637700008, 26.169590042000038 ], [ 92.028501081000059, 26.169604651000043 ], [ 92.027804425000056, 26.169794547000038 ], [ 92.027516525000067, 26.169885561000058 ], [ 92.026541660000078, 26.170193256000061 ], [ 92.026231569000061, 26.170305025000062 ], [ 92.026005571000042, 26.170409805000077 ], [ 92.02576986300005, 26.170605179000063 ], [ 92.025460593000048, 26.171000312000047 ], [ 92.025214633000076, 26.171353488000022 ], [ 92.024663029000067, 26.171918895000033 ], [ 92.022929228000066, 26.172979445000067 ], [ 92.02226898400005, 26.173366005000048 ], [ 92.022006009000052, 26.173573109000074 ], [ 92.021689932000072, 26.173965646000056 ], [ 92.020553322000069, 26.175782613000024 ], [ 92.018884034000052, 26.178620054000078 ], [ 92.018221369000059, 26.179866295000068 ], [ 92.018013619000044, 26.180445409000072 ], [ 92.017526603000078, 26.182882437000046 ], [ 92.017383112000061, 26.184086358000059 ], [ 92.017225259000043, 26.186858631000064 ], [ 92.017093817000045, 26.187438172000043 ], [ 92.016728233000038, 26.188847997000039 ], [ 92.016561060000072, 26.189358363000053 ], [ 92.016120882000052, 26.190229835000025 ], [ 92.015698114000031, 26.190718534000041 ], [ 92.015450584000064, 26.19094719800006 ], [ 92.015219215000059, 26.191096139000024 ], [ 92.015209224000046, 26.191211462000069 ], [ 92.015065190000087, 26.191554243000041 ], [ 92.014997382000047, 26.19165828000007 ], [ 92.014995845000044, 26.191774907000024 ], [ 92.015068540000073, 26.191866893000054 ], [ 92.015175369000076, 26.191923619000079 ], [ 92.016621828000041, 26.191976270000055 ], [ 92.017887767000047, 26.191968948000067 ], [ 92.018955208000079, 26.191861791000065 ], [ 92.01954889700005, 26.191781683000045 ], [ 92.020382525000059, 26.191522346000056 ], [ 92.021125893000033, 26.191143987000032 ], [ 92.021879412000033, 26.191009759000053 ], [ 92.022841757000037, 26.190995095000062 ], [ 92.02388501300004, 26.191023450000046 ], [ 92.024453331000075, 26.190953049000029 ], [ 92.025780721000046, 26.190527018000068 ], [ 92.026257623000049, 26.190409708000061 ], [ 92.026593339000044, 26.190321467000047 ] ] ] } },
{ "type": "Feature", "properties": { "candidate_id": "RC-036", "pc11_tv_id": "303535", "tv_name": "Khat Tetelia N.C.", "TOT_P": 102, "P_06": 10, "P_SC": 0, "P_ST": 0, "elevation_m": 202.0, "slope_deg": 16.453666886955713, "elevation_band": "200-500m (upland)", "exposed_years": 0, "max_exposure_pct": 0.0, "frequency_pct": 0.0, "flood_exclusion": "never_exposed", "distance_to_major_road_m": 1887.5269270389106, "distance_to_major_road_km": 1.8875269270389106, "road_access_band": "1-2km (good)", "distance_to_nearest_exposed_km": 0.70644247101798141, "nearby_exposed_habs": 17.0, "nearby_vulnerable_pop": 22146.0, "amenities_score": 0.0, "suitability_score": 54.55, "suitability_class": "Medium", "capacity_status": "Pending - requires LULC + land area + planning validation", "available_area_ha": null, "max_capacity_persons": null, "capacity_notes": "Carrying capacity calculation requires: (1) NRSC LULC data for land-use classification, (2) Available open land area from LULC + slope analysis, (3) GMDA planning zones and ownership validation, (4) Density assumptions from government norms. NOT CALCULATED - pending these datasets." }, "geometry": { "type": "Polygon", "coordinates": [ [ [ 92.023668770000086, 26.11431628400004 ], [ 92.024516391000077, 26.113350551000053 ], [ 92.024895743000059, 26.112776987000075 ], [ 92.025219402000062, 26.112263919000043 ], [ 92.025443199000051, 26.111595933000046 ], [ 92.025863757000081, 26.110409295000068 ], [ 92.026090365000073, 26.109905454000057 ], [ 92.02634822300007, 26.109411007000062 ], [ 92.026466569000036, 26.108980963000079 ], [ 92.026675718000035, 26.107956519000027 ], [ 92.026318792000041, 26.107605646000025 ], [ 92.026228194000055, 26.107475380000039 ], [ 92.026180460000035, 26.107331202000069 ], [ 92.02598703600006, 26.106411657000024 ], [ 92.025730882000062, 26.10543322500007 ], [ 92.025728704000073, 26.105177266000055 ], [ 92.025744383000074, 26.10495684600005 ], [ 92.025856242000032, 26.104639090000035 ], [ 92.02633460800007, 26.103271867000046 ], [ 92.026569256000073, 26.102375312000049 ], [ 92.026713655000037, 26.102039153000078 ], [ 92.026768558000072, 26.101932701000067 ], [ 92.026824407000049, 26.101826220000078 ], [ 92.02687317200008, 26.101668446000076 ], [ 92.026878484000065, 26.101476185000024 ], [ 92.02685778700004, 26.101130227000056 ], [ 92.026610315000084, 26.100092005000079 ], [ 92.026333212000054, 26.100102807000042 ], [ 92.025739922000071, 26.100001980000059 ], [ 92.022234815000047, 26.098135515000024 ], [ 92.019052323000039, 26.096820248000029 ], [ 92.017386473000045, 26.096340974000043 ], [ 92.016778516000045, 26.096018697000034 ], [ 92.014770221000049, 26.094466053000076 ], [ 92.014565505000064, 26.095013497000025 ], [ 92.014128718000052, 26.096183790000055 ], [ 92.013089510000043, 26.098388230000069 ], [ 92.011273851000055, 26.101805508000041 ], [ 92.010701272000063, 26.102834189000077 ], [ 92.010429718000069, 26.103162226000052 ], [ 92.00995782800004, 26.103520941000056 ], [ 92.009125603000086, 26.103917652000064 ], [ 92.008762875000059, 26.103984208000043 ], [ 92.009136383000055, 26.104568130000075 ], [ 92.011123664000081, 26.107195670000067 ], [ 92.012516080000069, 26.109024971000053 ], [ 92.013428213000054, 26.110230062000028 ], [ 92.013663460000032, 26.110651780000069 ], [ 92.014021296000067, 26.111708863000047 ], [ 92.015157147000082, 26.114827060000039 ], [ 92.01527118100006, 26.114989340000079 ], [ 92.015857725000046, 26.114820311000074 ], [ 92.017189788000053, 26.114613576000067 ], [ 92.018192616000078, 26.114507256000024 ], [ 92.020624391000069, 26.114388179000059 ], [ 92.022146572000054, 26.114251710000076 ], [ 92.022527852000053, 26.114182458000073 ], [ 92.023281927000085, 26.113995402000057 ], [ 92.023536802000081, 26.113939876000074 ], [ 92.02363017600004, 26.113972533000037 ], [ 92.023658179000051, 26.114055290000067 ], [ 92.023668770000086, 26.11431628400004 ] ] ] } },
{ "type": "Feature", "properties": { "candidate_id": "RC-037", "pc11_tv_id": "303488", "tv_name": "Luri N.C.", "TOT_P": 355, "P_06": 43, "P_SC": 0, "P_ST": 0, "elevation_m": 154.0, "slope_deg": 12.260147486012336, "elevation_band": "100-200m (foothill)", "exposed_years": 0, "max_exposure_pct": 0.0, "frequency_pct": 0.0, "flood_exclusion": "never_exposed", "distance_to_major_road_m": 3322.5653717660393, "distance_to_major_road_km": 3.3225653717660393, "road_access_band": "2-5km (moderate)", "distance_to_nearest_exposed_km": 0.39281867584783325, "nearby_exposed_habs": 15.0, "nearby_vulnerable_pop": 19697.0, "amenities_score": 18.4, "suitability_score": 54.5, "suitability_class": "Medium", "capacity_status": "Pending - requires LULC + land area + planning validation", "available_area_ha": null, "max_capacity_persons": null, "capacity_notes": "Carrying capacity calculation requires: (1) NRSC LULC data for land-use classification, (2) Available open land area from LULC + slope analysis, (3) GMDA planning zones and ownership validation, (4) Density assumptions from government norms. NOT CALCULATED - pending these datasets." }, "geometry": { "type": "Polygon", "coordinates": [ [ [ 92.001644068000076, 26.087624059000063 ], [ 91.998989252000058, 26.086323017000041 ], [ 91.995711582000069, 26.08454111900005 ], [ 91.994412519000036, 26.084006184000032 ], [ 91.992963169000063, 26.08355210600007 ], [ 91.989992833000031, 26.082250444000067 ], [ 91.988561685000036, 26.081547529000034 ], [ 91.987591680000037, 26.081070400000044 ], [ 91.986856079000063, 26.080260529000043 ], [ 91.985206208000079, 26.078740960000061 ], [ 91.983755337000048, 26.077550372000076 ], [ 91.979784804000076, 26.074747020000075 ], [ 91.978563938000036, 26.073865246000025 ], [ 91.978239836000057, 26.074418157000025 ], [ 91.977722855000081, 26.075297124000031 ], [ 91.977075093000053, 26.07621027700003 ], [ 91.976610134000055, 26.076773520000074 ], [ 91.976155151000057, 26.077311192000025 ], [ 91.975491878000071, 26.078109340000026 ], [ 91.974628394000035, 26.079228016000059 ], [ 91.974136141000031, 26.079998802000034 ], [ 91.973850776000063, 26.080376357000034 ], [ 91.973546749000036, 26.080615011000077 ], [ 91.973563954000042, 26.08074438500006 ], [ 91.973743521000074, 26.081031431000042 ], [ 91.974182020000057, 26.081559095000046 ], [ 91.975462954000079, 26.082739138000079 ], [ 91.976377924000076, 26.08344504400003 ], [ 91.977233307000063, 26.083898585000043 ], [ 91.978401957000074, 26.084345986000073 ], [ 91.980612801000063, 26.085092947000078 ], [ 91.981871765000051, 26.085422848000064 ], [ 91.983194735000041, 26.086032886000055 ], [ 91.986002399000085, 26.087256955000043 ], [ 91.987030208000078, 26.087713154000028 ], [ 91.987616481000032, 26.087635287000069 ], [ 91.988033269000084, 26.087666058000025 ], [ 91.988157662000049, 26.087733971000034 ], [ 91.988549703000047, 26.088046662000067 ], [ 91.990612571000042, 26.089012568000044 ], [ 91.993269153000085, 26.090800088000037 ], [ 91.994534234000071, 26.091531327000041 ], [ 91.99491606600003, 26.091706341000076 ], [ 91.995070437000038, 26.091777816000047 ], [ 91.995158150000066, 26.091823560000023 ], [ 91.996964300000059, 26.090286062000075 ], [ 91.997686670000064, 26.089650031000076 ], [ 91.99796583300008, 26.089497967000057 ], [ 91.998302739000053, 26.089401643000031 ], [ 91.998897231000058, 26.089258674000064 ], [ 91.999663575000056, 26.088923349000027 ], [ 91.999963218000062, 26.088735281000027 ], [ 92.001644068000076, 26.087624059000063 ] ] ] } },
{ "type": "Feature", "properties": { "candidate_id": "RC-038", "pc11_tv_id": "303430", "tv_name": "Kalitakuchi N.C.", "TOT_P": 1728, "P_06": 199, "P_SC": 142, "P_ST": 24, "elevation_m": 109.0, "slope_deg": 10.555380466061173, "elevation_band": "100-200m (foothill)", "exposed_years": 0, "max_exposure_pct": 0.0, "frequency_pct": 0.0, "flood_exclusion": "never_exposed", "distance_to_major_road_m": 679.16065837060387, "distance_to_major_road_km": 0.67916065837060391, "road_access_band": "<1km (excellent)", "distance_to_nearest_exposed_km": 0.49800462909392001, "nearby_exposed_habs": 4.0, "nearby_vulnerable_pop": 5818.0, "amenities_score": 18.4, "suitability_score": 53.92, "suitability_class": "Medium", "capacity_status": "Pending - requires LULC + land area + planning validation", "available_area_ha": null, "max_capacity_persons": null, "capacity_notes": "Carrying capacity calculation requires: (1) NRSC LULC data for land-use classification, (2) Available open land area from LULC + slope analysis, (3) GMDA planning zones and ownership validation, (4) Density assumptions from government norms. NOT CALCULATED - pending these datasets." }, "geometry": { "type": "Polygon", "coordinates": [ [ [ 91.856008527971241, 26.157127622741694 ], [ 91.856096005026615, 26.156847124195437 ], [ 91.856100998062658, 26.156744437805646 ], [ 91.856069000184263, 26.156547346882597 ], [ 91.855955610063404, 26.156335653667551 ], [ 91.855641073077095, 26.155860327792002 ], [ 91.855187917000066, 26.155987448000051 ], [ 91.855006644000085, 26.156037750000038 ], [ 91.854760006000021, 26.156084972000038 ], [ 91.854163750000055, 26.15613664300005 ], [ 91.853365405, 26.156191680000074 ], [ 91.853184065000093, 26.156219172000039 ], [ 91.852984998000053, 26.156267592000049 ], [ 91.852869300000066, 26.156353522000053 ], [ 91.852789216000104, 26.156475223 ], [ 91.852670759000077, 26.156716197000041 ], [ 91.85265540900005, 26.156792502000048 ], [ 91.85265016200006, 26.156895129000102 ], [ 91.852667788000105, 26.156977945000026 ], [ 91.852674540000038, 26.157049527 ], [ 91.852671149000017, 26.157115927000074 ], [ 91.852631592000122, 26.157156631000067 ], [ 91.852566024000026, 26.157196961000029 ], [ 91.852501017000066, 26.157226229000052 ], [ 91.852409334000029, 26.15728834000004 ], [ 91.85232295600008, 26.157368652000024 ], [ 91.85224901, 26.157470279000083 ], [ 91.85219915100005, 26.157711136000028 ], [ 91.852200944000018, 26.158305898000034 ], [ 91.852162960000072, 26.15872189 ], [ 91.852154097000053, 26.158793191000029 ], [ 91.852098602000069, 26.158838677000062 ], [ 91.852027733000071, 26.158878919000106 ], [ 91.851883187000013, 26.158891980000032 ], [ 91.851749827000077, 26.158890131000057 ], [ 91.851643809000024, 26.158883647000053 ], [ 91.851571127000042, 26.158857512000022 ], [ 91.851499796, 26.15880524900005 ], [ 91.851300258, 26.158551121000073 ], [ 91.851070142000069, 26.158385166000109 ], [ 91.850838436000089, 26.158250445000064 ], [ 91.850135676000022, 26.157994492000025 ], [ 91.849534206000087, 26.157854950000026 ], [ 91.84907730300003, 26.157780717000012 ], [ 91.848886847000074, 26.157773749000057 ], [ 91.848657456000097, 26.157811697000088 ], [ 91.848472677000089, 26.157930570000065 ], [ 91.848344998000101, 26.158073136000048 ], [ 91.848273371000033, 26.158182049000089 ], [ 91.848261506000114, 26.158285486000032 ], [ 91.848270648000067, 26.158463504000018 ], [ 91.848248461000111, 26.158757814000033 ], [ 91.848200154000011, 26.158878975000022 ], [ 91.848109768000086, 26.158986674000051 ], [ 91.848092960000031, 26.159085006000016 ], [ 91.848112940000078, 26.159159560000056 ], [ 91.848157849000074, 26.159217263000034 ], [ 91.848183977000105, 26.159274791 ], [ 91.848178064000052, 26.15938427 ], [ 91.848143848000063, 26.159476392000069 ], [ 91.848083708000061, 26.159584345000031 ], [ 91.847970087000078, 26.159676726000036 ], [ 91.847896799000054, 26.159699159000027 ], [ 91.847800744000011, 26.159698284000044 ], [ 91.847323447000036, 26.159677056000064 ], [ 91.847138612000023, 26.159675536000027 ], [ 91.846975806000046, 26.159691313000089 ], [ 91.846901210000098, 26.159736936000044 ], [ 91.84683820500004, 26.159799728000088 ], [ 91.846764514000071, 26.159942790000024 ], [ 91.846751564000058, 26.160178703 ], [ 91.846803067000053, 26.161685114000033 ], [ 91.846844925000056, 26.161973516 ], [ 91.846871923000066, 26.162112238000113 ], [ 91.846941967000092, 26.162210170000044 ], [ 91.846991925000054, 26.162234676000029 ], [ 91.847119560000039, 26.16223576600003 ], [ 91.848697647000051, 26.162194895000024 ], [ 91.849430985000069, 26.162253355000065 ], [ 91.849777826000079, 26.162320748000045 ], [ 91.849994793000093, 26.162391692000053 ], [ 91.850097217000041, 26.162473300000055 ], [ 91.850167798000101, 26.162725212000026 ], [ 91.850236173999988, 26.16300017500004 ], [ 91.850293148410159, 26.163152501287001 ], [ 91.851757924588554, 26.163204799561957 ], [ 91.855258354889187, 26.16355849932539 ], [ 91.85727822321148, 26.163598626175677 ], [ 91.857777546596523, 26.163546941238369 ], [ 91.858007624652231, 26.163492629381402 ], [ 91.858210167265412, 26.163401574822931 ], [ 91.858405132191123, 26.163225942623214 ], [ 91.858520422579474, 26.163057595831418 ], [ 91.8585362902177, 26.16298555923624 ], [ 91.858525790632768, 26.162942089605767 ], [ 91.85845375493686, 26.162808766911105 ], [ 91.857773585982287, 26.162098084858787 ], [ 91.857460374596656, 26.16188428902877 ], [ 91.856960293982496, 26.161697964789354 ], [ 91.856238568255407, 26.161480438571427 ], [ 91.85611369109408, 26.161409627752175 ], [ 91.855985500830258, 26.161299549834371 ], [ 91.855349342897881, 26.160377338243634 ], [ 91.855291656784573, 26.16027769785747 ], [ 91.85524631836293, 26.160160173553226 ], [ 91.855250919294562, 26.159916777437431 ], [ 91.855365775310375, 26.15918725368882 ], [ 91.855518828231467, 26.15854879708932 ], [ 91.855919987017828, 26.157408068227816 ], [ 91.856008527971241, 26.157127622741694 ] ] ] } },
{ "type": "Feature", "properties": { "candidate_id": "RC-039", "pc11_tv_id": "303517", "tv_name": "Hahara N.C.", "TOT_P": 304, "P_06": 42, "P_SC": 10, "P_ST": 184, "elevation_m": 72.0, "slope_deg": 7.6530487205434135, "elevation_band": "50-100m (low)", "exposed_years": 0, "max_exposure_pct": 0.0, "frequency_pct": 0.0, "flood_exclusion": "never_exposed", "distance_to_major_road_m": 1486.5777521628772, "distance_to_major_road_km": 1.4865777521628771, "road_access_band": "1-2km (good)", "distance_to_nearest_exposed_km": 0.48434167611599366, "nearby_exposed_habs": 26.0, "nearby_vulnerable_pop": 27907.0, "amenities_score": 18.4, "suitability_score": 53.61, "suitability_class": "Medium", "capacity_status": "Pending - requires LULC + land area + planning validation", "available_area_ha": null, "max_capacity_persons": null, "capacity_notes": "Carrying capacity calculation requires: (1) NRSC LULC data for land-use classification, (2) Available open land area from LULC + slope analysis, (3) GMDA planning zones and ownership validation, (4) Density assumptions from government norms. NOT CALCULATED - pending these datasets." }, "geometry": { "type": "Polygon", "coordinates": [ [ [ 92.02933822600005, 26.147469974000046 ], [ 92.029841539000074, 26.148202827000034 ], [ 92.030669881000051, 26.149698654000076 ], [ 92.03141018000008, 26.150834143000054 ], [ 92.032031472000085, 26.151591918000065 ], [ 92.032795493000037, 26.152711907000025 ], [ 92.033477355000059, 26.153508872000032 ], [ 92.035021004000043, 26.155018132000066 ], [ 92.035176935000038, 26.155232419000072 ], [ 92.035182, 26.155434762000027 ], [ 92.035129079000058, 26.155648124000038 ], [ 92.034859195000081, 26.156125295000038 ], [ 92.035382151000078, 26.156455182000059 ], [ 92.035561766000058, 26.156670543000075 ], [ 92.035822549000045, 26.157262935000062 ], [ 92.036256982000054, 26.158654225000078 ], [ 92.037123230000077, 26.16113686500006 ], [ 92.038462023000079, 26.164265596000064 ], [ 92.038836158000038, 26.164983337000024 ], [ 92.039038677000065, 26.165625289000047 ], [ 92.039589097000032, 26.167603417000066 ], [ 92.039871866000055, 26.169211055000062 ], [ 92.040259564000053, 26.17082285400005 ], [ 92.040410741000073, 26.171274573000062 ], [ 92.04073760700004, 26.172116650000078 ], [ 92.041071048000049, 26.172744884000053 ], [ 92.042056001000049, 26.174309595000068 ], [ 92.042651982000052, 26.175175933000048 ], [ 92.042761769000037, 26.175464427000065 ], [ 92.042942642000071, 26.175795935000053 ], [ 92.044488798000032, 26.173773703000052 ], [ 92.044896288000075, 26.173310932000049 ], [ 92.045202189000065, 26.173055477000048 ], [ 92.045636545000036, 26.172749818000057 ], [ 92.045989680000048, 26.172511511000039 ], [ 92.046443192000083, 26.172052356000052 ], [ 92.046704182000042, 26.17174555400004 ], [ 92.047643225000058, 26.170180881000078 ], [ 92.048487623000085, 26.168733778000046 ], [ 92.048995324000032, 26.168098577000023 ], [ 92.049886965000042, 26.167280140000059 ], [ 92.051091285000041, 26.166381694000052 ], [ 92.051732757000082, 26.166039139000077 ], [ 92.052031507000038, 26.165942126000061 ], [ 92.05243144800005, 26.165925773000026 ], [ 92.052435554000056, 26.165776196000024 ], [ 92.052475125000058, 26.165614215000062 ], [ 92.052537516000086, 26.165451125000061 ], [ 92.05254341300008, 26.165238954000074 ], [ 92.052469831000053, 26.164952106000044 ], [ 92.052064843000039, 26.164139868000063 ], [ 92.050807468000073, 26.162364186000048 ], [ 92.050266578000048, 26.16149327200003 ], [ 92.04955601000006, 26.160404296000024 ], [ 92.048770018000084, 26.158468071000073 ], [ 92.047753830000033, 26.156630018000044 ], [ 92.047195661000046, 26.155695796000032 ], [ 92.046676623000053, 26.154825946000074 ], [ 92.045921100000044, 26.153631885000038 ], [ 92.045192249000081, 26.152675888000033 ], [ 92.044211132000044, 26.151588897000067 ], [ 92.043535858000041, 26.151056160000053 ], [ 92.042214222000041, 26.150156767000055 ], [ 92.041367414000035, 26.149717195000051 ], [ 92.040449718000048, 26.149387224000066 ], [ 92.038993239000035, 26.148887219000073 ], [ 92.037150703000066, 26.147950863000062 ], [ 92.035632565000071, 26.146881577000045 ], [ 92.034070357000076, 26.14570476800003 ], [ 92.033505233000085, 26.145321817000024 ], [ 92.033284001000084, 26.145232059000023 ], [ 92.032732372000055, 26.145089736000045 ], [ 92.03240154100007, 26.145077407000031 ], [ 92.03189485200005, 26.145088745000066 ], [ 92.031833308000046, 26.145089765000023 ], [ 92.031609049000053, 26.145089706000078 ], [ 92.031287893000069, 26.14512878000005 ], [ 92.031118359000061, 26.145244212000023 ], [ 92.030629524000062, 26.14570774200007 ], [ 92.02933822600005, 26.147469974000046 ] ] ] } },
{ "type": "Feature", "properties": { "candidate_id": "RC-040", "pc11_tv_id": "303444", "tv_name": "Bozra N.C.", "TOT_P": 520, "P_06": 108, "P_SC": 0, "P_ST": 6, "elevation_m": 183.0, "slope_deg": 11.309932474020215, "elevation_band": "100-200m (foothill)", "exposed_years": 0, "max_exposure_pct": 0.0, "frequency_pct": 0.0, "flood_exclusion": "never_exposed", "distance_to_major_road_m": 1349.4416498039477, "distance_to_major_road_km": 1.3494416498039477, "road_access_band": "1-2km (good)", "distance_to_nearest_exposed_km": 2.3113223359423567, "nearby_exposed_habs": 0.0, "nearby_vulnerable_pop": 0.0, "amenities_score": 18.4, "suitability_score": 53.57, "suitability_class": "Medium", "capacity_status": "Pending - requires LULC + land area + planning validation", "available_area_ha": null, "max_capacity_persons": null, "capacity_notes": "Carrying capacity calculation requires: (1) NRSC LULC data for land-use classification, (2) Available open land area from LULC + slope analysis, (3) GMDA planning zones and ownership validation, (4) Density assumptions from government norms. NOT CALCULATED - pending these datasets." }, "geometry": { "type": "Polygon", "coordinates": [ [ [ 91.877181964000073, 26.131605909000033 ], [ 91.873443154000086, 26.131112921000099 ], [ 91.867999436000062, 26.13003886900005 ], [ 91.866210098000067, 26.129584044000076 ], [ 91.865599145000061, 26.129429082000044 ], [ 91.859522047000027, 26.127542718000019 ], [ 91.857136587000099, 26.126705543000028 ], [ 91.856130847000017, 26.126257021000043 ], [ 91.855168524000064, 26.125689402999974 ], [ 91.853388632000048, 26.124598756000061 ], [ 91.851244860000051, 26.123435184000066 ], [ 91.849976516902828, 26.122714696825788 ], [ 91.850034592422602, 26.122929071819279 ], [ 91.85027124722032, 26.123838335870531 ], [ 91.85057630085565, 26.124588476576971 ], [ 91.850648135103441, 26.124764471203399 ], [ 91.850671907782385, 26.124945057768212 ], [ 91.850719084418216, 26.125807782803001 ], [ 91.850701166325877, 26.126037454365036 ], [ 91.850667910295854, 26.126157029123664 ], [ 91.850616619261686, 26.126276735183218 ], [ 91.850517674950808, 26.12640588862094 ], [ 91.850021544158977, 26.127114277401997 ], [ 91.849750509178733, 26.127672243779099 ], [ 91.849605101394346, 26.128044250142057 ], [ 91.849538921184319, 26.128335818443293 ], [ 91.849514886802638, 26.128579592274459 ], [ 91.849540205416162, 26.129599668090275 ], [ 91.849712772726292, 26.130637877835827 ], [ 91.851023826000059, 26.130824837000066 ], [ 91.852065404000086, 26.130921174000044 ], [ 91.853212263000032, 26.131148500000023 ], [ 91.854416915000044, 26.131537671000071 ], [ 91.855433122000107, 26.131896724000026 ], [ 91.856933960000035, 26.132805937000025 ], [ 91.858991690000025, 26.134290467000021 ], [ 91.860943394000032, 26.135714653 ], [ 91.861856961000043, 26.13651692100003 ], [ 91.862326698000089, 26.136782385000057 ], [ 91.862912334000058, 26.136970317000063 ], [ 91.864538794000069, 26.137583734000014 ], [ 91.866431007000045, 26.138544031000066 ], [ 91.868737064000072, 26.139728078000068 ], [ 91.869764246000059, 26.138896970000047 ], [ 91.870469511000067, 26.138471963000054 ], [ 91.871156112000023, 26.138127279000045 ], [ 91.87260087700011, 26.137680312000011 ], [ 91.872976695000034, 26.137485273000038 ], [ 91.8732727350001, 26.137254903000073 ], [ 91.87457737400004, 26.136101557000035 ], [ 91.874943334000037, 26.135666762000032 ], [ 91.876251950000039, 26.133740840000019 ], [ 91.876890536000033, 26.132674251000054 ], [ 91.876995345000097, 26.132341701000072 ], [ 91.877181964000073, 26.131605909000033 ] ] ] } },
{ "type": "Feature", "properties": { "candidate_id": "RC-041", "pc11_tv_id": "303486", "tv_name": "Tamuli Kuchi N.C.", "TOT_P": 1020, "P_06": 178, "P_SC": 1, "P_ST": 506, "elevation_m": 107.0, "slope_deg": 6.0172848640320336, "elevation_band": "100-200m (foothill)", "exposed_years": 0, "max_exposure_pct": 0.0, "frequency_pct": 0.0, "flood_exclusion": "never_exposed", "distance_to_major_road_m": 306.21676445292417, "distance_to_major_road_km": 0.30621676445292417, "road_access_band": "<1km (excellent)", "distance_to_nearest_exposed_km": 2.3462319872309099, "nearby_exposed_habs": 4.0, "nearby_vulnerable_pop": 2259.0, "amenities_score": 18.4, "suitability_score": 53.54, "suitability_class": "Medium", "capacity_status": "Pending - requires LULC + land area + planning validation", "available_area_ha": null, "max_capacity_persons": null, "capacity_notes": "Carrying capacity calculation requires: (1) NRSC LULC data for land-use classification, (2) Available open land area from LULC + slope analysis, (3) GMDA planning zones and ownership validation, (4) Density assumptions from government norms. NOT CALCULATED - pending these datasets." }, "geometry": { "type": "Polygon", "coordinates": [ [ [ 91.884472639000052, 26.085506144000092 ], [ 91.885049856000123, 26.08503355900007 ], [ 91.885287765, 26.084787786000074 ], [ 91.885393226000105, 26.084589012000059 ], [ 91.885547751000018, 26.084066836000019 ], [ 91.885993266000114, 26.081582995000119 ], [ 91.885991412000038, 26.080680778000076 ], [ 91.885997797000044, 26.080229026 ], [ 91.885617372000098, 26.078062592999984 ], [ 91.885047808000039, 26.075976287000024 ], [ 91.871132898964177, 26.077471464836233 ], [ 91.871844999247372, 26.078975632219681 ], [ 91.871998759035563, 26.079035323821209 ], [ 91.872987557329992, 26.079402103324512 ], [ 91.874044788636141, 26.079800526373198 ], [ 91.874669267972394, 26.082397430297277 ], [ 91.875302317847755, 26.086665883423876 ], [ 91.876746999000062, 26.08640255300001 ], [ 91.878322826000058, 26.086150064 ], [ 91.882004438000124, 26.085913059000099 ], [ 91.884089157000034, 26.085621306000029 ], [ 91.884472639000052, 26.085506144000092 ] ] ] } },
{ "type": "Feature", "properties": { "candidate_id": "RC-042", "pc11_tv_id": "303534", "tv_name": "Rewa N.C.", "TOT_P": 111, "P_06": 9, "P_SC": 1, "P_ST": 0, "elevation_m": 77.0, "slope_deg": 4.7636416907261774, "elevation_band": "50-100m (low)", "exposed_years": 0, "max_exposure_pct": 0.0, "frequency_pct": 0.0, "flood_exclusion": "never_exposed", "distance_to_major_road_m": 2522.5656425816996, "distance_to_major_road_km": 2.5225656425816996, "road_access_band": "2-5km (moderate)", "distance_to_nearest_exposed_km": 0.33917472040554419, "nearby_exposed_habs": 22.0, "nearby_vulnerable_pop": 23146.0, "amenities_score": 18.4, "suitability_score": 53.45, "suitability_class": "Medium", "capacity_status": "Pending - requires LULC + land area + planning validation", "available_area_ha": null, "max_capacity_persons": null, "capacity_notes": "Carrying capacity calculation requires: (1) NRSC LULC data for land-use classification, (2) Available open land area from LULC + slope analysis, (3) GMDA planning zones and ownership validation, (4) Density assumptions from government norms. NOT CALCULATED - pending these datasets." }, "geometry": { "type": "Polygon", "coordinates": [ [ [ 92.050266578000048, 26.16149327200003 ], [ 92.050807468000073, 26.162364186000048 ], [ 92.052064843000039, 26.164139868000063 ], [ 92.052469831000053, 26.164952106000044 ], [ 92.05254341300008, 26.165238954000074 ], [ 92.052537516000086, 26.165451125000061 ], [ 92.052475125000058, 26.165614215000062 ], [ 92.052435554000056, 26.165776196000024 ], [ 92.05243144800005, 26.165925773000026 ], [ 92.052439416000084, 26.166050718000065 ], [ 92.05250460700006, 26.166200088000039 ], [ 92.052966505000086, 26.166660752000041 ], [ 92.053200692000075, 26.166983645000073 ], [ 92.053431601000057, 26.167432310000038 ], [ 92.053881917000069, 26.168829990000063 ], [ 92.054307727000037, 26.169811630000027 ], [ 92.054559941000036, 26.170235714000057 ], [ 92.055020084000034, 26.169910015000028 ], [ 92.055985315000044, 26.169317524000064 ], [ 92.05765348500006, 26.168530794000048 ], [ 92.059225942000069, 26.167704226000069 ], [ 92.059675992000052, 26.167370156000061 ], [ 92.060106372000064, 26.166790898000045 ], [ 92.060248262000073, 26.166486906000046 ], [ 92.060864978000041, 26.165338875000032 ], [ 92.05984383100008, 26.16463903600004 ], [ 92.059049858000037, 26.163812430000064 ], [ 92.058424136000042, 26.163003138000079 ], [ 92.057858199000066, 26.162012746000073 ], [ 92.057470229000046, 26.161135143000024 ], [ 92.05719799600007, 26.160685673000046 ], [ 92.056910936000065, 26.160316667000075 ], [ 92.056459778000033, 26.159888597000077 ], [ 92.056420219000074, 26.159998269000027 ], [ 92.056298379000054, 26.160159974000067 ], [ 92.056056119000061, 26.160470805000045 ], [ 92.055851342000039, 26.160587348000035 ], [ 92.055423146000066, 26.160750242000063 ], [ 92.054604037000047, 26.160914657000035 ], [ 92.052910411000084, 26.161186025000063 ], [ 92.050266578000048, 26.16149327200003 ] ] ] } },
{ "type": "Feature", "properties": { "candidate_id": "RC-043", "pc11_tv_id": "303608", "tv_name": "2 No. Gharua", "TOT_P": 32, "P_06": 3, "P_SC": 0, "P_ST": 0, "elevation_m": 227.0, "slope_deg": 22.140679470491683, "elevation_band": "200-500m (upland)", "exposed_years": 0, "max_exposure_pct": 0.0, "frequency_pct": 0.0, "flood_exclusion": "never_exposed", "distance_to_major_road_m": 2063.7999876493341, "distance_to_major_road_km": 2.0637999876493343, "road_access_band": "2-5km (moderate)", "distance_to_nearest_exposed_km": 0.73636660431264944, "nearby_exposed_habs": 16.0, "nearby_vulnerable_pop": 15373.0, "amenities_score": 0.0, "suitability_score": 53.42, "suitability_class": "Medium", "capacity_status": "Pending - requires LULC + land area + planning validation", "available_area_ha": null, "max_capacity_persons": null, "capacity_notes": "Carrying capacity calculation requires: (1) NRSC LULC data for land-use classification, (2) Available open land area from LULC + slope analysis, (3) GMDA planning zones and ownership validation, (4) Density assumptions from government norms. NOT CALCULATED - pending these datasets." }, "geometry": { "type": "Polygon", "coordinates": [ [ [ 91.938103626000043, 26.191909790000068 ], [ 91.938266171000066, 26.191937206000034 ], [ 91.938526512000067, 26.191970910000066 ], [ 91.940024860000051, 26.192033972000047 ], [ 91.942573473000039, 26.192000077000046 ], [ 91.94409349700004, 26.191987764000032 ], [ 91.944444934000046, 26.191993758000024 ], [ 91.944613053000069, 26.191971349000028 ], [ 91.94630572300008, 26.191506380000078 ], [ 91.949756041000057, 26.190601333000075 ], [ 91.952130640000064, 26.190189552000049 ], [ 91.95242094300005, 26.190174192000029 ], [ 91.952562020000073, 26.19014186000004 ], [ 91.952777157000071, 26.190066181000077 ], [ 91.952951676000055, 26.189970126000048 ], [ 91.954012936000083, 26.189342771000042 ], [ 91.954972177000059, 26.188822667000068 ], [ 91.955195572000036, 26.188705578000054 ], [ 91.95529461600006, 26.188605954000025 ], [ 91.956532257000049, 26.187087789000032 ], [ 91.95746028800005, 26.185890598000071 ], [ 91.958071038000071, 26.185219049000068 ], [ 91.958618802000046, 26.184669159000066 ], [ 91.959581186000037, 26.183892881000077 ], [ 91.959739589000037, 26.183754909000072 ], [ 91.96014554900006, 26.183260244000053 ], [ 91.960906530000045, 26.182384309000042 ], [ 91.961336624000069, 26.181899951000048 ], [ 91.961989917000039, 26.181314188000044 ], [ 91.96305101300004, 26.180383906000031 ], [ 91.963344867000046, 26.180102455000053 ], [ 91.963369816000068, 26.180047173000048 ], [ 91.963369933000081, 26.179980487000023 ], [ 91.96334029500008, 26.179878218000056 ], [ 91.962499386000047, 26.17957215000007 ], [ 91.961224028000061, 26.178936563000036 ], [ 91.959185798000078, 26.177844702000073 ], [ 91.956604902000038, 26.176449695000031 ], [ 91.954722791000052, 26.175527502000023 ], [ 91.952817380000056, 26.174557857000025 ], [ 91.952505568000049, 26.174418077000041 ], [ 91.952183674000082, 26.174372316000074 ], [ 91.949747022000054, 26.174196227000039 ], [ 91.949397275000081, 26.174208284000031 ], [ 91.94910833800003, 26.174284913000065 ], [ 91.947930701000075, 26.174911817000066 ], [ 91.946838530000036, 26.175444127000048 ], [ 91.946611193000081, 26.175639112000056 ], [ 91.946165, 26.176337609000029 ], [ 91.945577150000076, 26.177429827000026 ], [ 91.944698489000075, 26.178870389000053 ], [ 91.944087509000042, 26.179763645000037 ], [ 91.94387118700007, 26.180093811000063 ], [ 91.943728280000073, 26.180513379000047 ], [ 91.942676733000042, 26.183590652000078 ], [ 91.941703802000063, 26.186563370000044 ], [ 91.941266564000045, 26.18784755300004 ], [ 91.941161444000045, 26.188154914000052 ], [ 91.940527046000057, 26.189292959000056 ], [ 91.940110074000074, 26.190026120000027 ], [ 91.939989205000074, 26.190224801000056 ], [ 91.939702356000055, 26.190475679000031 ], [ 91.938759147000042, 26.191283757000065 ], [ 91.938103626000043, 26.191909790000068 ] ] ] } },
{ "type": "Feature", "properties": { "candidate_id": "RC-044", "pc11_tv_id": "303456", "tv_name": "Moirakuchi", "TOT_P": 974, "P_06": 125, "P_SC": 37, "P_ST": 636, "elevation_m": 82.0, "slope_deg": 13.824682316158707, "elevation_band": "50-100m (low)", "exposed_years": 0, "max_exposure_pct": 0.0, "frequency_pct": 0.0, "flood_exclusion": "never_exposed", "distance_to_major_road_m": 569.54719558828572, "distance_to_major_road_km": 0.5695471955882857, "road_access_band": "<1km (excellent)", "distance_to_nearest_exposed_km": 0.33569045888185262, "nearby_exposed_habs": 21.0, "nearby_vulnerable_pop": 37119.0, "amenities_score": 18.4, "suitability_score": 53.25, "suitability_class": "Medium", "capacity_status": "Pending - requires LULC + land area + planning validation", "available_area_ha": null, "max_capacity_persons": null, "capacity_notes": "Carrying capacity calculation requires: (1) NRSC LULC data for land-use classification, (2) Available open land area from LULC + slope analysis, (3) GMDA planning zones and ownership validation, (4) Density assumptions from government norms. NOT CALCULATED - pending these datasets." }, "geometry": { "type": "Polygon", "coordinates": [ [ [ 91.951340182000081, 26.137105662000067 ], [ 91.953260592000049, 26.137267738000048 ], [ 91.954950675000077, 26.137588372000039 ], [ 91.956370765000031, 26.138010458000053 ], [ 91.958087487000057, 26.138590657000066 ], [ 91.959778644000039, 26.139447314000051 ], [ 91.96295647900007, 26.141200186000049 ], [ 91.964869179000061, 26.142032819000065 ], [ 91.965962868000076, 26.142480925000029 ], [ 91.967224728000076, 26.142786413000067 ], [ 91.969258030000049, 26.143165674000045 ], [ 91.970729121000034, 26.143496416000062 ], [ 91.972568782000053, 26.144096775000037 ], [ 91.975335351000069, 26.145095172000026 ], [ 91.975338841000053, 26.144431282000028 ], [ 91.975085493000051, 26.143226560000073 ], [ 91.975040659000058, 26.141809226000078 ], [ 91.975113921000059, 26.140173770000047 ], [ 91.975310970000066, 26.13910820600006 ], [ 91.97551171200007, 26.138291579000054 ], [ 91.975702148000039, 26.137741338000069 ], [ 91.976034669000057, 26.136778168000035 ], [ 91.976040062000038, 26.136638313000049 ], [ 91.975988039000072, 26.136518847000048 ], [ 91.97577792900006, 26.136370080000063 ], [ 91.97566973000005, 26.136212974000046 ], [ 91.975597085000061, 26.136046504000035 ], [ 91.975550493000071, 26.135765185000025 ], [ 91.975533456000051, 26.135065022000049 ], [ 91.975157947000071, 26.135089480000033 ], [ 91.973927047000075, 26.135314344000051 ], [ 91.972533396000074, 26.135539513000026 ], [ 91.97187940200007, 26.135700238000027 ], [ 91.971393864000049, 26.135764577000032 ], [ 91.968933123000056, 26.135671615000035 ], [ 91.964889296000081, 26.135637194000026 ], [ 91.960674869000059, 26.135455356000023 ], [ 91.95735275100003, 26.135167426000066 ], [ 91.954417334000084, 26.134846956000047 ], [ 91.95244789700007, 26.134661051000023 ], [ 91.951356660000044, 26.134669888000076 ], [ 91.950918343000069, 26.134662347000074 ], [ 91.950860030000058, 26.134845856000027 ], [ 91.950852109000039, 26.135084576000054 ], [ 91.950846560000059, 26.135252373000071 ], [ 91.950957678000066, 26.135535602000061 ], [ 91.951112219000038, 26.135964648000027 ], [ 91.951340182000081, 26.137105662000067 ] ] ] } },
{ "type": "Feature", "properties": { "candidate_id": "RC-045", "pc11_tv_id": "303496", "tv_name": "Tegheria N.C.", "TOT_P": 653, "P_06": 81, "P_SC": 2, "P_ST": 0, "elevation_m": 277.0, "slope_deg": 10.555380466061171, "elevation_band": "200-500m (upland)", "exposed_years": 0, "max_exposure_pct": 0.0, "frequency_pct": 0.0, "flood_exclusion": "never_exposed", "distance_to_major_road_m": 5948.532663847257, "distance_to_major_road_km": 5.9485326638472573, "road_access_band": "5-10km (poor)", "distance_to_nearest_exposed_km": 3.7395051588661303, "nearby_exposed_habs": 2.0, "nearby_vulnerable_pop": 1412.0, "amenities_score": 18.4, "suitability_score": 53.0, "suitability_class": "Medium", "capacity_status": "Pending - requires LULC + land area + planning validation", "available_area_ha": null, "max_capacity_persons": null, "capacity_notes": "Carrying capacity calculation requires: (1) NRSC LULC data for land-use classification, (2) Available open land area from LULC + slope analysis, (3) GMDA planning zones and ownership validation, (4) Density assumptions from government norms. NOT CALCULATED - pending these datasets." }, "geometry": { "type": "Polygon", "coordinates": [ [ [ 92.018120310000086, 26.066222171000049 ], [ 92.017961882000066, 26.066538508000065 ], [ 92.017679394000083, 26.066796906000036 ], [ 92.017302090000044, 26.067077335000079 ], [ 92.016259365000053, 26.067784520000032 ], [ 92.014214480000078, 26.068713581000054 ], [ 92.012848431000066, 26.069271023000056 ], [ 92.012374160000036, 26.069546360000061 ], [ 92.012805769000067, 26.069821370000057 ], [ 92.014813134000065, 26.070693623000068 ], [ 92.017357103000052, 26.071729360000063 ], [ 92.018417285000055, 26.072095920000038 ], [ 92.019693136000058, 26.072314682000069 ], [ 92.022020617000067, 26.07257009500006 ], [ 92.024692598000058, 26.072500469000033 ], [ 92.026980800000047, 26.072181922000027 ], [ 92.027702618000035, 26.072018994000075 ], [ 92.030301691000034, 26.071007477000023 ], [ 92.03084326700008, 26.070770323000033 ], [ 92.031028549000041, 26.070616590000043 ], [ 92.031159739000032, 26.070453497000074 ], [ 92.032168125000055, 26.069230870000069 ], [ 92.032820521000076, 26.068297821000044 ], [ 92.032844042000079, 26.068136627000058 ], [ 92.032837820000054, 26.067865905000076 ], [ 92.032734263000066, 26.066919250000069 ], [ 92.032502750000049, 26.065763529000037 ], [ 92.03240906800005, 26.065520031000062 ], [ 92.032325392000075, 26.06537356900003 ], [ 92.031464345000074, 26.06465761100003 ], [ 92.030931796000061, 26.064164579000078 ], [ 92.030706727000052, 26.064109547000044 ], [ 92.029731430000083, 26.063889604000053 ], [ 92.028442127000062, 26.063840208000045 ], [ 92.028216806000046, 26.063896056000033 ], [ 92.027924695000081, 26.064040387000034 ], [ 92.027393016000076, 26.064464458000032 ], [ 92.025347522000061, 26.06545477700007 ], [ 92.023914128000058, 26.066054654000027 ], [ 92.023494691000053, 26.066191719000074 ], [ 92.021971215000065, 26.066414227000053 ], [ 92.020757957000058, 26.066493046000062 ], [ 92.020266262000064, 26.066496597000025 ], [ 92.018718732000082, 26.066327984000054 ], [ 92.018120310000086, 26.066222171000049 ] ] ] } },
{ "type": "Feature", "properties": { "candidate_id": "RC-046", "pc11_tv_id": "303451", "tv_name": "Tepechia N.C.", "TOT_P": 261, "P_06": 34, "P_SC": 3, "P_ST": 77, "elevation_m": 134.0, "slope_deg": 21.869859308909426, "elevation_band": "100-200m (foothill)", "exposed_years": 0, "max_exposure_pct": 0.0, "frequency_pct": 0.0, "flood_exclusion": "never_exposed", "distance_to_major_road_m": 890.41587185004778, "distance_to_major_road_km": 0.89041587185004778, "road_access_band": "<1km (excellent)", "distance_to_nearest_exposed_km": 0.22231148824630292, "nearby_exposed_habs": 11.0, "nearby_vulnerable_pop": 18241.0, "amenities_score": 18.4, "suitability_score": 52.96, "suitability_class": "Medium", "capacity_status": "Pending - requires LULC + land area + planning validation", "available_area_ha": null, "max_capacity_persons": null, "capacity_notes": "Carrying capacity calculation requires: (1) NRSC LULC data for land-use classification, (2) Available open land area from LULC + slope analysis, (3) GMDA planning zones and ownership validation, (4) Density assumptions from government norms. NOT CALCULATED - pending these datasets." }, "geometry": { "type": "Polygon", "coordinates": [ [ [ 91.933278177000034, 26.12666974900003 ], [ 91.933025893000035, 26.126448363000065 ], [ 91.931877252000049, 26.125227297000038 ], [ 91.931546744000059, 26.125288339000065 ], [ 91.930039600000043, 26.125356170000032 ], [ 91.929803784000057, 26.125394584000048 ], [ 91.929604551000068, 26.125471743000048 ], [ 91.928273153000077, 26.126100358000031 ], [ 91.926574321000032, 26.126933702000031 ], [ 91.925891706000073, 26.127195401000051 ], [ 91.925449517000061, 26.127255499000057 ], [ 91.923664935000033, 26.127325030000065 ], [ 91.921166174000064, 26.127497212000037 ], [ 91.919959335000044, 26.127635164000026 ], [ 91.919753048000075, 26.127619497000069 ], [ 91.919349656000065, 26.127588796000055 ], [ 91.919069870000044, 26.127521203000072 ], [ 91.917767099000059, 26.127091386000075 ], [ 91.914839504000042, 26.126145121000036 ], [ 91.914185802000077, 26.125946830000032 ], [ 91.913769740000077, 26.125693564000073 ], [ 91.913270743000055, 26.125378270000056 ], [ 91.912764713000058, 26.125046173000044 ], [ 91.911310818000061, 26.128401710000048 ], [ 91.912016234000077, 26.128804074000072 ], [ 91.913405536000084, 26.129505926000036 ], [ 91.915007846000037, 26.130053577000069 ], [ 91.917471143000057, 26.131006615000047 ], [ 91.919911343000081, 26.131757204000053 ], [ 91.922946168000067, 26.132644228000061 ], [ 91.92639151000003, 26.13359084800004 ], [ 91.929733674000033, 26.134614032000059 ], [ 91.930110393000064, 26.134775718000071 ], [ 91.930104009000047, 26.132044010000072 ], [ 91.929980496000042, 26.130762062000031 ], [ 91.929993763000084, 26.130352833000074 ], [ 91.930080657000076, 26.129978840000035 ], [ 91.931046757000047, 26.128015162000054 ], [ 91.931363291000082, 26.127478329000041 ], [ 91.931556434000072, 26.127300169000023 ], [ 91.931671347000076, 26.127197814000056 ], [ 91.931833298000072, 26.127126870000041 ], [ 91.93198383500004, 26.127091258000064 ], [ 91.93283903400004, 26.126931265000053 ], [ 91.933047104000082, 26.126854427000069 ], [ 91.933278177000034, 26.12666974900003 ] ] ] } },
{ "type": "Feature", "properties": { "candidate_id": "RC-047", "pc11_tv_id": "303497", "tv_name": "Barkacharang N.C.", "TOT_P": 678, "P_06": 106, "P_SC": 0, "P_ST": 0, "elevation_m": 241.0, "slope_deg": 3.0169613098159931, "elevation_band": "200-500m (upland)", "exposed_years": 0, "max_exposure_pct": 0.0, "frequency_pct": 0.0, "flood_exclusion": "never_exposed", "distance_to_major_road_m": 5443.1030539629492, "distance_to_major_road_km": 5.4431030539629495, "road_access_band": "5-10km (poor)", "distance_to_nearest_exposed_km": 6.1614327992719939, "nearby_exposed_habs": 0.0, "nearby_vulnerable_pop": 0.0, "amenities_score": 18.4, "suitability_score": 52.82, "suitability_class": "Medium", "capacity_status": "Pending - requires LULC + land area + planning validation", "available_area_ha": null, "max_capacity_persons": null, "capacity_notes": "Carrying capacity calculation requires: (1) NRSC LULC data for land-use classification, (2) Available open land area from LULC + slope analysis, (3) GMDA planning zones and ownership validation, (4) Density assumptions from government norms. NOT CALCULATED - pending these datasets." }, "geometry": { "type": "Polygon", "coordinates": [ [ [ 92.044151414000112, 26.052632132000042 ], [ 92.043610754000042, 26.052081621000056 ], [ 92.043030604000194, 26.05161186100009 ], [ 92.042644486000214, 26.051190523000045 ], [ 92.042497173000186, 26.050867389000132 ], [ 92.042394749000067, 26.05057753100013 ], [ 92.042309841000147, 26.049910836000123 ], [ 92.042245741000173, 26.04623447100014 ], [ 92.042256464000076, 26.041651669000032 ], [ 92.042112753000183, 26.039916137000141 ], [ 92.042032982000066, 26.039240392000096 ], [ 92.041899344000115, 26.039026549000077 ], [ 92.041318964000141, 26.038399069000029 ], [ 92.040634907674956, 26.035016958565826 ], [ 92.037886691018045, 26.03731247988712 ], [ 92.036126013604672, 26.039124772090627 ], [ 92.033575726938295, 26.039724157643818 ], [ 92.028320852425423, 26.040662573219198 ], [ 92.02773882828437, 26.039994019008805 ], [ 92.0244727873893, 26.037737415849094 ], [ 92.020858544286455, 26.035225110250693 ], [ 92.016869077046337, 26.034623561827974 ], [ 92.011907198958113, 26.034218179825164 ], [ 92.011450031293947, 26.034917438688954 ], [ 92.01059018588839, 26.037664674185379 ], [ 92.0097652287823, 26.038498577747227 ], [ 92.009681579241587, 26.038607338158126 ], [ 92.009541395904819, 26.040440665876208 ], [ 92.010032622000097, 26.042391420000044 ], [ 92.010320130000167, 26.043566313000088 ], [ 92.010416687000074, 26.044804112000186 ], [ 92.010516515000162, 26.045462492000127 ], [ 92.011342236000189, 26.047503827000185 ], [ 92.011781824000138, 26.048643308000052 ], [ 92.011965329000134, 26.04883890300016 ], [ 92.012087002000158, 26.048916888000129 ], [ 92.012363348000122, 26.048944117000161 ], [ 92.014590728000201, 26.048674924000181 ], [ 92.017117124000151, 26.048440495000058 ], [ 92.020659947000098, 26.048443345000116 ], [ 92.02351323000002, 26.048577667000039 ], [ 92.024030665000112, 26.048604014 ], [ 92.024611600000128, 26.048905717 ], [ 92.027006485000129, 26.050410964000115 ], [ 92.029015093000055, 26.051881441000013 ], [ 92.031266736000106, 26.053098584000089 ], [ 92.03170676100018, 26.053287875000031 ], [ 92.03214869900016, 26.053383792000062 ], [ 92.032925464000215, 26.053424921000179 ], [ 92.036826052, 26.053469324000034 ], [ 92.039951051000202, 26.053371407000014 ], [ 92.042266479000119, 26.053049367000014 ], [ 92.044151414000112, 26.052632132000042 ] ] ] } },
{ "type": "Feature", "properties": { "candidate_id": "RC-048", "pc11_tv_id": "303449", "tv_name": "Amerigog N.C.", "TOT_P": 5348, "P_06": 658, "P_SC": 146, "P_ST": 354, "elevation_m": 149.0, "slope_deg": 9.8709269391349821, "elevation_band": "100-200m (foothill)", "exposed_years": 0, "max_exposure_pct": 0.0, "frequency_pct": 0.0, "flood_exclusion": "never_exposed", "distance_to_major_road_m": 151.27701397120171, "distance_to_major_road_km": 0.15127701397120172, "road_access_band": "<1km (excellent)", "distance_to_nearest_exposed_km": 4.9741698029839743, "nearby_exposed_habs": 0.0, "nearby_vulnerable_pop": 0.0, "amenities_score": 18.4, "suitability_score": 52.79, "suitability_class": "Medium", "capacity_status": "Pending - requires LULC + land area + planning validation", "available_area_ha": null, "max_capacity_persons": null, "capacity_notes": "Carrying capacity calculation requires: (1) NRSC LULC data for land-use classification, (2) Available open land area from LULC + slope analysis, (3) GMDA planning zones and ownership validation, (4) Density assumptions from government norms. NOT CALCULATED - pending these datasets." }, "geometry": { "type": "Polygon", "coordinates": [ [ [ 91.869127174000113, 26.104905320000071 ], [ 91.870688059000031, 26.104654090000068 ], [ 91.871221405000099, 26.104674157000041 ], [ 91.871339317, 26.103717855000053 ], [ 91.871631774000036, 26.102791221000032 ], [ 91.872024372000013, 26.101588045000046 ], [ 91.872246091000065, 26.100570022000014 ], [ 91.871195671642965, 26.097003242305838 ], [ 91.86941558236326, 26.097736627743284 ], [ 91.868385098693395, 26.09816003665637 ], [ 91.866416729148796, 26.098882063656426 ], [ 91.862234299773164, 26.100491495785949 ], [ 91.859373834235129, 26.101638109810921 ], [ 91.859003141781585, 26.101786097750246 ], [ 91.854551038999332, 26.102493229279133 ], [ 91.851317173149113, 26.102967987682479 ], [ 91.850002007286861, 26.103179751943983 ], [ 91.848093716052233, 26.105515800314016 ], [ 91.846682027753431, 26.107136246440721 ], [ 91.846694539121728, 26.107145444706514 ], [ 91.846743403785155, 26.107220319562163 ], [ 91.846767105417641, 26.107289002585432 ], [ 91.846764090890161, 26.107549807777453 ], [ 91.846746665626171, 26.108667520289863 ], [ 91.846787485853824, 26.109336784964654 ], [ 91.8469677216831, 26.11095161572452 ], [ 91.847109014169703, 26.112149517186545 ], [ 91.847394178398645, 26.113649872343814 ], [ 91.847639297615572, 26.114846568714167 ], [ 91.847872906409563, 26.11620237763761 ], [ 91.847914267129838, 26.116403085633877 ], [ 91.849276974000119, 26.115732551000015 ], [ 91.851667175000088, 26.113923935000027 ], [ 91.854043158000124, 26.112462633000089 ], [ 91.855117602000021, 26.111856826000057 ], [ 91.856652677000028, 26.111038537000031 ], [ 91.859549075000047, 26.109470359000042 ], [ 91.86210603800005, 26.107993636000071 ], [ 91.864098764000076, 26.106867249000043 ], [ 91.865556727000097, 26.106127577000038 ], [ 91.868046371000034, 26.105278821000066 ], [ 91.869127174000113, 26.104905320000071 ] ] ] } },
{ "type": "Feature", "properties": { "candidate_id": "RC-049", "pc11_tv_id": "303499", "tv_name": "Uppar Killing N.C.", "TOT_P": 270, "P_06": 56, "P_SC": 1, "P_ST": 0, "elevation_m": 477.0, "slope_deg": 15.845167180271268, "elevation_band": "200-500m (upland)", "exposed_years": 0, "max_exposure_pct": 0.0, "frequency_pct": 0.0, "flood_exclusion": "never_exposed", "distance_to_major_road_m": 5327.1181899425892, "distance_to_major_road_km": 5.3271181899425892, "road_access_band": "5-10km (poor)", "distance_to_nearest_exposed_km": 3.1066908086332616, "nearby_exposed_habs": 0.0, "nearby_vulnerable_pop": 0.0, "amenities_score": 18.4, "suitability_score": 52.78, "suitability_class": "Medium", "capacity_status": "Pending - requires LULC + land area + planning validation", "available_area_ha": null, "max_capacity_persons": null, "capacity_notes": "Carrying capacity calculation requires: (1) NRSC LULC data for land-use classification, (2) Available open land area from LULC + slope analysis, (3) GMDA planning zones and ownership validation, (4) Density assumptions from government norms. NOT CALCULATED - pending these datasets." }, "geometry": { "type": "Polygon", "coordinates": [ [ [ 92.108887287918066, 26.049711386171559 ], [ 92.100141480844755, 26.049129306272523 ], [ 92.099728255854359, 26.04910392200841 ], [ 92.096910517106693, 26.048938124794674 ], [ 92.08868650028181, 26.048222182607716 ], [ 92.086595781000113, 26.049354801000035 ], [ 92.085963621000033, 26.049841879000013 ], [ 92.085640502000032, 26.050283672000063 ], [ 92.085308930000039, 26.050934521 ], [ 92.085260279000096, 26.051350038000098 ], [ 92.085245906000068, 26.051715948 ], [ 92.085233458000104, 26.052029894000039 ], [ 92.085272795000066, 26.052257768000064 ], [ 92.085606424000048, 26.052802917000051 ], [ 92.086169598000112, 26.053279049000011 ], [ 92.087984556, 26.054375869000079 ], [ 92.092550545000051, 26.056779719000112 ], [ 92.094073261000091, 26.057646273000046 ], [ 92.094585631000129, 26.057824699000065 ], [ 92.095263947000035, 26.057916725000041 ], [ 92.096407592000062, 26.058220578000046 ], [ 92.100765339000105, 26.06002497800004 ], [ 92.1033930010001, 26.061107751000101 ], [ 92.104119937000036, 26.06147711800002 ], [ 92.105183569000104, 26.062160571000081 ], [ 92.105558035000087, 26.062284458000029 ], [ 92.105883062000075, 26.062425138000034 ], [ 92.106089764000032, 26.06212906100005 ], [ 92.106222418000087, 26.061935916000056 ], [ 92.106590361000059, 26.061163810000032 ], [ 92.106925497000077, 26.060179937000072 ], [ 92.107325820000071, 26.058828388000066 ], [ 92.107837797000073, 26.05513063500009 ], [ 92.108093591000099, 26.053547582000114 ], [ 92.108570587000031, 26.051773409000045 ], [ 92.108921651000045, 26.050694098000093 ], [ 92.109136092000114, 26.050079749000066 ], [ 92.108887287918066, 26.049711386171559 ] ] ] } },
{ "type": "Feature", "properties": { "candidate_id": "RC-050", "pc11_tv_id": "303620", "tv_name": "Michamari N.C.", "TOT_P": 0, "P_06": 0, "P_SC": 0, "P_ST": 0, "elevation_m": 248.0, "slope_deg": 24.748625315195834, "elevation_band": "200-500m (upland)", "exposed_years": 0, "max_exposure_pct": 0.0, "frequency_pct": 0.0, "flood_exclusion": "never_exposed", "distance_to_major_road_m": 2443.9636795607921, "distance_to_major_road_km": 2.4439636795607922, "road_access_band": "2-5km (moderate)", "distance_to_nearest_exposed_km": 0.69397242233669421, "nearby_exposed_habs": 7.0, "nearby_vulnerable_pop": 9322.0, "amenities_score": 0.0, "suitability_score": 52.65, "suitability_class": "Medium", "capacity_status": "Pending - requires LULC + land area + planning validation", "available_area_ha": null, "max_capacity_persons": null, "capacity_notes": "Carrying capacity calculation requires: (1) NRSC LULC data for land-use classification, (2) Available open land area from LULC + slope analysis, (3) GMDA planning zones and ownership validation, (4) Density assumptions from government norms. NOT CALCULATED - pending these datasets." }, "geometry": { "type": "Polygon", "coordinates": [ [ [ 91.882294169000033, 26.188463304000038 ], [ 91.882994624000048, 26.188647264000053 ], [ 91.883110488000057, 26.188733686000035 ], [ 91.883182580000039, 26.188850182000067 ], [ 91.883620111000084, 26.189744489000077 ], [ 91.884419062000063, 26.191911643000026 ], [ 91.885020033000046, 26.193492715000048 ], [ 91.885496977000059, 26.197257247000039 ], [ 91.885713478000071, 26.19917937200006 ], [ 91.885638188000087, 26.199439215000041 ], [ 91.885515662000046, 26.199670190000063 ], [ 91.885306243000059, 26.199933133000059 ], [ 91.884607214000084, 26.200504516000024 ], [ 91.883609514000057, 26.201097007000044 ], [ 91.88352192800005, 26.20114785800007 ], [ 91.883442589000083, 26.201234772000078 ], [ 91.883410188000084, 26.201360370000032 ], [ 91.883466934000069, 26.201548258000059 ], [ 91.884015304000059, 26.201669772000059 ], [ 91.88722615000006, 26.202482457000031 ], [ 91.890558145000057, 26.203509563000068 ], [ 91.89256636600004, 26.204121493000059 ], [ 91.892496459000085, 26.203784569000049 ], [ 91.89249910400008, 26.203692360000048 ], [ 91.892528955000046, 26.203600453000035 ], [ 91.892955044000075, 26.202973367000027 ], [ 91.893843487000083, 26.201707793000026 ], [ 91.894150063000041, 26.201217814000074 ], [ 91.894317127000079, 26.200964528000043 ], [ 91.894464603000074, 26.200440960000037 ], [ 91.894698471000083, 26.199741578000044 ], [ 91.894808886000078, 26.199603765000063 ], [ 91.895196528000042, 26.199336211000059 ], [ 91.896174414000086, 26.198558523000031 ], [ 91.896607381000081, 26.198259494000069 ], [ 91.896929099000033, 26.198132086000044 ], [ 91.898052712000037, 26.19781669200006 ], [ 91.898901433000049, 26.197545744000024 ], [ 91.899213752000037, 26.197444044000065 ], [ 91.899408272000073, 26.197420025000042 ], [ 91.899602930000071, 26.197429867000039 ], [ 91.900264033000042, 26.197497288000079 ], [ 91.901656938000031, 26.197712185000057 ], [ 91.90231784100007, 26.197780375000036 ], [ 91.902528621000044, 26.197808304000034 ], [ 91.902764556000079, 26.197913237000023 ], [ 91.903033992000076, 26.198095629000079 ], [ 91.904263340000057, 26.19911453900005 ], [ 91.90575590800006, 26.200361932000078 ], [ 91.907217466000077, 26.201741756000047 ], [ 91.90774760100004, 26.202221417000032 ], [ 91.908569208000074, 26.202680887000042 ], [ 91.909572802000071, 26.203313628000046 ], [ 91.909782532000065, 26.20340133600007 ], [ 91.910037573000068, 26.203466770000034 ], [ 91.910243638000054, 26.20348259900004 ], [ 91.91023700900007, 26.203451331000053 ], [ 91.910250102000077, 26.203277725000078 ], [ 91.910434463000058, 26.202746302000037 ], [ 91.910590716000058, 26.202504195000074 ], [ 91.91092151600003, 26.202184454000076 ], [ 91.911986609000053, 26.201205625000057 ], [ 91.912110642000073, 26.201048369000034 ], [ 91.91223629600006, 26.20086230000004 ], [ 91.912319957000079, 26.200692727000046 ], [ 91.912345950000031, 26.200443049000057 ], [ 91.912462212000037, 26.199453987000027 ], [ 91.913115695000045, 26.195080233000056 ], [ 91.913139761000082, 26.194625943000062 ], [ 91.913117985000042, 26.194279681000069 ], [ 91.912958610000032, 26.192986161000078 ], [ 91.912746037000034, 26.191339485000071 ], [ 91.911605186000031, 26.190935429000035 ], [ 91.910037083000077, 26.190357639000069 ], [ 91.909460590000037, 26.190177013000039 ], [ 91.907981009000082, 26.189946085000031 ], [ 91.905242134000048, 26.189488691000065 ], [ 91.902803278000079, 26.189124800000059 ], [ 91.898553445000061, 26.188575377000063 ], [ 91.893761590000054, 26.187965623000025 ], [ 91.890859412000054, 26.18758418300007 ], [ 91.886460592000049, 26.187138639000068 ], [ 91.88545666400006, 26.187023194000062 ], [ 91.88489839500005, 26.187058485000023 ], [ 91.883238240000082, 26.187358246000031 ], [ 91.882727880000061, 26.187472850000063 ], [ 91.882639677000043, 26.187522057000024 ], [ 91.882571066000082, 26.187606935000076 ], [ 91.882294169000033, 26.188463304000038 ] ] ] } },
{ "type": "Feature", "properties": { "candidate_id": "RC-051", "pc11_tv_id": "303622", "tv_name": "Niz-Panbari N.C.", "TOT_P": 0, "P_06": 0, "P_SC": 0, "P_ST": 0, "elevation_m": 322.0, "slope_deg": 35.693796660269427, "elevation_band": "200-500m (upland)", "exposed_years": 0, "max_exposure_pct": 0.0, "frequency_pct": 0.0, "flood_exclusion": "never_exposed", "distance_to_major_road_m": 3250.9928394639801, "distance_to_major_road_km": 3.2509928394639802, "road_access_band": "2-5km (moderate)", "distance_to_nearest_exposed_km": 0.60582966061430477, "nearby_exposed_habs": 9.0, "nearby_vulnerable_pop": 9070.0, "amenities_score": 0.0, "suitability_score": 52.6, "suitability_class": "Medium", "capacity_status": "Pending - requires LULC + land area + planning validation", "available_area_ha": null, "max_capacity_persons": null, "capacity_notes": "Carrying capacity calculation requires: (1) NRSC LULC data for land-use classification, (2) Available open land area from LULC + slope analysis, (3) GMDA planning zones and ownership validation, (4) Density assumptions from government norms. NOT CALCULATED - pending these datasets." }, "geometry": { "type": "Polygon", "coordinates": [ [ [ 91.910243638000054, 26.20348259900004 ], [ 91.910937768000053, 26.203535629000044 ], [ 91.913534401000049, 26.203797226000063 ], [ 91.916751505000036, 26.204090594000036 ], [ 91.91932237900005, 26.204212411000071 ], [ 91.919896278000067, 26.204162664000023 ], [ 91.920752920000041, 26.204046555000048 ], [ 91.921724922000067, 26.203911838000067 ], [ 91.922051443000043, 26.203898095000056 ], [ 91.92234208800005, 26.203916100000072 ], [ 91.92281745400004, 26.20394561300003 ], [ 91.923507303000065, 26.204005554000048 ], [ 91.925046167000062, 26.204152931000067 ], [ 91.925881919000062, 26.204222636000054 ], [ 91.926290894000033, 26.204229517000044 ], [ 91.926542558000051, 26.203839989000073 ], [ 91.926640169000052, 26.203620476000026 ], [ 91.926665566000054, 26.203441336000026 ], [ 91.926604094000083, 26.202806360000068 ], [ 91.926311351000038, 26.202032019000058 ], [ 91.925497030000031, 26.20073377500006 ], [ 91.925291581000067, 26.200405432000025 ], [ 91.925156080000079, 26.20004756000003 ], [ 91.924637018000055, 26.197321228000078 ], [ 91.924275041000044, 26.195810731000051 ], [ 91.924095415000068, 26.195337553000059 ], [ 91.923841665000054, 26.194847846000073 ], [ 91.923442744000056, 26.194013948000077 ], [ 91.92339931500004, 26.193951401000049 ], [ 91.923343406000072, 26.193893077000041 ], [ 91.923245905000044, 26.193848161000062 ], [ 91.92286600400007, 26.193743999000048 ], [ 91.920276195000042, 26.192931956000052 ], [ 91.918530974000078, 26.19254902800003 ], [ 91.915899853000042, 26.191904922000049 ], [ 91.913926276000041, 26.191546914000071 ], [ 91.912746037000034, 26.191339485000071 ], [ 91.912958610000032, 26.192986161000078 ], [ 91.913117985000042, 26.194279681000069 ], [ 91.913139761000082, 26.194625943000062 ], [ 91.913115695000045, 26.195080233000056 ], [ 91.912462212000037, 26.199453987000027 ], [ 91.912345950000031, 26.200443049000057 ], [ 91.912319957000079, 26.200692727000046 ], [ 91.91223629600006, 26.20086230000004 ], [ 91.912110642000073, 26.201048369000034 ], [ 91.911986609000053, 26.201205625000057 ], [ 91.91092151600003, 26.202184454000076 ], [ 91.910590716000058, 26.202504195000074 ], [ 91.910434463000058, 26.202746302000037 ], [ 91.910250102000077, 26.203277725000078 ], [ 91.91023700900007, 26.203451331000053 ], [ 91.910243638000054, 26.20348259900004 ] ] ] } },
{ "type": "Feature", "properties": { "candidate_id": "RC-052", "pc11_tv_id": "303575", "tv_name": "Nibira N.C.", "TOT_P": 348, "P_06": 47, "P_SC": 0, "P_ST": 221, "elevation_m": 78.0, "slope_deg": 8.9848769316856831, "elevation_band": "50-100m (low)", "exposed_years": 0, "max_exposure_pct": 0.0, "frequency_pct": 0.0, "flood_exclusion": "never_exposed", "distance_to_major_road_m": 1978.3236615815688, "distance_to_major_road_km": 1.9783236615815687, "road_access_band": "1-2km (good)", "distance_to_nearest_exposed_km": 0.63030660874990052, "nearby_exposed_habs": 9.0, "nearby_vulnerable_pop": 12842.0, "amenities_score": 18.4, "suitability_score": 52.4, "suitability_class": "Medium", "capacity_status": "Pending - requires LULC + land area + planning validation", "available_area_ha": null, "max_capacity_persons": null, "capacity_notes": "Carrying capacity calculation requires: (1) NRSC LULC data for land-use classification, (2) Available open land area from LULC + slope analysis, (3) GMDA planning zones and ownership validation, (4) Density assumptions from government norms. NOT CALCULATED - pending these datasets." }, "geometry": { "type": "Polygon", "coordinates": [ [ [ 92.157596172000069, 26.083290779000038 ], [ 92.154005719000054, 26.078176317000043 ], [ 92.150471389000074, 26.076621465000073 ], [ 92.147362175000069, 26.076418506000039 ], [ 92.14248576500006, 26.076816302000054 ], [ 92.138111029000072, 26.078432479000071 ], [ 92.134445086000085, 26.082033076000073 ], [ 92.132729746000052, 26.084440441000027 ], [ 92.133103342000084, 26.084829644000024 ], [ 92.134772177000059, 26.086366386000066 ], [ 92.135203454000077, 26.086554773000046 ], [ 92.139371186000062, 26.087833680000074 ], [ 92.14094589900003, 26.088225824000062 ], [ 92.142116140000041, 26.088360575000024 ], [ 92.145170526000072, 26.088314648000051 ], [ 92.147859111000059, 26.088011287000029 ], [ 92.15011247700005, 26.087641476000044 ], [ 92.152912219000086, 26.086467736000031 ], [ 92.154257355000084, 26.085823881000067 ], [ 92.155428746000041, 26.084968520000075 ], [ 92.156523568000068, 26.083899832000043 ], [ 92.157117059000086, 26.083543759000065 ], [ 92.157596172000069, 26.083290779000038 ] ] ] } },
{ "type": "Feature", "properties": { "candidate_id": "RC-053", "pc11_tv_id": "303489", "tv_name": "Nartap N.C.", "TOT_P": 334, "P_06": 32, "P_SC": 0, "P_ST": 99, "elevation_m": 63.0, "slope_deg": 2.1342998941463125, "elevation_band": "50-100m (low)", "exposed_years": 0, "max_exposure_pct": 0.0, "frequency_pct": 0.0, "flood_exclusion": "never_exposed", "distance_to_major_road_m": 3145.4802039267129, "distance_to_major_road_km": 3.1454802039267129, "road_access_band": "2-5km (moderate)", "distance_to_nearest_exposed_km": 0.23738543512780746, "nearby_exposed_habs": 15.0, "nearby_vulnerable_pop": 9927.0, "amenities_score": 18.4, "suitability_score": 52.35, "suitability_class": "Medium", "capacity_status": "Pending - requires LULC + land area + planning validation", "available_area_ha": null, "max_capacity_persons": null, "capacity_notes": "Carrying capacity calculation requires: (1) NRSC LULC data for land-use classification, (2) Available open land area from LULC + slope analysis, (3) GMDA planning zones and ownership validation, (4) Density assumptions from government norms. NOT CALCULATED - pending these datasets." }, "geometry": { "type": "Polygon", "coordinates": [ [ [ 91.961145251000062, 26.07419414900005 ], [ 91.961255616000074, 26.07346430900003 ], [ 91.961169569000049, 26.072674581000058 ], [ 91.961027926000042, 26.070338605000074 ], [ 91.96091904900004, 26.068164421000063 ], [ 91.960727392000081, 26.067030745000068 ], [ 91.960622761000081, 26.066722369000047 ], [ 91.96036255100006, 26.066193222000038 ], [ 91.958841637000035, 26.066163914000072 ], [ 91.957936032000077, 26.066172883000036 ], [ 91.957283313000062, 26.066313720000039 ], [ 91.955998359000034, 26.066937292000034 ], [ 91.95393593700004, 26.067597344000035 ], [ 91.953714065000042, 26.067610801000058 ], [ 91.954056867000077, 26.068009626000048 ], [ 91.954362852000031, 26.068474709000043 ], [ 91.95553282000003, 26.070146947000069 ], [ 91.956158306000077, 26.071311235000053 ], [ 91.956392601000061, 26.071861256000034 ], [ 91.956534352000062, 26.07210632400006 ], [ 91.956556271000068, 26.072271100000023 ], [ 91.956554898000036, 26.072395934000042 ], [ 91.956465923000053, 26.072791914000049 ], [ 91.956256728000085, 26.073232154000038 ], [ 91.956135750000044, 26.073345356000061 ], [ 91.956906380000078, 26.073854406000066 ], [ 91.957218223000041, 26.074130091000029 ], [ 91.958597356000041, 26.076290667000023 ], [ 91.958998742000063, 26.07581444300007 ], [ 91.95951221100006, 26.075168800000029 ], [ 91.960198499000057, 26.074458764000042 ], [ 91.960452990000078, 26.074291516000073 ], [ 91.960638433000042, 26.074216780000029 ], [ 91.961145251000062, 26.07419414900005 ] ] ] } },
{ "type": "Feature", "properties": { "candidate_id": "RC-054", "pc11_tv_id": "303445", "tv_name": "Kamarkuchi N.C.", "TOT_P": 246, "P_06": 46, "P_SC": 8, "P_ST": 40, "elevation_m": 76.0, "slope_deg": 7.8255256245975753, "elevation_band": "50-100m (low)", "exposed_years": 0, "max_exposure_pct": 0.0, "frequency_pct": 0.0, "flood_exclusion": "never_exposed", "distance_to_major_road_m": 256.14543651835919, "distance_to_major_road_km": 0.25614543651835919, "road_access_band": "<1km (excellent)", "distance_to_nearest_exposed_km": 1.2688029641329415, "nearby_exposed_habs": 3.0, "nearby_vulnerable_pop": 4619.0, "amenities_score": 18.4, "suitability_score": 52.23, "suitability_class": "Medium", "capacity_status": "Pending - requires LULC + land area + planning validation", "available_area_ha": null, "max_capacity_persons": null, "capacity_notes": "Carrying capacity calculation requires: (1) NRSC LULC data for land-use classification, (2) Available open land area from LULC + slope analysis, (3) GMDA planning zones and ownership validation, (4) Density assumptions from government norms. NOT CALCULATED - pending these datasets." }, "geometry": { "type": "Polygon", "coordinates": [ [ [ 91.912764713000058, 26.125046173000044 ], [ 91.913524136000035, 26.12331385400006 ], [ 91.913622772000053, 26.122633265000047 ], [ 91.913554142000066, 26.118853809000029 ], [ 91.913395876000038, 26.115643262000049 ], [ 91.91322432700008, 26.114802146000045 ], [ 91.912998113000071, 26.114248187000044 ], [ 91.912752930000067, 26.113890881000032 ], [ 91.912426483000047, 26.113528838000036 ], [ 91.910485703000063, 26.112688429000059 ], [ 91.908707350000043, 26.111980333000076 ], [ 91.90811143500008, 26.111740294000072 ], [ 91.90794539500007, 26.111706329000071 ], [ 91.907645794000075, 26.111691470000039 ], [ 91.907127690000038, 26.111798371000077 ], [ 91.905885814000044, 26.112414132000026 ], [ 91.903761374000055, 26.113296716000036 ], [ 91.903422822000039, 26.113412867000079 ], [ 91.903108868000061, 26.113431465000076 ], [ 91.901797068000064, 26.113431665000064 ], [ 91.901588145000062, 26.113402823000058 ], [ 91.901368631000082, 26.113384158000031 ], [ 91.901206253000055, 26.113314965000029 ], [ 91.900239740000075, 26.112635745000034 ], [ 91.899167758000033, 26.111558435000063 ], [ 91.899007249000078, 26.111444181000024 ], [ 91.898594082000045, 26.11118470100007 ], [ 91.897947388000034, 26.110939512000073 ], [ 91.896782407000046, 26.11044713800004 ], [ 91.896331229000054, 26.11037495000005 ], [ 91.89508449300007, 26.110284515000046 ], [ 91.892060377000064, 26.10993568400005 ], [ 91.891087548000087, 26.109784443000024 ], [ 91.890376524000033, 26.109571670000037 ], [ 91.888519041000052, 26.109489082000039 ], [ 91.888042664000068, 26.109568516000024 ], [ 91.887512147000052, 26.109657673000072 ], [ 91.887369396000054, 26.109749575000023 ], [ 91.887293047000071, 26.109890128000075 ], [ 91.887294281000038, 26.110091318000059 ], [ 91.887406954000085, 26.110423271000059 ], [ 91.888064906000068, 26.111354176000077 ], [ 91.890327075000073, 26.113432851000027 ], [ 91.89036051000005, 26.113793172000044 ], [ 91.890316511000037, 26.114092021000033 ], [ 91.890162689000078, 26.114351106000072 ], [ 91.889965009000036, 26.114539637000064 ], [ 91.889677830000039, 26.114667213000075 ], [ 91.888563821000048, 26.114891968000052 ], [ 91.88790279300008, 26.114965796000035 ], [ 91.886801568000067, 26.114981669000031 ], [ 91.886438157000043, 26.115005886000063 ], [ 91.885975775000077, 26.115114813000048 ], [ 91.885634927000069, 26.11527613100003 ], [ 91.885129262000078, 26.115507505000039 ], [ 91.884700641000052, 26.115519174000042 ], [ 91.884228682000071, 26.115596121000067 ], [ 91.883692392000057, 26.115568935000056 ], [ 91.883690995000052, 26.116296479000027 ], [ 91.883549573000039, 26.118530335000059 ], [ 91.883578176000071, 26.118796927000062 ], [ 91.883639023000057, 26.11892474800004 ], [ 91.883744268000044, 26.119069183000079 ], [ 91.883956650000073, 26.119235402000072 ], [ 91.884767025000031, 26.119338824000067 ], [ 91.887024838000059, 26.119654605000051 ], [ 91.891304455000068, 26.120715799000038 ], [ 91.895443335000039, 26.12187792900005 ], [ 91.898610469000062, 26.122818872000039 ], [ 91.902352448000045, 26.124217614000031 ], [ 91.905525892000071, 26.125270253000053 ], [ 91.907021005000047, 26.126031573000034 ], [ 91.909979109000062, 26.127642242000036 ], [ 91.911310818000061, 26.128401710000048 ], [ 91.912764713000058, 26.125046173000044 ] ] ] } },
{ "type": "Feature", "properties": { "candidate_id": "RC-055", "pc11_tv_id": "303544", "tv_name": "Bhogpur N.C.", "TOT_P": 388, "P_06": 49, "P_SC": 0, "P_ST": 71, "elevation_m": 92.0, "slope_deg": 10.176527410054078, "elevation_band": "50-100m (low)", "exposed_years": 0, "max_exposure_pct": 0.0, "frequency_pct": 0.0, "flood_exclusion": "never_exposed", "distance_to_major_road_m": 2447.9189866623124, "distance_to_major_road_km": 2.4479189866623123, "road_access_band": "2-5km (moderate)", "distance_to_nearest_exposed_km": 0.37675674710160062, "nearby_exposed_habs": 9.0, "nearby_vulnerable_pop": 9595.0, "amenities_score": 18.4, "suitability_score": 51.85, "suitability_class": "Medium", "capacity_status": "Pending - requires LULC + land area + planning validation", "available_area_ha": null, "max_capacity_persons": null, "capacity_notes": "Carrying capacity calculation requires: (1) NRSC LULC data for land-use classification, (2) Available open land area from LULC + slope analysis, (3) GMDA planning zones and ownership validation, (4) Density assumptions from government norms. NOT CALCULATED - pending these datasets." }, "geometry": { "type": "Polygon", "coordinates": [ [ [ 92.09549383600006, 26.105078412000069 ], [ 92.095882283000037, 26.105116711000051 ], [ 92.09598055400005, 26.105115882000064 ], [ 92.096049857000082, 26.10509397800007 ], [ 92.09611080600007, 26.105030574000068 ], [ 92.096163842000067, 26.104913941000063 ], [ 92.096168225000042, 26.104797713000039 ], [ 92.096133843000075, 26.104682868000054 ], [ 92.095719522000081, 26.103557016000025 ], [ 92.095608408000032, 26.103370166000047 ], [ 92.095496300000036, 26.103183299000023 ], [ 92.095024002000059, 26.102705727000057 ], [ 92.094137294000063, 26.101283177000028 ], [ 92.093241199000033, 26.099586471000066 ], [ 92.092295160000049, 26.09759615300004 ], [ 92.091752763000045, 26.09659072900007 ], [ 92.091045619000056, 26.095687804000079 ], [ 92.090257603000055, 26.094876279000061 ], [ 92.089410286000032, 26.094109020000076 ], [ 92.089165265000076, 26.093702151000059 ], [ 92.088576345000035, 26.092330503000028 ], [ 92.087151375000076, 26.088127615000076 ], [ 92.087067754000032, 26.08763028900006 ], [ 92.087045874000069, 26.085175917000072 ], [ 92.087092355000038, 26.084099230000049 ], [ 92.087302924000085, 26.083317159000046 ], [ 92.087995827000043, 26.080120635000071 ], [ 92.088343128000076, 26.078107707000072 ], [ 92.088355719000049, 26.077300107000042 ], [ 92.088305323000043, 26.076910435000059 ], [ 92.08819870700006, 26.076749094000036 ], [ 92.087255033000076, 26.075734874000034 ], [ 92.085850484000048, 26.076658016000067 ], [ 92.083307183000045, 26.078701416000058 ], [ 92.083060071000034, 26.078824165000071 ], [ 92.082549328000084, 26.078875723000067 ], [ 92.081413553000061, 26.078864104000047 ], [ 92.080397918000074, 26.078871436000043 ], [ 92.078779232000045, 26.079173996000065 ], [ 92.07629128800005, 26.079970599000035 ], [ 92.075532896000084, 26.08034123300007 ], [ 92.073760674000084, 26.081644464000078 ], [ 92.073171682000066, 26.082256434000044 ], [ 92.071552811000061, 26.085111411000071 ], [ 92.069480601000066, 26.089102493000041 ], [ 92.069124880000061, 26.089981106000039 ], [ 92.068740361000039, 26.090424595000059 ], [ 92.067211683000039, 26.091907807000041 ], [ 92.067473034000045, 26.092191656000068 ], [ 92.067673606000085, 26.092504618000078 ], [ 92.067729873000076, 26.092738381000061 ], [ 92.067713130000072, 26.093258941000045 ], [ 92.067698835000044, 26.093432629000063 ], [ 92.067695219000086, 26.093544720000068 ], [ 92.067708645000039, 26.093697419000023 ], [ 92.06774144600007, 26.093818511000052 ], [ 92.068156197000064, 26.094290972000067 ], [ 92.068498543000032, 26.094763679000039 ], [ 92.068701520000047, 26.095004252000024 ], [ 92.068928620000065, 26.095188369000027 ], [ 92.069947552000031, 26.094988637000029 ], [ 92.07140823800006, 26.094891783000037 ], [ 92.072432266000078, 26.094732591000025 ], [ 92.073189802000059, 26.094553708000035 ], [ 92.074432092000052, 26.094140220000043 ], [ 92.075643171000081, 26.093624458000079 ], [ 92.076695971000049, 26.093041411000058 ], [ 92.078010832000075, 26.092142251000041 ], [ 92.07810709000006, 26.092123963000063 ], [ 92.078202802000078, 26.092122846000052 ], [ 92.078254056000048, 26.092168359000027 ], [ 92.078338640000084, 26.092511578000028 ], [ 92.078462140000056, 26.093518063000033 ], [ 92.078538413000047, 26.094853225000065 ], [ 92.078438166000069, 26.095903289000034 ], [ 92.078558433000069, 26.098165574000063 ], [ 92.078808210000034, 26.100200677000032 ], [ 92.079008684000087, 26.100759663000076 ], [ 92.079366388000039, 26.101235884000062 ], [ 92.080085991000033, 26.102045580000038 ], [ 92.080849409000052, 26.102537397000049 ], [ 92.082150610000042, 26.103293086000065 ], [ 92.083472075000032, 26.103825273000041 ], [ 92.085107188000052, 26.104451939000057 ], [ 92.086505018000082, 26.104823620000047 ], [ 92.087137995000035, 26.104875766000077 ], [ 92.087266298000031, 26.104921476000072 ], [ 92.087348182000085, 26.105025383000054 ], [ 92.087353054000062, 26.10518886400007 ], [ 92.087342038000031, 26.105490384000063 ], [ 92.087938103000056, 26.105484241000056 ], [ 92.088573097000051, 26.10544586900005 ], [ 92.091156857000044, 26.10522058600003 ], [ 92.093189308000035, 26.105075600000077 ], [ 92.094592926000075, 26.104990048000047 ], [ 92.09549383600006, 26.105078412000069 ] ] ] } },
{ "type": "Feature", "properties": { "candidate_id": "RC-056", "pc11_tv_id": "303617", "tv_name": "2 No. Birkuchi", "TOT_P": 898, "P_06": 104, "P_SC": 40, "P_ST": 23, "elevation_m": 195.0, "slope_deg": 28.084099366691156, "elevation_band": "100-200m (foothill)", "exposed_years": 0, "max_exposure_pct": 0.0, "frequency_pct": 0.0, "flood_exclusion": "never_exposed", "distance_to_major_road_m": 1121.3152809192582, "distance_to_major_road_km": 1.1213152809192581, "road_access_band": "1-2km (good)", "distance_to_nearest_exposed_km": 0.48029534002935242, "nearby_exposed_habs": 4.0, "nearby_vulnerable_pop": 5818.0, "amenities_score": 18.4, "suitability_score": 51.45, "suitability_class": "Medium", "capacity_status": "Pending - requires LULC + land area + planning validation", "available_area_ha": null, "max_capacity_persons": null, "capacity_notes": "Carrying capacity calculation requires: (1) NRSC LULC data for land-use classification, (2) Available open land area from LULC + slope analysis, (3) GMDA planning zones and ownership validation, (4) Density assumptions from government norms. NOT CALCULATED - pending these datasets." }, "geometry": { "type": "Polygon", "coordinates": [ [ [ 91.86174404700003, 26.16586175900002 ], [ 91.861262409000062, 26.164167819000017 ], [ 91.860721612000077, 26.163136577000046 ], [ 91.860178411000078, 26.162172734000055 ], [ 91.859683926000102, 26.161114517999984 ], [ 91.859535376000068, 26.160856429000034 ], [ 91.859311058000074, 26.160638895000066 ], [ 91.858829129000071, 26.160273712000048 ], [ 91.858034766000074, 26.15962524400004 ], [ 91.856008527971241, 26.157127622741694 ], [ 91.855919987017828, 26.157408068227816 ], [ 91.855518828231467, 26.15854879708932 ], [ 91.855365775310375, 26.15918725368882 ], [ 91.855250919294562, 26.159916777437431 ], [ 91.85524631836293, 26.160160173553226 ], [ 91.855291656784573, 26.16027769785747 ], [ 91.855349342897881, 26.160377338243634 ], [ 91.855985500830258, 26.161299549834371 ], [ 91.85611369109408, 26.161409627752175 ], [ 91.856238568255407, 26.161480438571427 ], [ 91.856960293982496, 26.161697964789354 ], [ 91.857460374596656, 26.16188428902877 ], [ 91.857773585982287, 26.162098084858787 ], [ 91.85845375493686, 26.162808766911105 ], [ 91.858525790632768, 26.162942089605767 ], [ 91.8585362902177, 26.16298555923624 ], [ 91.858520422579474, 26.163057595831418 ], [ 91.858405132191123, 26.163225942623214 ], [ 91.858210167265412, 26.163401574822931 ], [ 91.858007624652231, 26.163492629381402 ], [ 91.857777546596523, 26.163546941238369 ], [ 91.85727822321148, 26.163598626175677 ], [ 91.855258354889187, 26.16355849932539 ], [ 91.851757924588554, 26.163204799561957 ], [ 91.850293148410159, 26.163152501287001 ], [ 91.850053973711979, 26.163144428972274 ], [ 91.849736556197215, 26.163231825988031 ], [ 91.849523189343785, 26.163309533708023 ], [ 91.849397654778016, 26.163388326010484 ], [ 91.849348472653958, 26.163468031124815 ], [ 91.849170274688504, 26.163792075743775 ], [ 91.849093220775572, 26.163923626774022 ], [ 91.848961784858574, 26.16403347806262 ], [ 91.848787132919881, 26.164167931205107 ], [ 91.848631697694742, 26.164334723968441 ], [ 91.848494691376999, 26.164548874131288 ], [ 91.848433895408021, 26.164668570298311 ], [ 91.848389603797202, 26.164872684926532 ], [ 91.848367840203693, 26.165066999642406 ], [ 91.848423904839379, 26.165835659188375 ], [ 91.848417390150502, 26.165959896931756 ], [ 91.848396836145156, 26.166031847192084 ], [ 91.849393836000019, 26.166118745000055 ], [ 91.851357302000025, 26.166320825000078 ], [ 91.852550293000064, 26.166389345000063 ], [ 91.853753591000057, 26.166409539000046 ], [ 91.856642257000061, 26.166289094000028 ], [ 91.859175790000066, 26.166119232 ], [ 91.860491185000015, 26.16590804100003 ], [ 91.861232921000095, 26.165877614000088 ], [ 91.86174404700003, 26.16586175900002 ] ] ] } },
{ "type": "Feature", "properties": { "candidate_id": "RC-057", "pc11_tv_id": "303448", "tv_name": "Kamarkuchi", "TOT_P": 1725, "P_06": 188, "P_SC": 6, "P_ST": 66, "elevation_m": 124.0, "slope_deg": 25.142430490543429, "elevation_band": "100-200m (foothill)", "exposed_years": 0, "max_exposure_pct": 0.0, "frequency_pct": 0.0, "flood_exclusion": "never_exposed", "distance_to_major_road_m": 11.258222004024711, "distance_to_major_road_km": 0.011258222004024711, "road_access_band": "<1km (excellent)", "distance_to_nearest_exposed_km": 3.2793854600980832, "nearby_exposed_habs": 4.0, "nearby_vulnerable_pop": 3677.0, "amenities_score": 36.8, "suitability_score": 51.2, "suitability_class": "Medium", "capacity_status": "Pending - requires LULC + land area + planning validation", "available_area_ha": null, "max_capacity_persons": null, "capacity_notes": "Carrying capacity calculation requires: (1) NRSC LULC data for land-use classification, (2) Available open land area from LULC + slope analysis, (3) GMDA planning zones and ownership validation, (4) Density assumptions from government norms. NOT CALCULATED - pending these datasets." }, "geometry": { "type": "Polygon", "coordinates": [ [ [ 91.888042664000039, 26.109568516 ], [ 91.888519041000023, 26.109489082000081 ], [ 91.890376524000047, 26.109571670000076 ], [ 91.890493341000123, 26.107227811000033 ], [ 91.89064917900005, 26.106229928000069 ], [ 91.891027930000035, 26.10519358400003 ], [ 91.891833769000101, 26.103161033000077 ], [ 91.892073477000039, 26.102323619000067 ], [ 91.892252546000108, 26.101731643000026 ], [ 91.892343782000111, 26.100947317000056 ], [ 91.892285798000017, 26.099510340000087 ], [ 91.892106147000078, 26.098578911000025 ], [ 91.891288305000089, 26.097070030000058 ], [ 91.890353899000047, 26.095562981000064 ], [ 91.889841307, 26.094919517000026 ], [ 91.889403853000033, 26.094637667000065 ], [ 91.88888792300007, 26.094307024000063 ], [ 91.888168675000074, 26.09394105800007 ], [ 91.887325790000048, 26.093556932000084 ], [ 91.886347046000068, 26.09321540900007 ], [ 91.884837241000028, 26.092874774000041 ], [ 91.882388368000093, 26.092686378000085 ], [ 91.879666908000075, 26.092451343 ], [ 91.877650685000049, 26.092376993000066 ], [ 91.873775981276566, 26.09108794795052 ], [ 91.873459910946139, 26.091904648380915 ], [ 91.871195671642965, 26.097003242305838 ], [ 91.872246091000065, 26.100570022000014 ], [ 91.872024372000013, 26.101588045000046 ], [ 91.871631774000036, 26.102791221000032 ], [ 91.871339317, 26.103717855000053 ], [ 91.871221405000099, 26.104674157000041 ], [ 91.871756079000107, 26.10469466400005 ], [ 91.873065042000064, 26.105017641000039 ], [ 91.874253942000024, 26.105276781000075 ], [ 91.875382926000086, 26.105472335000091 ], [ 91.876111567000066, 26.105723823000027 ], [ 91.878683998000014, 26.107268309000098 ], [ 91.879356918, 26.107748091000094 ], [ 91.880296337000104, 26.108777076000056 ], [ 91.881329783000069, 26.11002045 ], [ 91.882050173, 26.110904259000023 ], [ 91.882380368000042, 26.111747430000065 ], [ 91.883540434000025, 26.114730953 ], [ 91.883692530000076, 26.115451089 ], [ 91.883692392000071, 26.115568935000066 ], [ 91.884228682000042, 26.115596121000095 ], [ 91.884700641000094, 26.115519174000035 ], [ 91.88512926200012, 26.115507505000046 ], [ 91.885634927000041, 26.115276131 ], [ 91.885975775000077, 26.115114813000062 ], [ 91.886438157000057, 26.11500588600002 ], [ 91.886801568000109, 26.114981669000059 ], [ 91.887902793000094, 26.114965796000078 ], [ 91.888563821000076, 26.114891968 ], [ 91.889677830000068, 26.114667213000065 ], [ 91.889965009000022, 26.114539637000078 ], [ 91.890162689000121, 26.114351106000111 ], [ 91.890316511000066, 26.114092021 ], [ 91.89036051000005, 26.113793172000044 ], [ 91.890327075000044, 26.113432850999985 ], [ 91.888064906000096, 26.111354176000034 ], [ 91.887406954000113, 26.110423271000016 ], [ 91.887294281000024, 26.110091318000084 ], [ 91.887293047000099, 26.109890128000046 ], [ 91.887369396000025, 26.109749575000052 ], [ 91.887512147000024, 26.109657673000086 ], [ 91.888042664000039, 26.109568516 ] ] ] } },
{ "type": "Feature", "properties": { "candidate_id": "RC-058", "pc11_tv_id": "303498", "tv_name": "Kalangpur N.C.", "TOT_P": 538, "P_06": 82, "P_SC": 0, "P_ST": 0, "elevation_m": 239.0, "slope_deg": 11.461836902818336, "elevation_band": "200-500m (upland)", "exposed_years": 0, "max_exposure_pct": 0.0, "frequency_pct": 0.0, "flood_exclusion": "never_exposed", "distance_to_major_road_m": 4314.7166054099971, "distance_to_major_road_km": 4.3147166054099975, "road_access_band": "2-5km (moderate)", "distance_to_nearest_exposed_km": 6.2405554639848431, "nearby_exposed_habs": 0.0, "nearby_vulnerable_pop": 0.0, "amenities_score": 18.4, "suitability_score": 50.66, "suitability_class": "Medium", "capacity_status": "Pending - requires LULC + land area + planning validation", "available_area_ha": null, "max_capacity_persons": null, "capacity_notes": "Carrying capacity calculation requires: (1) NRSC LULC data for land-use classification, (2) Available open land area from LULC + slope analysis, (3) GMDA planning zones and ownership validation, (4) Density assumptions from government norms. NOT CALCULATED - pending these datasets." }, "geometry": { "type": "Polygon", "coordinates": [ [ [ 92.052036701000077, 26.035357647000097 ], [ 92.052757554817347, 26.033093511056745 ], [ 92.048966789185997, 26.033559153931847 ], [ 92.042482348081919, 26.034258825584374 ], [ 92.040634907674956, 26.035016958565834 ], [ 92.041318964000141, 26.038399069000036 ], [ 92.041899344000115, 26.039026549000084 ], [ 92.042032982000066, 26.039240392000103 ], [ 92.042112753000183, 26.039916137000148 ], [ 92.042256464000076, 26.041651669000039 ], [ 92.042245741000173, 26.046234471000147 ], [ 92.042309841000147, 26.04991083600013 ], [ 92.042394749000067, 26.050577531000137 ], [ 92.042497173000186, 26.050867389000139 ], [ 92.042644486000214, 26.051190523000052 ], [ 92.043030604000194, 26.051611861000097 ], [ 92.043610754000042, 26.052081621000063 ], [ 92.044151414000112, 26.052632132000049 ], [ 92.048113318000091, 26.051696752000016 ], [ 92.049408967, 26.051343055000061 ], [ 92.049750817000046, 26.051201308000056 ], [ 92.050795272000045, 26.050452643000018 ], [ 92.052228907000085, 26.049515503000105 ], [ 92.052409267000087, 26.049344575000084 ], [ 92.052451457000117, 26.049252381 ], [ 92.05245509600006, 26.049007337999981 ], [ 92.052444904000112, 26.048776607000075 ], [ 92.052146669000123, 26.047687833000051 ], [ 92.051330123000071, 26.044382756000058 ], [ 92.051222402000036, 26.043369287000047 ], [ 92.050955054000028, 26.041250476000062 ], [ 92.050980432000088, 26.039082523 ], [ 92.051110987000044, 26.038311803000099 ], [ 92.051616082000095, 26.036831275000079 ], [ 92.052036701000077, 26.035357647000097 ] ] ] } },
{ "type": "Feature", "properties": { "candidate_id": "RC-059", "pc11_tv_id": "303482", "tv_name": "Aparikola Gaon", "TOT_P": 376, "P_06": 46, "P_SC": 1, "P_ST": 132, "elevation_m": 139.0, "slope_deg": 10.176527410054078, "elevation_band": "100-200m (foothill)", "exposed_years": 0, "max_exposure_pct": 0.0, "frequency_pct": 0.0, "flood_exclusion": "never_exposed", "distance_to_major_road_m": 1812.7077105068804, "distance_to_major_road_km": 1.8127077105068805, "road_access_band": "1-2km (good)", "distance_to_nearest_exposed_km": 1.0647055058095927, "nearby_exposed_habs": 3.0, "nearby_vulnerable_pop": 714.0, "amenities_score": 18.4, "suitability_score": 50.54, "suitability_class": "Medium", "capacity_status": "Pending - requires LULC + land area + planning validation", "available_area_ha": null, "max_capacity_persons": null, "capacity_notes": "Carrying capacity calculation requires: (1) NRSC LULC data for land-use classification, (2) Available open land area from LULC + slope analysis, (3) GMDA planning zones and ownership validation, (4) Density assumptions from government norms. NOT CALCULATED - pending these datasets." }, "geometry": { "type": "Polygon", "coordinates": [ [ [ 91.89330370600004, 26.040699291000102 ], [ 91.895039642000057, 26.040183878 ], [ 91.895561341000047, 26.039933781000091 ], [ 91.896015559000062, 26.039632399000023 ], [ 91.896296108000101, 26.039419562 ], [ 91.897016836000049, 26.038749926000015 ], [ 91.897351616000037, 26.038398414000063 ], [ 91.897583525000044, 26.038046940000026 ], [ 91.897863812000054, 26.037119588000035 ], [ 91.898546896000084, 26.035222760000032 ], [ 91.898939745000078, 26.03395452500008 ], [ 91.899105841000051, 26.03159936900008 ], [ 91.898990982000043, 26.029887548000019 ], [ 91.897508883228426, 26.026536731185246 ], [ 91.896173409775088, 26.026817750438891 ], [ 91.893753845863287, 26.028027581407809 ], [ 91.891952134183711, 26.029551651687388 ], [ 91.889382545368207, 26.029327621572484 ], [ 91.88360414761334, 26.028674402601659 ], [ 91.882053305415752, 26.029504464259645 ], [ 91.881428665100898, 26.029809572753582 ], [ 91.877578810413851, 26.031401548142963 ], [ 91.876460629354639, 26.032635125710524 ], [ 91.874316159063511, 26.037267261075314 ], [ 91.873583776370268, 26.040817869948807 ], [ 91.879579623000041, 26.04022443600007 ], [ 91.880041597000073, 26.040579147000109 ], [ 91.880819157000104, 26.040780969000021 ], [ 91.881821205000051, 26.040973360000041 ], [ 91.883461952000104, 26.041036806000051 ], [ 91.886346734000043, 26.041063015000088 ], [ 91.889403145000074, 26.041079206000095 ], [ 91.890954294000068, 26.041041526000086 ], [ 91.891591984000073, 26.041027353000068 ], [ 91.892251202000082, 26.040841093000022 ], [ 91.89330370600004, 26.040699291000102 ] ] ] } },
{ "type": "Feature", "properties": { "candidate_id": "RC-060", "pc11_tv_id": "303511", "tv_name": "Bajeni Gaon", "TOT_P": 517, "P_06": 88, "P_SC": 62, "P_ST": 316, "elevation_m": 63.0, "slope_deg": 10.999158271052183, "elevation_band": "50-100m (low)", "exposed_years": 0, "max_exposure_pct": 0.0, "frequency_pct": 0.0, "flood_exclusion": "never_exposed", "distance_to_major_road_m": 2023.2457920664501, "distance_to_major_road_km": 2.0232457920664499, "road_access_band": "2-5km (moderate)", "distance_to_nearest_exposed_km": 0.24149235455219903, "nearby_exposed_habs": 24.0, "nearby_vulnerable_pop": 30739.0, "amenities_score": 18.4, "suitability_score": 50.21, "suitability_class": "Medium", "capacity_status": "Pending - requires LULC + land area + planning validation", "available_area_ha": null, "max_capacity_persons": null, "capacity_notes": "Carrying capacity calculation requires: (1) NRSC LULC data for land-use classification, (2) Available open land area from LULC + slope analysis, (3) GMDA planning zones and ownership validation, (4) Density assumptions from government norms. NOT CALCULATED - pending these datasets." }, "geometry": { "type": "Polygon", "coordinates": [ [ [ 92.00668698800007, 26.170950266000034 ], [ 92.006230812000069, 26.17084380700004 ], [ 92.005668871000069, 26.170836343000076 ], [ 92.005551591000085, 26.171206386000051 ], [ 92.00544676700008, 26.173027454000078 ], [ 92.005325128000038, 26.173689652000064 ], [ 92.004400479000083, 26.176567274000035 ], [ 92.004263362000074, 26.176851235000072 ], [ 92.004610949000039, 26.177370418000066 ], [ 92.005007781000074, 26.177806578000059 ], [ 92.005133865000062, 26.177945358000045 ], [ 92.005672832000073, 26.178318896000064 ], [ 92.006960166000056, 26.179086234000067 ], [ 92.007938208000041, 26.179981330000032 ], [ 92.009522649000075, 26.181511446000059 ], [ 92.009918614000071, 26.181892292000043 ], [ 92.010137426000085, 26.182229734000032 ], [ 92.010676337000064, 26.18330101500004 ], [ 92.011449025000047, 26.18536369800006 ], [ 92.011732778000066, 26.186084337000068 ], [ 92.011894703000053, 26.186318873000062 ], [ 92.012681435000047, 26.187298662000046 ], [ 92.012810887000057, 26.187500771000032 ], [ 92.013087490000032, 26.187439729000062 ], [ 92.013275561000057, 26.187405867000052 ], [ 92.013365893000071, 26.18731989500003 ], [ 92.013435021000078, 26.187208837000071 ], [ 92.013444253000046, 26.187088574000029 ], [ 92.013376461000064, 26.186780175000024 ], [ 92.013279542000078, 26.184651919000032 ], [ 92.01303190200008, 26.182699110000044 ], [ 92.012666698000032, 26.180805952000071 ], [ 92.012215358000049, 26.178986057000031 ], [ 92.011852950000048, 26.177611450000029 ], [ 92.011608629000079, 26.176877232000038 ], [ 92.011201533000076, 26.176340775000028 ], [ 92.010831111000073, 26.175597366000034 ], [ 92.009998707000079, 26.173709993000045 ], [ 92.009467821000044, 26.172824986000023 ], [ 92.008859899000072, 26.172169262000068 ], [ 92.008063667000044, 26.171627926000042 ], [ 92.007267446000071, 26.171127031000026 ], [ 92.007065513000043, 26.17106552100006 ], [ 92.00668698800007, 26.170950266000034 ] ] ] } },
{ "type": "Feature", "properties": { "candidate_id": "RC-061", "pc11_tv_id": "303515", "tv_name": "Amara Pathar N.C.", "TOT_P": 219, "P_06": 25, "P_SC": 69, "P_ST": 0, "elevation_m": 156.0, "slope_deg": 24.359555875506427, "elevation_band": "100-200m (foothill)", "exposed_years": 0, "max_exposure_pct": 0.0, "frequency_pct": 0.0, "flood_exclusion": "never_exposed", "distance_to_major_road_m": 414.48578457335725, "distance_to_major_road_km": 0.41448578457335727, "road_access_band": "<1km (excellent)", "distance_to_nearest_exposed_km": 0.48694718725528796, "nearby_exposed_habs": 26.0, "nearby_vulnerable_pop": 26846.0, "amenities_score": 0.0, "suitability_score": 49.8, "suitability_class": "Low", "capacity_status": "Pending - requires LULC + land area + planning validation", "available_area_ha": null, "max_capacity_persons": null, "capacity_notes": "Carrying capacity calculation requires: (1) NRSC LULC data for land-use classification, (2) Available open land area from LULC + slope analysis, (3) GMDA planning zones and ownership validation, (4) Density assumptions from government norms. NOT CALCULATED - pending these datasets." }, "geometry": { "type": "Polygon", "coordinates": [ [ [ 92.022248522000041, 26.155747550000058 ], [ 92.023088822000034, 26.15594513800005 ], [ 92.025123541000085, 26.156480751000061 ], [ 92.026198956000087, 26.156779486000062 ], [ 92.026896582000063, 26.156910650000043 ], [ 92.02766779600006, 26.157004293000057 ], [ 92.028910106000069, 26.157053193000024 ], [ 92.030599125000037, 26.157007404000069 ], [ 92.031098262000057, 26.156953514000065 ], [ 92.031839590000061, 26.156823193000037 ], [ 92.031981213000051, 26.15682410200003 ], [ 92.032219611000073, 26.156810239000038 ], [ 92.032505663000052, 26.156687979000026 ], [ 92.033411091000062, 26.156233830000076 ], [ 92.033893637000062, 26.15602506700003 ], [ 92.034097923000047, 26.155988146000027 ], [ 92.034390161000033, 26.155980366000051 ], [ 92.034859195000081, 26.156125295000038 ], [ 92.035129079000058, 26.155648124000038 ], [ 92.035182, 26.155434762000027 ], [ 92.035176935000038, 26.155232419000072 ], [ 92.035021004000043, 26.155018132000066 ], [ 92.033477355000059, 26.153508872000032 ], [ 92.032795493000037, 26.152711907000025 ], [ 92.032031472000085, 26.151591918000065 ], [ 92.03141018000008, 26.150834143000054 ], [ 92.030669881000051, 26.149698654000076 ], [ 92.029841539000074, 26.148202827000034 ], [ 92.02933822600005, 26.147469974000046 ], [ 92.028578426000081, 26.146863942000039 ], [ 92.028091189000065, 26.146592003000023 ], [ 92.027312917000074, 26.146461063000061 ], [ 92.026842532000046, 26.14639577500003 ], [ 92.025578037000059, 26.146429162000061 ], [ 92.024317302000043, 26.146269913000026 ], [ 92.023833728000056, 26.146267755000054 ], [ 92.022965014000079, 26.146109653000053 ], [ 92.023047356000063, 26.146740699000077 ], [ 92.022928422000064, 26.149520921000033 ], [ 92.022795234000057, 26.151865201000078 ], [ 92.022725303000072, 26.153155259000073 ], [ 92.022263169000041, 26.155699761000051 ], [ 92.022248522000041, 26.155747550000058 ] ] ] } },
{ "type": "Feature", "properties": { "candidate_id": "RC-062", "pc11_tv_id": "303450", "tv_name": "Upar Tepechia N.C.", "TOT_P": 179, "P_06": 16, "P_SC": 0, "P_ST": 0, "elevation_m": 152.0, "slope_deg": 26.008181915695513, "elevation_band": "100-200m (foothill)", "exposed_years": 0, "max_exposure_pct": 0.0, "frequency_pct": 0.0, "flood_exclusion": "never_exposed", "distance_to_major_road_m": 1310.8288627687118, "distance_to_major_road_km": 1.3108288627687119, "road_access_band": "1-2km (good)", "distance_to_nearest_exposed_km": 0.97743047256710125, "nearby_exposed_habs": 6.0, "nearby_vulnerable_pop": 7566.0, "amenities_score": 18.4, "suitability_score": 49.55, "suitability_class": "Low", "capacity_status": "Pending - requires LULC + land area + planning validation", "available_area_ha": null, "max_capacity_persons": null, "capacity_notes": "Carrying capacity calculation requires: (1) NRSC LULC data for land-use classification, (2) Available open land area from LULC + slope analysis, (3) GMDA planning zones and ownership validation, (4) Density assumptions from government norms. NOT CALCULATED - pending these datasets." }, "geometry": { "type": "Polygon", "coordinates": [ [ [ 91.890376524000033, 26.109571670000037 ], [ 91.891087548000087, 26.109784443000024 ], [ 91.892060377000064, 26.10993568400005 ], [ 91.89508449300007, 26.110284515000046 ], [ 91.896331229000054, 26.11037495000005 ], [ 91.896782407000046, 26.11044713800004 ], [ 91.897947388000034, 26.110939512000073 ], [ 91.898594082000045, 26.11118470100007 ], [ 91.899007249000078, 26.111444181000024 ], [ 91.899167758000033, 26.111558435000063 ], [ 91.900239740000075, 26.112635745000034 ], [ 91.901206253000055, 26.113314965000029 ], [ 91.901368631000082, 26.113384158000031 ], [ 91.901588145000062, 26.113402823000058 ], [ 91.901797068000064, 26.113431665000064 ], [ 91.903108868000061, 26.113431465000076 ], [ 91.903422822000039, 26.113412867000079 ], [ 91.903761374000055, 26.113296716000036 ], [ 91.905885814000044, 26.112414132000026 ], [ 91.907127690000038, 26.111798371000077 ], [ 91.907645794000075, 26.111691470000039 ], [ 91.90794539500007, 26.111706329000071 ], [ 91.90811143500008, 26.111740294000072 ], [ 91.908707350000043, 26.111980333000076 ], [ 91.910485703000063, 26.112688429000059 ], [ 91.912426483000047, 26.113528838000036 ], [ 91.912800745000084, 26.113175173000059 ], [ 91.912967441000035, 26.113090875000069 ], [ 91.913134849000073, 26.113023750000025 ], [ 91.913356874000044, 26.112979163000034 ], [ 91.914495664000071, 26.113035403000026 ], [ 91.915852885000049, 26.113170741000033 ], [ 91.916027289000056, 26.113210778000052 ], [ 91.916189830000064, 26.113322467000046 ], [ 91.916333901000087, 26.113422590000027 ], [ 91.916884568000057, 26.113885380000056 ], [ 91.917301213000087, 26.114150919000053 ], [ 91.917639180000037, 26.114267088000076 ], [ 91.918588559000057, 26.114468116000069 ], [ 91.919201428000065, 26.114528776000043 ], [ 91.920081285000037, 26.114479827000025 ], [ 91.920855029000052, 26.114360852000061 ], [ 91.921315142000083, 26.114217617000065 ], [ 91.921777047000035, 26.113998752000043 ], [ 91.922082627000066, 26.113793060000035 ], [ 91.922322522000059, 26.113569172000041 ], [ 91.923401767000087, 26.112618038000051 ], [ 91.923631165000074, 26.112303937000036 ], [ 91.923820718000059, 26.112011959000029 ], [ 91.924221749000083, 26.110982014000058 ], [ 91.92503258000005, 26.109052889000054 ], [ 91.925246324000057, 26.108786527000063 ], [ 91.925444492000054, 26.108634671000061 ], [ 91.925985096000034, 26.10835363700005 ], [ 91.925810335000051, 26.107929962000071 ], [ 91.925461259000031, 26.10802103900005 ], [ 91.925119607000056, 26.108035315000052 ], [ 91.924160339000082, 26.108220950000032 ], [ 91.923603988000082, 26.108376385000042 ], [ 91.921866722000061, 26.108984398000075 ], [ 91.919640207000043, 26.109839155000031 ], [ 91.917812069000036, 26.110331252000037 ], [ 91.91700521000007, 26.110366228000032 ], [ 91.915855308000062, 26.110261342000058 ], [ 91.915137124000069, 26.11013446000004 ], [ 91.91076817000004, 26.109054664000041 ], [ 91.908002366000062, 26.108351327000037 ], [ 91.907171179000045, 26.108004402000063 ], [ 91.905481457000064, 26.107127044000038 ], [ 91.902936836000038, 26.10563581100007 ], [ 91.901607140000067, 26.104844250000042 ], [ 91.899976622000054, 26.103661744000078 ], [ 91.897837439000057, 26.102150609000034 ], [ 91.896138748000055, 26.100941717000069 ], [ 91.895001740000055, 26.100132385000052 ], [ 91.894407034000039, 26.09970226400003 ], [ 91.893171634000055, 26.099007635000078 ], [ 91.892645365000078, 26.098735404000024 ], [ 91.892376366000065, 26.098650232000068 ], [ 91.89210614700005, 26.098578911000061 ], [ 91.892285798000046, 26.099510340000052 ], [ 91.892343782000069, 26.100947317000077 ], [ 91.892252546000066, 26.101731643000051 ], [ 91.892073477000054, 26.10232361900006 ], [ 91.891833769000073, 26.103161033000049 ], [ 91.891027930000064, 26.105193584000062 ], [ 91.890649179000036, 26.106229928000062 ], [ 91.890493341000081, 26.10722781100003 ], [ 91.890376524000033, 26.109571670000037 ] ] ] } },
{ "type": "Feature", "properties": { "candidate_id": "RC-063", "pc11_tv_id": "303603", "tv_name": "2 No. Thakurbari", "TOT_P": 145, "P_06": 19, "P_SC": 0, "P_ST": 4, "elevation_m": 80.0, "slope_deg": 8.4787131470861592, "elevation_band": "50-100m (low)", "exposed_years": 0, "max_exposure_pct": 0.0, "frequency_pct": 0.0, "flood_exclusion": "never_exposed", "distance_to_major_road_m": 1421.7049399658258, "distance_to_major_road_km": 1.4217049399658259, "road_access_band": "1-2km (good)", "distance_to_nearest_exposed_km": 0.49331247768627839, "nearby_exposed_habs": 14.0, "nearby_vulnerable_pop": 15468.0, "amenities_score": 0.0, "suitability_score": 49.39, "suitability_class": "Low", "capacity_status": "Pending - requires LULC + land area + planning validation", "available_area_ha": null, "max_capacity_persons": null, "capacity_notes": "Carrying capacity calculation requires: (1) NRSC LULC data for land-use classification, (2) Available open land area from LULC + slope analysis, (3) GMDA planning zones and ownership validation, (4) Density assumptions from government norms. NOT CALCULATED - pending these datasets." }, "geometry": { "type": "Polygon", "coordinates": [ [ [ 91.925677513000039, 26.217465145000062 ], [ 91.92594383800008, 26.217706838000026 ], [ 91.926277416000062, 26.21800670600004 ], [ 91.926431281000077, 26.218002573000035 ], [ 91.926660962000085, 26.21803922600003 ], [ 91.928123721000077, 26.218542974000059 ], [ 91.930194633000042, 26.219137290000049 ], [ 91.931689069000072, 26.219407884000077 ], [ 91.93188073500005, 26.219420030000038 ], [ 91.932043250000049, 26.219415367000067 ], [ 91.932182442000055, 26.219343426000023 ], [ 91.93244603800008, 26.219206571000029 ], [ 91.932585448000054, 26.21911269800006 ], [ 91.932717422000053, 26.219026325000073 ], [ 91.932818138000073, 26.218923016000076 ], [ 91.932912569000052, 26.218818307000049 ], [ 91.933314029000087, 26.217936103000056 ], [ 91.933399438000038, 26.217882648000057 ], [ 91.933507400000053, 26.217874511000048 ], [ 91.933569150000039, 26.21787841400004 ], [ 91.934429339000076, 26.218042291000074 ], [ 91.936674825000068, 26.218416195000032 ], [ 91.936798296000063, 26.218423801000029 ], [ 91.936874885000066, 26.218406593000054 ], [ 91.936960250000084, 26.218346078000025 ], [ 91.937006757000063, 26.218298116000028 ], [ 91.938324969000064, 26.21458859300003 ], [ 91.938452684000083, 26.214409614000033 ], [ 91.938511498000082, 26.214366277000067 ], [ 91.938610114000085, 26.214307404000067 ], [ 91.938756483000077, 26.21428843700005 ], [ 91.939569118000065, 26.214121480000074 ], [ 91.939211679000039, 26.21356701600007 ], [ 91.938528838000082, 26.212723478000044 ], [ 91.936026945000037, 26.210039895000023 ], [ 91.935656306000055, 26.209617554000033 ], [ 91.935423165000032, 26.209452811000062 ], [ 91.933953808000069, 26.208707459000038 ], [ 91.931254772000045, 26.207413279000036 ], [ 91.929048307000073, 26.206360240000038 ], [ 91.928042629000061, 26.205880690000072 ], [ 91.926677847000065, 26.205207770000072 ], [ 91.92628583000004, 26.205087065000043 ], [ 91.925961437000069, 26.205036574000076 ], [ 91.925791075000063, 26.205465229000026 ], [ 91.925820295000051, 26.205884557000047 ], [ 91.925885530000073, 26.20705034100007 ], [ 91.926296647000072, 26.210641445000078 ], [ 91.926537143000076, 26.212843913000029 ], [ 91.926518885000064, 26.213184677000072 ], [ 91.926513141000044, 26.213602241000046 ], [ 91.925677513000039, 26.217465145000062 ] ] ] } },
{ "type": "Feature", "properties": { "candidate_id": "RC-064", "pc11_tv_id": "303495", "tv_name": "Kakar N.C.", "TOT_P": 809, "P_06": 93, "P_SC": 0, "P_ST": 3, "elevation_m": 231.0, "slope_deg": 3.9310957841602261, "elevation_band": "200-500m (upland)", "exposed_years": 0, "max_exposure_pct": 0.0, "frequency_pct": 0.0, "flood_exclusion": "never_exposed", "distance_to_major_road_m": 7054.5316787911715, "distance_to_major_road_km": 7.0545316787911716, "road_access_band": "5-10km (poor)", "distance_to_nearest_exposed_km": 4.2868026432896311, "nearby_exposed_habs": 2.0, "nearby_vulnerable_pop": 409.0, "amenities_score": 18.4, "suitability_score": 49.35, "suitability_class": "Low", "capacity_status": "Pending - requires LULC + land area + planning validation", "available_area_ha": null, "max_capacity_persons": null, "capacity_notes": "Carrying capacity calculation requires: (1) NRSC LULC data for land-use classification, (2) Available open land area from LULC + slope analysis, (3) GMDA planning zones and ownership validation, (4) Density assumptions from government norms. NOT CALCULATED - pending these datasets." }, "geometry": { "type": "Polygon", "coordinates": [ [ [ 91.994107412000048, 26.055305939000029 ], [ 91.996678203000045, 26.055146944000018 ], [ 91.997413083000083, 26.05524656500009 ], [ 91.997700434000066, 26.055039287000081 ], [ 91.998295872000128, 26.054659240999989 ], [ 91.998955485000081, 26.054127148000106 ], [ 91.999472876000084, 26.053809328000099 ], [ 92.000248358000107, 26.053483503000052 ], [ 92.002108786000036, 26.052788993000053 ], [ 92.00306527100004, 26.052515152000044 ], [ 92.005108140000047, 26.052202909000055 ], [ 92.009229489000077, 26.052187565000029 ], [ 92.01202379500009, 26.052148608 ], [ 92.011775530000065, 26.051169777000016 ], [ 92.011671962000023, 26.050773090000057 ], [ 92.011673934, 26.050527113000044 ], [ 92.011675147000105, 26.050372257000021 ], [ 92.011918740000098, 26.049824 ], [ 92.012363348000122, 26.048944117000161 ], [ 92.012087002000158, 26.048916888000129 ], [ 92.011965329000134, 26.04883890300016 ], [ 92.011781824000138, 26.048643308000052 ], [ 92.011342236000189, 26.047503827000185 ], [ 92.010516515000162, 26.045462492000127 ], [ 92.010416687000074, 26.044804112000186 ], [ 92.010320130000167, 26.043566313000088 ], [ 92.010032622000097, 26.042391420000044 ], [ 92.009541395904819, 26.040440665876208 ], [ 92.009681579241587, 26.038607338158126 ], [ 92.006019620808928, 26.038276498261848 ], [ 92.003380373205701, 26.038031365555092 ], [ 92.001444444905275, 26.036244848820811 ], [ 91.999148374098283, 26.034368451143131 ], [ 91.994318487708071, 26.033020432147325 ], [ 91.981603825855899, 26.029079677585099 ], [ 91.97548319829103, 26.026821697563296 ], [ 91.972926605000097, 26.030034975000049 ], [ 91.972637930000104, 26.031153836999987 ], [ 91.972579687000078, 26.031472559000068 ], [ 91.972575370000072, 26.031792582 ], [ 91.972915686000078, 26.033516872000018 ], [ 91.973035341000028, 26.034076765000069 ], [ 91.973247987000036, 26.034455754000074 ], [ 91.973780346000041, 26.035253488 ], [ 91.974205590000054, 26.035911603 ], [ 91.974398386000104, 26.036370905000084 ], [ 91.974571152000095, 26.036989077999984 ], [ 91.975622323000024, 26.040790177000073 ], [ 91.975618711, 26.041090693000069 ], [ 91.97552554, 26.041371085 ], [ 91.975377501000111, 26.04161240400007 ], [ 91.97523042100002, 26.041933777000015 ], [ 91.97516369, 26.042994123 ], [ 91.975112971000073, 26.049548577000081 ], [ 91.975155373000035, 26.055733562000061 ], [ 91.975235106000056, 26.055958629000031 ], [ 91.975415713000075, 26.056227591 ], [ 91.975899562000052, 26.05663120300008 ], [ 91.976806647000046, 26.057234879000113 ], [ 91.978376845000028, 26.05765121300001 ], [ 91.979441306000084, 26.057638121 ], [ 91.980521259000085, 26.05759838400008 ], [ 91.981100184000027, 26.057542599 ], [ 91.981557850000058, 26.057398225000039 ], [ 91.983921987, 26.056396868000054 ], [ 91.984570987000055, 26.056176617000038 ], [ 91.985237161000015, 26.056133998000064 ], [ 91.987573191000038, 26.055830561 ], [ 91.994107412000048, 26.055305939000029 ] ] ] } },
{ "type": "Feature", "properties": { "candidate_id": "RC-065", "pc11_tv_id": "303493", "tv_name": "Aparikola N.C.", "TOT_P": 373, "P_06": 68, "P_SC": 0, "P_ST": 263, "elevation_m": 168.0, "slope_deg": 19.310287408745566, "elevation_band": "100-200m (foothill)", "exposed_years": 0, "max_exposure_pct": 0.0, "frequency_pct": 0.0, "flood_exclusion": "never_exposed", "distance_to_major_road_m": 1682.6893027383423, "distance_to_major_road_km": 1.6826893027383423, "road_access_band": "1-2km (good)", "distance_to_nearest_exposed_km": 0.40414814574997621, "nearby_exposed_habs": 3.0, "nearby_vulnerable_pop": 714.0, "amenities_score": 18.4, "suitability_score": 48.92, "suitability_class": "Low", "capacity_status": "Pending - requires LULC + land area + planning validation", "available_area_ha": null, "max_capacity_persons": null, "capacity_notes": "Carrying capacity calculation requires: (1) NRSC LULC data for land-use classification, (2) Available open land area from LULC + slope analysis, (3) GMDA planning zones and ownership validation, (4) Density assumptions from government norms. NOT CALCULATED - pending these datasets." }, "geometry": { "type": "Polygon", "coordinates": [ [ [ 91.881064364000054, 26.052608552000045 ], [ 91.880974382000062, 26.052212129000019 ], [ 91.880726764, 26.051752266000072 ], [ 91.880731596000061, 26.051488188000071 ], [ 91.880751049000068, 26.051282583000024 ], [ 91.880892915000075, 26.051013663000067 ], [ 91.881063247000043, 26.050844980000054 ], [ 91.881751163000033, 26.049936768000048 ], [ 91.88199929300005, 26.049690631000022 ], [ 91.88241572000004, 26.049438980000073 ], [ 91.883910031000056, 26.048586377000049 ], [ 91.884774979000028, 26.047977711000048 ], [ 91.886573901000105, 26.046589801000053 ], [ 91.887886279000071, 26.045668875000061 ], [ 91.889348743000099, 26.044834168 ], [ 91.891070109000054, 26.043905079000051 ], [ 91.893803835000114, 26.04281789300007 ], [ 91.896721749000051, 26.041955936000072 ], [ 91.899936557000046, 26.041175317000054 ], [ 91.90151752200002, 26.040780731 ], [ 91.901689704000063, 26.040561407000062 ], [ 91.901898680000031, 26.040188344000015 ], [ 91.901907348000037, 26.039817042000024 ], [ 91.902000153000074, 26.038699246000085 ], [ 91.902260571000042, 26.034890696 ], [ 91.902211736000083, 26.029178765 ], [ 91.902721565148141, 26.023019002425052 ], [ 91.900185777351766, 26.024645059422014 ], [ 91.897508883228426, 26.026536731185246 ], [ 91.898990982000043, 26.029887548000019 ], [ 91.899105841000051, 26.03159936900008 ], [ 91.898939745000078, 26.03395452500008 ], [ 91.898546896000084, 26.035222760000032 ], [ 91.897863812000054, 26.037119588000035 ], [ 91.897583525000044, 26.038046940000026 ], [ 91.897351616000037, 26.038398414000063 ], [ 91.897016836000049, 26.038749926000015 ], [ 91.896296108000101, 26.039419562 ], [ 91.896015559000062, 26.039632399000023 ], [ 91.895561341000047, 26.039933781000091 ], [ 91.895039642000057, 26.040183878 ], [ 91.89330370600004, 26.040699291000102 ], [ 91.892251202000082, 26.040841093000022 ], [ 91.891591984000073, 26.041027353000068 ], [ 91.890954294000068, 26.041041526000086 ], [ 91.889403145000074, 26.041079206000095 ], [ 91.886346734000043, 26.041063015000088 ], [ 91.883461952000104, 26.041036806000051 ], [ 91.881821205000051, 26.040973360000041 ], [ 91.880819157000104, 26.040780969000021 ], [ 91.880041597000073, 26.040579147000109 ], [ 91.879579623000041, 26.04022443600007 ], [ 91.873583776370268, 26.040817869948807 ], [ 91.872994018059558, 26.043653712948522 ], [ 91.872976509158647, 26.043737491092411 ], [ 91.872807819725111, 26.044543171230394 ], [ 91.872267126626639, 26.047655731127151 ], [ 91.871853354848469, 26.049401417741347 ], [ 91.871517406802909, 26.050138841134629 ], [ 91.871278562155993, 26.050878466068372 ], [ 91.872674480000072, 26.051887109000038 ], [ 91.873740119000047, 26.052420319000102 ], [ 91.874579580000045, 26.052883973000096 ], [ 91.87542853100004, 26.053371369000011 ], [ 91.876353405, 26.053788883 ], [ 91.876726315000042, 26.053893019 ], [ 91.878036717000015, 26.054342866000102 ], [ 91.878961578000059, 26.053810987000059 ], [ 91.880405805000095, 26.052979449000091 ], [ 91.881064364000054, 26.052608552000045 ] ] ] } },
{ "type": "Feature", "properties": { "candidate_id": "RC-066", "pc11_tv_id": "303474", "tv_name": "Ambher N.C.", "TOT_P": 277, "P_06": 56, "P_SC": 0, "P_ST": 214, "elevation_m": 207.0, "slope_deg": 20.136303428248134, "elevation_band": "200-500m (upland)", "exposed_years": 0, "max_exposure_pct": 0.0, "frequency_pct": 0.0, "flood_exclusion": "never_exposed", "distance_to_major_road_m": 1223.6806164726329, "distance_to_major_road_km": 1.2236806164726328, "road_access_band": "1-2km (good)", "distance_to_nearest_exposed_km": 1.894292693502609, "nearby_exposed_habs": 6.0, "nearby_vulnerable_pop": 2742.0, "amenities_score": 0.0, "suitability_score": 48.9, "suitability_class": "Low", "capacity_status": "Pending - requires LULC + land area + planning validation", "available_area_ha": null, "max_capacity_persons": null, "capacity_notes": "Carrying capacity calculation requires: (1) NRSC LULC data for land-use classification, (2) Available open land area from LULC + slope analysis, (3) GMDA planning zones and ownership validation, (4) Density assumptions from government norms. NOT CALCULATED - pending these datasets." }, "geometry": { "type": "Polygon", "coordinates": [ [ [ 91.897812438000074, 26.092978629000072 ], [ 91.896720119000065, 26.092678472000046 ], [ 91.896229380000079, 26.092437812000071 ], [ 91.895524555000065, 26.092005236000034 ], [ 91.894960385000047, 26.091408392000062 ], [ 91.894656369000074, 26.090949033000072 ], [ 91.893453344000079, 26.088872885000058 ], [ 91.892627101000073, 26.086898381000026 ], [ 91.891331436000087, 26.083611490000067 ], [ 91.890848443000039, 26.081834161000074 ], [ 91.890356824000037, 26.078541596000036 ], [ 91.88998177600007, 26.075640220000025 ], [ 91.889394105000065, 26.070901714000058 ], [ 91.889103520000049, 26.069231892000062 ], [ 91.888971980000065, 26.068875780000042 ], [ 91.888497161000032, 26.068012061000047 ], [ 91.886962977000053, 26.067769666000061 ], [ 91.883546725000031, 26.06693298700003 ], [ 91.882199980000053, 26.066641136000044 ], [ 91.881791331000045, 26.066605319000075 ], [ 91.881853130000081, 26.066786413000045 ], [ 91.881815154000037, 26.067436916000077 ], [ 91.881898185000068, 26.068005677000031 ], [ 91.882119638000063, 26.068576544000052 ], [ 91.883368442000062, 26.071135019000053 ], [ 91.883921082000086, 26.072509254000067 ], [ 91.884794434000071, 26.075048182000046 ], [ 91.885047808000081, 26.07597628700006 ], [ 91.88561737200007, 26.078062593000027 ], [ 91.885997797000073, 26.08022902600004 ], [ 91.885991412000067, 26.080680778000044 ], [ 91.885993266000071, 26.081582995000076 ], [ 91.885547751000047, 26.084066836000034 ], [ 91.885393226000076, 26.084589012000038 ], [ 91.885287765000044, 26.084787786000049 ], [ 91.88504985600008, 26.085033559000067 ], [ 91.88447263900008, 26.085506144000078 ], [ 91.885810778000064, 26.086406340000053 ], [ 91.887231486000076, 26.08755437800005 ], [ 91.888114292000068, 26.088336199000025 ], [ 91.888531266000086, 26.089012898000078 ], [ 91.888832582000077, 26.08964301900005 ], [ 91.888887589000035, 26.089946332000068 ], [ 91.888884219000033, 26.090285614000038 ], [ 91.888787833000038, 26.091178053000078 ], [ 91.888755342000081, 26.091598049000027 ], [ 91.888680439000041, 26.091865075000044 ], [ 91.888428154000053, 26.092079585000079 ], [ 91.886347046000083, 26.093215409000038 ], [ 91.887325790000034, 26.09355693200007 ], [ 91.888168675000031, 26.093941058000041 ], [ 91.888887923000084, 26.094307024000045 ], [ 91.889403853000033, 26.094637667000029 ], [ 91.88984130700004, 26.094919517000051 ], [ 91.890353899000047, 26.095562981000057 ], [ 91.891288305000046, 26.097070030000054 ], [ 91.89210614700005, 26.098578911000061 ], [ 91.892376366000065, 26.098650232000068 ], [ 91.892645365000078, 26.098735404000024 ], [ 91.893171634000055, 26.099007635000078 ], [ 91.894407034000039, 26.09970226400003 ], [ 91.895001740000055, 26.100132385000052 ], [ 91.895424947000038, 26.09964737100006 ], [ 91.895646993000071, 26.099189663000061 ], [ 91.895963506000044, 26.098545890000025 ], [ 91.896138954000037, 26.098024722000048 ], [ 91.896289998000043, 26.096935943000062 ], [ 91.896798978000049, 26.095428835000064 ], [ 91.897181367000087, 26.094227042000057 ], [ 91.897812438000074, 26.092978629000072 ] ] ] } },
{ "type": "Feature", "properties": { "candidate_id": "RC-067", "pc11_tv_id": "303483", "tv_name": "Barni", "TOT_P": 882, "P_06": 116, "P_SC": 64, "P_ST": 50, "elevation_m": 102.0, "slope_deg": 14.763132623631552, "elevation_band": "100-200m (foothill)", "exposed_years": 0, "max_exposure_pct": 0.0, "frequency_pct": 0.0, "flood_exclusion": "never_exposed", "distance_to_major_road_m": 194.02727050609295, "distance_to_major_road_km": 0.19402727050609295, "road_access_band": "<1km (excellent)", "distance_to_nearest_exposed_km": 0.4815497221684189, "nearby_exposed_habs": 3.0, "nearby_vulnerable_pop": 714.0, "amenities_score": 18.4, "suitability_score": 48.64, "suitability_class": "Low", "capacity_status": "Pending - requires LULC + land area + planning validation", "available_area_ha": null, "max_capacity_persons": null, "capacity_notes": "Carrying capacity calculation requires: (1) NRSC LULC data for land-use classification, (2) Available open land area from LULC + slope analysis, (3) GMDA planning zones and ownership validation, (4) Density assumptions from government norms. NOT CALCULATED - pending these datasets." }, "geometry": { "type": "Polygon", "coordinates": [ [ [ 91.884252977000088, 26.059281891000108 ], [ 91.884332412000091, 26.059267980000111 ], [ 91.884759471000081, 26.059338626000095 ], [ 91.884712418000092, 26.059043310000085 ], [ 91.884636006000079, 26.058880838000054 ], [ 91.88447975900003, 26.058633745000037 ], [ 91.883597288000018, 26.057699831000036 ], [ 91.88178870000003, 26.055877923000015 ], [ 91.881391609000048, 26.055543247000035 ], [ 91.880751830000037, 26.055229564000015 ], [ 91.879670818000037, 26.054804430000011 ], [ 91.878036717000015, 26.054342866000102 ], [ 91.876726315000042, 26.053893019 ], [ 91.876353405, 26.053788883 ], [ 91.87542853100004, 26.053371369000011 ], [ 91.874579580000045, 26.052883973000096 ], [ 91.873740119000047, 26.052420319000102 ], [ 91.872674480000072, 26.051887109000038 ], [ 91.871278562155993, 26.050878466068372 ], [ 91.869347071110496, 26.056859660045362 ], [ 91.869665156821597, 26.057519632924731 ], [ 91.870541431042255, 26.059340286125376 ], [ 91.872041880628345, 26.06245626344581 ], [ 91.87202081490878, 26.063180602602731 ], [ 91.875100783, 26.063479264000033 ], [ 91.879807674000077, 26.063812863000102 ], [ 91.880357772000124, 26.063825448000078 ], [ 91.882987510000106, 26.063888034000016 ], [ 91.883224122000058, 26.063876577000045 ], [ 91.883402080000025, 26.063819960000068 ], [ 91.883545700000099, 26.063696336000053 ], [ 91.883666222000045, 26.063584531000039 ], [ 91.883751028000034, 26.063427345 ], [ 91.884074817000098, 26.059648991000106 ], [ 91.884108337000029, 26.059515388000065 ], [ 91.884152994, 26.059339829000105 ], [ 91.884252977000088, 26.059281891000108 ] ] ] } },
{ "type": "Feature", "properties": { "candidate_id": "RC-068", "pc11_tv_id": "303472", "tv_name": "Maragdola N.C.", "TOT_P": 297, "P_06": 35, "P_SC": 0, "P_ST": 5, "elevation_m": 176.0, "slope_deg": 23.273326481355983, "elevation_band": "100-200m (foothill)", "exposed_years": 0, "max_exposure_pct": 0.0, "frequency_pct": 0.0, "flood_exclusion": "never_exposed", "distance_to_major_road_m": 628.42539097246458, "distance_to_major_road_km": 0.62842539097246464, "road_access_band": "<1km (excellent)", "distance_to_nearest_exposed_km": 0.95154941800502402, "nearby_exposed_habs": 8.0, "nearby_vulnerable_pop": 5545.0, "amenities_score": 0.0, "suitability_score": 48.27, "suitability_class": "Low", "capacity_status": "Pending - requires LULC + land area + planning validation", "available_area_ha": null, "max_capacity_persons": null, "capacity_notes": "Carrying capacity calculation requires: (1) NRSC LULC data for land-use classification, (2) Available open land area from LULC + slope analysis, (3) GMDA planning zones and ownership validation, (4) Density assumptions from government norms. NOT CALCULATED - pending these datasets." }, "geometry": { "type": "Polygon", "coordinates": [ [ [ 91.900527885000031, 26.069247269000073 ], [ 91.898908517000052, 26.067777652000075 ], [ 91.898415639000063, 26.067334607000078 ], [ 91.897147528000062, 26.06650054000005 ], [ 91.894836462000058, 26.064802222000026 ], [ 91.893007041000033, 26.063444324000045 ], [ 91.892185734000066, 26.062728806000052 ], [ 91.892002688000048, 26.062612806000061 ], [ 91.891892498000061, 26.062612037000065 ], [ 91.891842600000075, 26.062611694000054 ], [ 91.891782633000048, 26.062652506000063 ], [ 91.891685345000042, 26.062807629000076 ], [ 91.892527935000032, 26.06386500900004 ], [ 91.89279657600008, 26.064201515000036 ], [ 91.892939323000064, 26.064545851000048 ], [ 91.892933976000052, 26.064860273000079 ], [ 91.892919056000039, 26.065127246000031 ], [ 91.892668164000042, 26.065954742000031 ], [ 91.892034934000037, 26.067601961000037 ], [ 91.891907439000079, 26.067771745000073 ], [ 91.891726141000049, 26.067927559000054 ], [ 91.891476717000046, 26.06805520100005 ], [ 91.890980673000058, 26.068074086000024 ], [ 91.889549077000083, 26.068091132000063 ], [ 91.888944151000032, 26.068082587000049 ], [ 91.888497161000032, 26.068012061000047 ], [ 91.888971980000065, 26.068875780000042 ], [ 91.889103520000049, 26.069231892000062 ], [ 91.889394105000065, 26.070901714000058 ], [ 91.88998177600007, 26.075640220000025 ], [ 91.890356824000037, 26.078541596000036 ], [ 91.890848443000039, 26.081834161000074 ], [ 91.891331436000087, 26.083611490000067 ], [ 91.892627101000073, 26.086898381000026 ], [ 91.893453344000079, 26.088872885000058 ], [ 91.894656369000074, 26.090949033000072 ], [ 91.894960385000047, 26.091408392000062 ], [ 91.895524555000065, 26.092005236000034 ], [ 91.896229380000079, 26.092437812000071 ], [ 91.896720119000065, 26.092678472000046 ], [ 91.897812438000074, 26.092978629000072 ], [ 91.89811919400006, 26.092740217000028 ], [ 91.898319916000048, 26.092513097000051 ], [ 91.898406083000054, 26.092317752000042 ], [ 91.898505555000042, 26.091843332000053 ], [ 91.898843513000031, 26.090485916000034 ], [ 91.899482427000066, 26.088187280000056 ], [ 91.899838689000035, 26.086622908000038 ], [ 91.900078830000041, 26.084900730000072 ], [ 91.900308634000055, 26.083613231000072 ], [ 91.900500907000037, 26.083151373000078 ], [ 91.90085595100004, 26.082569644000046 ], [ 91.90137493800006, 26.081649523000067 ], [ 91.901664799000059, 26.080934035000041 ], [ 91.901952178000045, 26.080453254000076 ], [ 91.901542883000047, 26.079408865000062 ], [ 91.901481466000064, 26.079085698000029 ], [ 91.901636944000074, 26.078489049000041 ], [ 91.902062768000064, 26.076792561000047 ], [ 91.90238005100008, 26.075945700000034 ], [ 91.902587725000046, 26.075539657000036 ], [ 91.902857401000063, 26.07501951100005 ], [ 91.903618364000067, 26.074136922000037 ], [ 91.904042815000082, 26.073800528000049 ], [ 91.904314929000066, 26.073584733000075 ], [ 91.904436271000066, 26.073392635000062 ], [ 91.90446330900005, 26.073196001000042 ], [ 91.904467252000074, 26.072952856000029 ], [ 91.904458189000081, 26.072744673000045 ], [ 91.903237001000036, 26.071812581000074 ], [ 91.900527885000031, 26.069247269000073 ] ] ] } },
{ "type": "Feature", "properties": { "candidate_id": "RC-069", "pc11_tv_id": "303532", "tv_name": "Teteliguri N.C.", "TOT_P": 438, "P_06": 51, "P_SC": 0, "P_ST": 0, "elevation_m": 87.0, "slope_deg": 25.239401820678914, "elevation_band": "50-100m (low)", "exposed_years": 0, "max_exposure_pct": 0.0, "frequency_pct": 0.0, "flood_exclusion": "never_exposed", "distance_to_major_road_m": 792.62276771121867, "distance_to_major_road_km": 0.79262276771121865, "road_access_band": "<1km (excellent)", "distance_to_nearest_exposed_km": 0.52334052444725843, "nearby_exposed_habs": 17.0, "nearby_vulnerable_pop": 19726.0, "amenities_score": 18.4, "suitability_score": 47.44, "suitability_class": "Low", "capacity_status": "Pending - requires LULC + land area + planning validation", "available_area_ha": null, "max_capacity_persons": null, "capacity_notes": "Carrying capacity calculation requires: (1) NRSC LULC data for land-use classification, (2) Available open land area from LULC + slope analysis, (3) GMDA planning zones and ownership validation, (4) Density assumptions from government norms. NOT CALCULATED - pending these datasets." }, "geometry": { "type": "Polygon", "coordinates": [ [ [ 92.030215526000063, 26.122527577000028 ], [ 92.031091180000033, 26.121558228000026 ], [ 92.031609821000075, 26.12114155200004 ], [ 92.032364774000087, 26.120341240000073 ], [ 92.032589875000042, 26.120206735000068 ], [ 92.033045879000042, 26.120025927000029 ], [ 92.034692948000043, 26.119389022000064 ], [ 92.035600360000046, 26.119121377000056 ], [ 92.036448753000059, 26.118994244000078 ], [ 92.037408446000086, 26.118931245000056 ], [ 92.03846307200007, 26.118914439000037 ], [ 92.039682258000084, 26.119039665000059 ], [ 92.040208244000041, 26.119090285000027 ], [ 92.040554506000035, 26.119227856000066 ], [ 92.04082337300008, 26.119327120000037 ], [ 92.04105983900007, 26.11940372600003 ], [ 92.040956961000063, 26.11912327400006 ], [ 92.040886852000085, 26.118880520000062 ], [ 92.040728669000032, 26.118550920000075 ], [ 92.040370774000053, 26.118151922000038 ], [ 92.039551876000075, 26.117370755000024 ], [ 92.037844426000049, 26.115817521000054 ], [ 92.035971110000048, 26.114234319000047 ], [ 92.035161484000071, 26.113392404000024 ], [ 92.033691303000069, 26.112218407000057 ], [ 92.032198246000064, 26.110678956000072 ], [ 92.03055446500008, 26.109301377000065 ], [ 92.02888149100005, 26.107985332000055 ], [ 92.027982157000054, 26.107346560000053 ], [ 92.027705642000058, 26.107210957000063 ], [ 92.027579692000074, 26.107190967000065 ], [ 92.027410218000057, 26.10720685900003 ], [ 92.027254730000038, 26.107261724000068 ], [ 92.027074160000041, 26.107433031000028 ], [ 92.026675718000035, 26.107956519000027 ], [ 92.026466569000036, 26.108980963000079 ], [ 92.02634822300007, 26.109411007000062 ], [ 92.026090365000073, 26.109905454000057 ], [ 92.025863757000081, 26.110409295000068 ], [ 92.025443199000051, 26.111595933000046 ], [ 92.025219402000062, 26.112263919000043 ], [ 92.024895743000059, 26.112776987000075 ], [ 92.024516391000077, 26.113350551000053 ], [ 92.023668770000086, 26.11431628400004 ], [ 92.023721402000035, 26.115301728000077 ], [ 92.023595682000064, 26.117345028000045 ], [ 92.023481070000059, 26.118372140000076 ], [ 92.023548752000067, 26.118763902000069 ], [ 92.023621433000073, 26.119061048000049 ], [ 92.023733630000038, 26.119387923000033 ], [ 92.023918931000082, 26.119667671000059 ], [ 92.02536596300007, 26.120803911000053 ], [ 92.027218944000083, 26.121959865000065 ], [ 92.02800675900005, 26.122336578000045 ], [ 92.028343567000036, 26.122361507000051 ], [ 92.02892214600007, 26.122349556000074 ], [ 92.029686456000036, 26.122350253000036 ], [ 92.029966071000047, 26.122407826000028 ], [ 92.030215526000063, 26.122527577000028 ] ] ] } },
{ "type": "Feature", "properties": { "candidate_id": "RC-070", "pc11_tv_id": "303513", "tv_name": "Gomaria N.C.", "TOT_P": 78, "P_06": 6, "P_SC": 0, "P_ST": 0, "elevation_m": 80.0, "slope_deg": 19.12710170142385, "elevation_band": "50-100m (low)", "exposed_years": 0, "max_exposure_pct": 0.0, "frequency_pct": 0.0, "flood_exclusion": "never_exposed", "distance_to_major_road_m": 38.987831560748774, "distance_to_major_road_km": 0.038987831560748774, "road_access_band": "<1km (excellent)", "distance_to_nearest_exposed_km": 0.46484403510230732, "nearby_exposed_habs": 25.0, "nearby_vulnerable_pop": 28082.0, "amenities_score": 0.0, "suitability_score": 46.84, "suitability_class": "Low", "capacity_status": "Pending - requires LULC + land area + planning validation", "available_area_ha": null, "max_capacity_persons": null, "capacity_notes": "Carrying capacity calculation requires: (1) NRSC LULC data for land-use classification, (2) Available open land area from LULC + slope analysis, (3) GMDA planning zones and ownership validation, (4) Density assumptions from government norms. NOT CALCULATED - pending these datasets." }, "geometry": { "type": "Polygon", "coordinates": [ [ [ 92.020380276000083, 26.162478513000053 ], [ 92.020899520000057, 26.162788281000076 ], [ 92.022312514000077, 26.163600836000057 ], [ 92.023019257000044, 26.164098625000065 ], [ 92.023954676000074, 26.164912607000076 ], [ 92.024329051000052, 26.165404352000053 ], [ 92.024523342000066, 26.16577828800007 ], [ 92.024698670000078, 26.166082634000077 ], [ 92.025611966000042, 26.16698089700003 ], [ 92.026137928000082, 26.167823701000032 ], [ 92.027112419000048, 26.16921768900005 ], [ 92.027516525000067, 26.169885561000058 ], [ 92.027804425000056, 26.169794547000038 ], [ 92.028501081000059, 26.169604651000043 ], [ 92.02871637700008, 26.169590042000038 ], [ 92.028822772000069, 26.169633245000057 ], [ 92.028876191000052, 26.169683946000077 ], [ 92.029125902000033, 26.170145528000035 ], [ 92.029278358000056, 26.169659326000044 ], [ 92.029375692000031, 26.16915709500006 ], [ 92.029496086000051, 26.168304849000037 ], [ 92.029675990000044, 26.167864746000078 ], [ 92.030280691000087, 26.166818364000051 ], [ 92.030664564000062, 26.166120474000024 ], [ 92.030950092000069, 26.164944081000044 ], [ 92.031039164000049, 26.164257097000075 ], [ 92.03130739900007, 26.161658403000047 ], [ 92.031430385000078, 26.159809601000063 ], [ 92.03173884000006, 26.157544878000067 ], [ 92.031825811000033, 26.157286261000024 ], [ 92.031936082000072, 26.157134317000043 ], [ 92.032219611000073, 26.156810239000038 ], [ 92.031981213000051, 26.15682410200003 ], [ 92.031839590000061, 26.156823193000037 ], [ 92.031098262000057, 26.156953514000065 ], [ 92.030599125000037, 26.157007404000069 ], [ 92.028910106000069, 26.157053193000024 ], [ 92.02766779600006, 26.157004293000057 ], [ 92.026896582000063, 26.156910650000043 ], [ 92.026198956000087, 26.156779486000062 ], [ 92.025123541000085, 26.156480751000061 ], [ 92.023088822000034, 26.15594513800005 ], [ 92.022248522000041, 26.155747550000058 ], [ 92.021486253000035, 26.158370150000053 ], [ 92.02067777700006, 26.161669609000057 ], [ 92.020510502000036, 26.162093664000054 ], [ 92.020380276000083, 26.162478513000053 ] ] ] } },
{ "type": "Feature", "properties": { "candidate_id": "RC-071", "pc11_tv_id": "303487", "tv_name": "Bhakuagog N C", "TOT_P": 184, "P_06": 32, "P_SC": 0, "P_ST": 6, "elevation_m": 69.0, "slope_deg": 5.1287115094832521, "elevation_band": "50-100m (low)", "exposed_years": 0, "max_exposure_pct": 0.0, "frequency_pct": 0.0, "flood_exclusion": "never_exposed", "distance_to_major_road_m": 3242.9949849309396, "distance_to_major_road_km": 3.2429949849309394, "road_access_band": "2-5km (moderate)", "distance_to_nearest_exposed_km": 0.45355860817868732, "nearby_exposed_habs": 15.0, "nearby_vulnerable_pop": 10064.0, "amenities_score": 0.0, "suitability_score": 46.52, "suitability_class": "Low", "capacity_status": "Pending - requires LULC + land area + planning validation", "available_area_ha": null, "max_capacity_persons": null, "capacity_notes": "Carrying capacity calculation requires: (1) NRSC LULC data for land-use classification, (2) Available open land area from LULC + slope analysis, (3) GMDA planning zones and ownership validation, (4) Density assumptions from government norms. NOT CALCULATED - pending these datasets." }, "geometry": { "type": "Polygon", "coordinates": [ [ [ 91.978563938000036, 26.073865246000025 ], [ 91.97763397500006, 26.07319024800006 ], [ 91.974106224000082, 26.071145227000045 ], [ 91.972095176000039, 26.070217208000031 ], [ 91.968571819000033, 26.068574363000039 ], [ 91.964442770000062, 26.066834679000067 ], [ 91.963660820000086, 26.066486805000068 ], [ 91.962992153000073, 26.066314332000047 ], [ 91.961882255000035, 26.066220921000024 ], [ 91.96036255100006, 26.066193222000038 ], [ 91.960622761000081, 26.066722369000047 ], [ 91.960727392000081, 26.067030745000068 ], [ 91.96091904900004, 26.068164421000063 ], [ 91.961027926000042, 26.070338605000074 ], [ 91.961169569000049, 26.072674581000058 ], [ 91.961255616000074, 26.07346430900003 ], [ 91.961145251000062, 26.07419414900005 ], [ 91.961997198000063, 26.074322102000053 ], [ 91.962329323000063, 26.074435398000048 ], [ 91.963142273000074, 26.074851555000066 ], [ 91.965667661000055, 26.07612432600007 ], [ 91.968394511000042, 26.077256526000042 ], [ 91.972371192000082, 26.078833178000025 ], [ 91.973271288000035, 26.079152701000055 ], [ 91.973349882000036, 26.079216461000044 ], [ 91.97345062800008, 26.079341358000079 ], [ 91.973529212000074, 26.079503114000033 ], [ 91.973574627000062, 26.079847963000077 ], [ 91.97352955000008, 26.080485645000067 ], [ 91.973546749000036, 26.080615011000077 ], [ 91.973850776000063, 26.080376357000034 ], [ 91.974136141000031, 26.079998802000034 ], [ 91.974628394000035, 26.079228016000059 ], [ 91.975491878000071, 26.078109340000026 ], [ 91.976155151000057, 26.077311192000025 ], [ 91.976610134000055, 26.076773520000074 ], [ 91.977075093000053, 26.07621027700003 ], [ 91.977722855000081, 26.075297124000031 ], [ 91.978239836000057, 26.074418157000025 ], [ 91.978563938000036, 26.073865246000025 ] ] ] } },
{ "type": "Feature", "properties": { "candidate_id": "RC-072", "pc11_tv_id": "303468", "tv_name": "Ambher Gaon", "TOT_P": 1170, "P_06": 192, "P_SC": 13, "P_ST": 458, "elevation_m": 85.0, "slope_deg": 17.594079543115168, "elevation_band": "50-100m (low)", "exposed_years": 0, "max_exposure_pct": 0.0, "frequency_pct": 0.0, "flood_exclusion": "never_exposed", "distance_to_major_road_m": 364.74635187795491, "distance_to_major_road_km": 0.3647463518779549, "road_access_band": "<1km (excellent)", "distance_to_nearest_exposed_km": 2.9065951466272324, "nearby_exposed_habs": 4.0, "nearby_vulnerable_pop": 2259.0, "amenities_score": 18.4, "suitability_score": 45.58, "suitability_class": "Low", "capacity_status": "Pending - requires LULC + land area + planning validation", "available_area_ha": null, "max_capacity_persons": null, "capacity_notes": "Carrying capacity calculation requires: (1) NRSC LULC data for land-use classification, (2) Available open land area from LULC + slope analysis, (3) GMDA planning zones and ownership validation, (4) Density assumptions from government norms. NOT CALCULATED - pending these datasets." }, "geometry": { "type": "Polygon", "coordinates": [ [ [ 91.885810778000021, 26.086406340000064 ], [ 91.884472639000052, 26.085506144000099 ], [ 91.884089157000034, 26.085621306000036 ], [ 91.882004438000124, 26.085913059000106 ], [ 91.878322826000058, 26.086150064 ], [ 91.876746999000062, 26.086402553000017 ], [ 91.875302317847755, 26.086665883423883 ], [ 91.875332696946458, 26.086870715711015 ], [ 91.873775981276566, 26.091087947950527 ], [ 91.877650685000049, 26.092376993000073 ], [ 91.879666908000075, 26.092451343 ], [ 91.882388368000093, 26.092686378000092 ], [ 91.884837241000028, 26.092874774000048 ], [ 91.886347046000068, 26.093215409000077 ], [ 91.888428154000053, 26.092079585000068 ], [ 91.888680439000041, 26.091865075000083 ], [ 91.88875534200011, 26.091598049000016 ], [ 91.888787833000052, 26.091178053000082 ], [ 91.888884219000033, 26.090285614000049 ], [ 91.888887589000049, 26.089946332000043 ], [ 91.888832582000106, 26.089643019000082 ], [ 91.888531266000058, 26.089012898000082 ], [ 91.888114292000097, 26.088336199000047 ], [ 91.887231486000061, 26.087554378000018 ], [ 91.885810778000021, 26.086406340000064 ] ] ] } },
{ "type": "Feature", "properties": { "candidate_id": "RC-073", "pc11_tv_id": "303440", "tv_name": "Bozra", "TOT_P": 0, "P_06": 0, "P_SC": 0, "P_ST": 0, "elevation_m": 76.0, "slope_deg": 3.4389123953782974, "elevation_band": "50-100m (low)", "exposed_years": 0, "max_exposure_pct": 0.0, "frequency_pct": 0.0, "flood_exclusion": "never_exposed", "distance_to_major_road_m": 1232.690049307369, "distance_to_major_road_km": 1.2326900493073689, "road_access_band": "1-2km (good)", "distance_to_nearest_exposed_km": 1.4109583051132395, "nearby_exposed_habs": 0.0, "nearby_vulnerable_pop": 0.0, "amenities_score": 0.0, "suitability_score": 44.58, "suitability_class": "Low", "capacity_status": "Pending - requires LULC + land area + planning validation", "available_area_ha": null, "max_capacity_persons": null, "capacity_notes": "Carrying capacity calculation requires: (1) NRSC LULC data for land-use classification, (2) Available open land area from LULC + slope analysis, (3) GMDA planning zones and ownership validation, (4) Density assumptions from government norms. NOT CALCULATED - pending these datasets." }, "geometry": { "type": "Polygon", "coordinates": [ [ [ 91.870349669000092, 26.14075359000001 ], [ 91.868737064000072, 26.139728078000068 ], [ 91.866431007000045, 26.138544031000066 ], [ 91.864538794000069, 26.137583734000014 ], [ 91.862912334000058, 26.136970317000063 ], [ 91.862326698000089, 26.136782385000057 ], [ 91.861856961000043, 26.13651692100003 ], [ 91.860943394000032, 26.135714653 ], [ 91.858991690000025, 26.134290467000021 ], [ 91.856933960000035, 26.132805937000025 ], [ 91.855433122000107, 26.131896724000026 ], [ 91.854416915000044, 26.131537671000071 ], [ 91.853212263000032, 26.131148500000023 ], [ 91.852065404000086, 26.130921174000044 ], [ 91.851023826000059, 26.130824837000066 ], [ 91.849712772726292, 26.130637877835827 ], [ 91.849783632109009, 26.131059658076783 ], [ 91.85022040224986, 26.132500705643125 ], [ 91.850372804061649, 26.133604766446883 ], [ 91.850919477651786, 26.13717831162985 ], [ 91.851199599382127, 26.138543235182254 ], [ 91.851616206722582, 26.140043951866954 ], [ 91.851757783395001, 26.140780192651825 ], [ 91.851934418338743, 26.142571394854031 ], [ 91.852004175152587, 26.143996653922486 ], [ 91.85208829503884, 26.146288848651533 ], [ 91.852740103000045, 26.146077817 ], [ 91.853393236000073, 26.145834891000064 ], [ 91.854426545000052, 26.145345561000077 ], [ 91.856370674000061, 26.144510702000012 ], [ 91.859096623000084, 26.143641311000021 ], [ 91.86017836200007, 26.143325982000043 ], [ 91.863081454000024, 26.142646273000025 ], [ 91.865806718000087, 26.142055246000062 ], [ 91.868667397000081, 26.141334971000063 ], [ 91.869743664000055, 26.141029430000096 ], [ 91.870349669000092, 26.14075359000001 ] ] ] } },
{ "type": "Feature", "properties": { "candidate_id": "RC-074", "pc11_tv_id": "303542", "tv_name": "Tegharia N.C.", "TOT_P": 0, "P_06": 0, "P_SC": 0, "P_ST": 0, "elevation_m": 79.0, "slope_deg": 11.648634944412734, "elevation_band": "50-100m (low)", "exposed_years": 0, "max_exposure_pct": 0.0, "frequency_pct": 0.0, "flood_exclusion": "never_exposed", "distance_to_major_road_m": 2365.2720284166512, "distance_to_major_road_km": 2.3652720284166513, "road_access_band": "2-5km (moderate)", "distance_to_nearest_exposed_km": 0.79944994064724928, "nearby_exposed_habs": 11.0, "nearby_vulnerable_pop": 7984.0, "amenities_score": 0.0, "suitability_score": 44.3, "suitability_class": "Low", "capacity_status": "Pending - requires LULC + land area + planning validation", "available_area_ha": null, "max_capacity_persons": null, "capacity_notes": "Carrying capacity calculation requires: (1) NRSC LULC data for land-use classification, (2) Available open land area from LULC + slope analysis, (3) GMDA planning zones and ownership validation, (4) Density assumptions from government norms. NOT CALCULATED - pending these datasets." }, "geometry": { "type": "Polygon", "coordinates": [ [ [ 92.042840188000071, 26.096228691000078 ], [ 92.041023881000058, 26.096390271000075 ], [ 92.034853858000076, 26.09797954000004 ], [ 92.030859758000076, 26.099114381000049 ], [ 92.027660401000048, 26.099877994000053 ], [ 92.02688745200004, 26.100081225000054 ], [ 92.026610315000084, 26.100092005000079 ], [ 92.02685778700004, 26.101130227000056 ], [ 92.026878484000065, 26.101476185000024 ], [ 92.02687317200008, 26.101668446000076 ], [ 92.026824407000049, 26.101826220000078 ], [ 92.026768558000072, 26.101932701000067 ], [ 92.027213454000048, 26.102104926000038 ], [ 92.030578951000052, 26.103078974000027 ], [ 92.033293025000035, 26.103779613000029 ], [ 92.034377046000031, 26.104053028000067 ], [ 92.035158808000062, 26.104401544000041 ], [ 92.037023164000061, 26.105291304000048 ], [ 92.038005908000059, 26.10487581600006 ], [ 92.038501693000057, 26.104763197000068 ], [ 92.039170970000043, 26.104785092000043 ], [ 92.039553419000072, 26.104817777000051 ], [ 92.040517967000085, 26.105065742000079 ], [ 92.042247942000074, 26.105331458000023 ], [ 92.044660141000065, 26.105856292000055 ], [ 92.046293170000069, 26.106252847000064 ], [ 92.046146939000039, 26.105677952000065 ], [ 92.045477248000054, 26.103866305000054 ], [ 92.044981320000034, 26.102157931000079 ], [ 92.04442507400006, 26.099707446000025 ], [ 92.04401720900006, 26.097713116000023 ], [ 92.043875898000067, 26.09740411100006 ], [ 92.04331832400004, 26.096776374000058 ], [ 92.042840188000071, 26.096228691000078 ] ] ] } },
{ "type": "Feature", "properties": { "candidate_id": "RC-075", "pc11_tv_id": "303460", "tv_name": "Batakuchi N.C.", "TOT_P": 0, "P_06": 0, "P_SC": 0, "P_ST": 0, "elevation_m": 108.0, "slope_deg": 25.197913740371355, "elevation_band": "100-200m (foothill)", "exposed_years": 0, "max_exposure_pct": 0.0, "frequency_pct": 0.0, "flood_exclusion": "never_exposed", "distance_to_major_road_m": 1694.1805922786548, "distance_to_major_road_km": 1.6941805922786548, "road_access_band": "1-2km (good)", "distance_to_nearest_exposed_km": 0.14127558299588405, "nearby_exposed_habs": 16.0, "nearby_vulnerable_pop": 22742.0, "amenities_score": 0.0, "suitability_score": 42.96, "suitability_class": "Low", "capacity_status": "Pending - requires LULC + land area + planning validation", "available_area_ha": null, "max_capacity_persons": null, "capacity_notes": "Carrying capacity calculation requires: (1) NRSC LULC data for land-use classification, (2) Available open land area from LULC + slope analysis, (3) GMDA planning zones and ownership validation, (4) Density assumptions from government norms. NOT CALCULATED - pending these datasets." }, "geometry": { "type": "Polygon", "coordinates": [ [ [ 91.951340182000081, 26.137105662000067 ], [ 91.951112219000038, 26.135964648000027 ], [ 91.950957678000066, 26.135535602000061 ], [ 91.950846560000059, 26.135252373000071 ], [ 91.950852109000039, 26.135084576000054 ], [ 91.950860030000058, 26.134845856000027 ], [ 91.950918343000069, 26.134662347000074 ], [ 91.950771878000069, 26.134659125000042 ], [ 91.950221662000047, 26.13480555700005 ], [ 91.949593137000079, 26.134908880000069 ], [ 91.949202939000031, 26.134910122000065 ], [ 91.947978384000066, 26.134870051000064 ], [ 91.946306388000039, 26.135012833000076 ], [ 91.939389446000064, 26.134835625000051 ], [ 91.935147372000074, 26.134800123000048 ], [ 91.932234463000043, 26.134772739000027 ], [ 91.931469108000044, 26.134734536000053 ], [ 91.930858476000083, 26.134705934000067 ], [ 91.930540911000037, 26.134719769000071 ], [ 91.930344618000049, 26.134877278000033 ], [ 91.930485980000071, 26.134937259000026 ], [ 91.930827211000064, 26.135114360000046 ], [ 91.931534108000051, 26.135756463000064 ], [ 91.933010891000038, 26.137214218000054 ], [ 91.936304885000084, 26.14083177200007 ], [ 91.936772585000085, 26.141293387000076 ], [ 91.937289189000069, 26.140786202000072 ], [ 91.938045683000041, 26.13993795500005 ], [ 91.938943128000062, 26.138859773000036 ], [ 91.939480733000039, 26.138416489000065 ], [ 91.940136843000062, 26.13804099500004 ], [ 91.940974437000079, 26.137689374000047 ], [ 91.941550693000067, 26.137511369000038 ], [ 91.942454117000068, 26.137354781000056 ], [ 91.942831827000077, 26.137319558000058 ], [ 91.94527937600003, 26.137129006000066 ], [ 91.947010736000038, 26.137060654000038 ], [ 91.948906492000049, 26.137037809000049 ], [ 91.951340182000081, 26.137105662000067 ] ] ] } },
{ "type": "Feature", "properties": { "candidate_id": "RC-076", "pc11_tv_id": "303402", "tv_name": "Gog N.C.", "TOT_P": 199, "P_06": 23, "P_SC": 0, "P_ST": 121, "elevation_m": 141.0, "slope_deg": 31.244175851188185, "elevation_band": "100-200m (foothill)", "exposed_years": 0, "max_exposure_pct": 0.0, "frequency_pct": 0.0, "flood_exclusion": "never_exposed", "distance_to_major_road_m": 313.19678955079593, "distance_to_major_road_km": 0.31319678955079594, "road_access_band": "<1km (excellent)", "distance_to_nearest_exposed_km": 0.36747064501838661, "nearby_exposed_habs": 4.0, "nearby_vulnerable_pop": 3757.0, "amenities_score": 0.0, "suitability_score": 41.61, "suitability_class": "Low", "capacity_status": "Pending - requires LULC + land area + planning validation", "available_area_ha": null, "max_capacity_persons": null, "capacity_notes": "Carrying capacity calculation requires: (1) NRSC LULC data for land-use classification, (2) Available open land area from LULC + slope analysis, (3) GMDA planning zones and ownership validation, (4) Density assumptions from government norms. NOT CALCULATED - pending these datasets." }, "geometry": { "type": "Polygon", "coordinates": [ [ [ 91.72113326300007, 26.101299382000036 ], [ 91.721218285000077, 26.10065978800003 ], [ 91.721662148000064, 26.098819352000078 ], [ 91.722722798000063, 26.095281901000078 ], [ 91.72166973700007, 26.095198967000044 ], [ 91.719609304000073, 26.095031801000061 ], [ 91.718706395000083, 26.095064169000068 ], [ 91.716515061000052, 26.095290558000045 ], [ 91.714503643000057, 26.095769314000052 ], [ 91.71238052700005, 26.096531839000079 ], [ 91.711190402000057, 26.097128158000032 ], [ 91.712275694000084, 26.098098335000032 ], [ 91.714654789000065, 26.100259643000072 ], [ 91.715969629000085, 26.101169091000031 ], [ 91.717833331000065, 26.101843348000045 ], [ 91.71859637700004, 26.101980880000042 ], [ 91.718779683000037, 26.101974535000068 ], [ 91.719113793000076, 26.101962954000044 ], [ 91.71935469500005, 26.101905010000053 ], [ 91.72045862300007, 26.101407079000069 ], [ 91.720875017000083, 26.101310491000049 ], [ 91.721095365000053, 26.101302740000051 ], [ 91.72113326300007, 26.101299382000036 ] ] ] } }
]
}
